tid,lat_lon,date_time,day,poi,category,price,rating,weather,label
5184,40.9654169422336 -74.062883764218,1020,Tuesday,37593,Nightlife Spot,3,-999.0,Clear,185
5184,40.96532877881821 -74.0629239214116,1080,Tuesday,38260,Food,2,-999.0,Clear,185
5184,40.9653550190346 -74.06283213352809,1140,Tuesday,23852,Outdoors & Recreation,-999,-999.0,Clear,185
5184,40.96533795 -74.0628079,1260,Tuesday,37190,Nightlife Spot,-999,-999.0,Clouds,185
5184,40.9653558300157 -74.06285508050321,1320,Tuesday,2316,Nightlife Spot,3,-999.0,Clouds,185
5184,40.9653219428021 -74.0628034498054,1380,Tuesday,2861,Arts & Entertainment,-999,-999.0,Clouds,185
5184,40.9654169833333 -74.0629196833333,1380,Tuesday,34964,Outdoors & Recreation,-999,-999.0,Clouds,185
5184,40.9645718001334 -74.0664339065552,360,Wednesday,22829,Travel & Transport,-999,-999.0,Clouds,185
5184,40.96532877881821 -74.0629239214116,480,Wednesday,38260,Food,2,-999.0,Clear,185
5184,40.9653687333333 -74.06283225,600,Wednesday,13704,Food,3,8.8,Clear,185
5184,40.96533795 -74.0628079,720,Wednesday,37190,Nightlife Spot,-999,-999.0,Clear,185
5184,40.9653219428021 -74.0628034498054,780,Wednesday,2861,Arts & Entertainment,-999,-999.0,Clear,185
5184,40.96550875 -74.0628835833333,840,Wednesday,5747,Travel & Transport,-999,-999.0,Clear,185
5184,40.9653550190346 -74.06283213352809,900,Wednesday,23852,Outdoors & Recreation,-999,-999.0,Clear,185
5184,40.9654169833333 -74.0629196833333,1080,Wednesday,34964,Outdoors & Recreation,-999,-999.0,Clear,185
5184,40.9653687333333 -74.06283225,540,Friday,13704,Food,3,8.8,Clear,185
5184,40.9654169833333 -74.0629196833333,600,Friday,34964,Outdoors & Recreation,-999,-999.0,Clear,185
5184,40.9653558300157 -74.06285508050321,660,Friday,2316,Nightlife Spot,3,-999.0,Clear,185
5184,40.96532877881821 -74.0629239214116,540,Saturday,38260,Food,2,-999.0,Clear,185
5184,40.96533795 -74.0628079,600,Saturday,37190,Nightlife Spot,-999,-999.0,Clear,185
5184,40.96550875 -74.0628835833333,660,Saturday,5747,Travel & Transport,-999,-999.0,Clear,185
5184,40.9653219428021 -74.0628034498054,720,Saturday,2861,Arts & Entertainment,-999,-999.0,Clear,185
5184,40.9653687333333 -74.06283225,780,Saturday,13704,Food,3,8.8,Clear,185
5184,40.9653550190346 -74.06283213352809,840,Saturday,23852,Outdoors & Recreation,-999,-999.0,Clear,185
5184,40.9654169833333 -74.0629196833333,900,Saturday,34964,Outdoors & Recreation,-999,-999.0,Clear,185
5184,40.9652203988281 -74.063055866416,900,Saturday,36101,Travel & Transport,-999,-999.0,Clear,185
5184,40.94832653464661 -74.069767730049,960,Saturday,30342,Shop & Service,-999,7.1,Clear,185
5184,40.9489233795369 -74.069721837773,960,Saturday,21313,Professional & Other Places,-999,-999.0,Clear,185
5184,40.9654169422336 -74.062883764218,1020,Saturday,37593,Nightlife Spot,3,-999.0,Clear,185
5184,40.965810267788 -74.0676060318947,1320,Saturday,26293,Professional & Other Places,-999,-999.0,Clouds,185
5184,40.965367878674 -74.0628034498054,0,Sunday,6912,Food,2,7.4,Clouds,185
5184,40.9653582 -74.0628322333333,180,Sunday,14056,Food,2,-999.0,Clear,185
5184,40.9645718001334 -74.0664339065552,180,Sunday,22829,Travel & Transport,-999,-999.0,Clear,185
5184,40.9653310333333 -74.0627049,240,Sunday,11593,Food,2,-999.0,Clear,185
5184,40.966687865327 -74.0786362031987,540,Sunday,37401,Food,1,7.2,Clear,185
5184,40.967786 -74.0736896833333,600,Sunday,13429,Food,1,6.8,Clear,185
5184,40.9653558300157 -74.06285508050321,660,Sunday,2316,Nightlife Spot,3,-999.0,Clear,185
5184,40.96533795 -74.0628079,720,Sunday,37190,Nightlife Spot,-999,-999.0,Clear,185
5184,40.9653687333333 -74.06283225,1080,Sunday,13704,Food,3,8.8,Clear,185
5184,40.9653550190346 -74.06283213352809,1080,Sunday,23852,Outdoors & Recreation,-999,-999.0,Clear,185
5185,40.96532877881821 -74.0629239214116,480,Monday,38260,Food,2,-999.0,Clear,185
5185,40.9654169833333 -74.0629196833333,600,Monday,34964,Outdoors & Recreation,-999,-999.0,Clear,185
5185,40.96533795 -74.0628079,600,Monday,37190,Nightlife Spot,-999,-999.0,Clear,185
5185,40.965274096356296 -74.0626887148712,660,Monday,9938,Professional & Other Places,-999,-999.0,Clear,185
5185,40.9653550190346 -74.06283213352809,780,Monday,23852,Outdoors & Recreation,-999,-999.0,Clouds,185
5185,40.9653558300157 -74.06285508050321,780,Monday,2316,Nightlife Spot,3,-999.0,Clear,185
5185,40.9654169422336 -74.062883764218,840,Monday,37593,Nightlife Spot,3,-999.0,Clouds,185
5185,40.9653687333333 -74.06283225,900,Monday,13704,Food,3,8.8,Clouds,185
5185,40.9652203988281 -74.063055866416,1020,Monday,36101,Travel & Transport,-999,-999.0,Clouds,185
5185,40.965810267788 -74.0676060318947,1260,Monday,26293,Professional & Other Places,-999,-999.0,Clear,185
5185,40.965367878674 -74.0628034498054,1320,Monday,6912,Food,2,7.4,Clouds,185
5185,40.9681100152221 -74.05938718735509,1380,Monday,24621,Residence,-999,-999.0,Clouds,185
5185,40.9654169833333 -74.0629196833333,540,Tuesday,34964,Outdoors & Recreation,-999,-999.0,Clouds,185
5185,40.96533795 -74.0628079,660,Tuesday,37190,Nightlife Spot,-999,-999.0,Clouds,185
5185,40.9489233795369 -74.069721837773,780,Tuesday,21313,Professional & Other Places,-999,-999.0,Clouds,185
5185,40.967786 -74.0736896833333,1020,Tuesday,13429,Food,1,6.8,Clouds,185
5185,40.967883800882 -74.0736972148597,1020,Tuesday,10631,Professional & Other Places,-999,-999.0,Clouds,185
5185,40.95398175 -74.0724310833333,1080,Tuesday,7186,Professional & Other Places,-999,-999.0,Clouds,185
5185,40.9654169422336 -74.062883764218,1080,Tuesday,37593,Nightlife Spot,3,-999.0,Clouds,185
5185,40.9645718001334 -74.0664339065552,1380,Tuesday,22829,Travel & Transport,-999,-999.0,Clear,185
5185,40.965367878674 -74.0628034498054,0,Wednesday,6912,Food,2,7.4,Clear,185
5185,40.965810267788 -74.0676060318947,0,Wednesday,26293,Professional & Other Places,-999,-999.0,Clear,185
5185,40.96521460587429 -74.06837948377259,60,Wednesday,13086,Professional & Other Places,-999,-999.0,Clear,185
5185,40.9653558300157 -74.06285508050321,540,Wednesday,2316,Nightlife Spot,3,-999.0,Clouds,185
5185,40.96533795 -74.0628079,720,Wednesday,37190,Nightlife Spot,-999,-999.0,Clouds,185
5185,40.96521460587429 -74.06837948377259,780,Wednesday,13086,Professional & Other Places,-999,-999.0,Clouds,185
5185,40.9653219428021 -74.0628034498054,840,Wednesday,2861,Arts & Entertainment,-999,-999.0,Clouds,185
5185,40.9653550190346 -74.06283213352809,840,Wednesday,23852,Outdoors & Recreation,-999,-999.0,Clouds,185
5185,40.9653687333333 -74.06283225,900,Wednesday,13704,Food,3,8.8,Clouds,185
5185,40.9654169422336 -74.062883764218,1080,Wednesday,37593,Nightlife Spot,3,-999.0,Clouds,185
5185,40.9681100152221 -74.05938718735509,1200,Wednesday,24621,Residence,-999,-999.0,Clouds,185
5185,40.965810267788 -74.0676060318947,0,Thursday,26293,Professional & Other Places,-999,-999.0,Clouds,185
5185,40.9653558300157 -74.06285508050321,420,Thursday,2316,Nightlife Spot,3,-999.0,Clear,185
5185,40.965274096356296 -74.0626887148712,540,Thursday,9938,Professional & Other Places,-999,-999.0,Clear,185
5185,40.9481665166667 -74.06842515,900,Thursday,35441,Shop & Service,-999,6.1,Clouds,185
5185,40.9599859369998 -74.0671633257678,960,Thursday,30717,Food,2,7.6,Clouds,185
5185,40.96533795 -74.0628079,960,Thursday,37190,Nightlife Spot,-999,-999.0,Clouds,185
5185,40.9653219428021 -74.0628034498054,1020,Thursday,2861,Arts & Entertainment,-999,-999.0,Clouds,185
5185,40.9654169422336 -74.062883764218,1200,Thursday,37593,Nightlife Spot,3,-999.0,Clouds,185
5185,40.96550875 -74.0628835833333,1260,Thursday,5747,Travel & Transport,-999,-999.0,Clouds,185
5185,40.96532877881821 -74.0629239214116,1320,Thursday,38260,Food,2,-999.0,Clouds,185
5185,40.9653310333333 -74.0627049,1380,Thursday,11593,Food,2,-999.0,Clouds,185
5185,40.9653219428021 -74.0628034498054,420,Friday,2861,Arts & Entertainment,-999,-999.0,Clear,185
5185,40.9653558300157 -74.06285508050321,480,Friday,2316,Nightlife Spot,3,-999.0,Clear,185
5185,40.96532877881821 -74.0629239214116,540,Friday,38260,Food,2,-999.0,Clear,185
5185,40.96533795 -74.0628079,600,Friday,37190,Nightlife Spot,-999,-999.0,Clear,185
5185,40.9653687333333 -74.06283225,720,Friday,13704,Food,3,8.8,Clear,185
5185,40.9653550190346 -74.06283213352809,900,Friday,23852,Outdoors & Recreation,-999,-999.0,Clear,185
5185,40.9654169422336 -74.062883764218,960,Friday,37593,Nightlife Spot,3,-999.0,Clear,185
5185,40.96550875 -74.0628835833333,960,Friday,5747,Travel & Transport,-999,-999.0,Clear,185
5185,40.9489233795369 -74.069721837773,1020,Friday,21313,Professional & Other Places,-999,-999.0,Clear,185
5185,40.9458639177958 -74.0200197210753,1020,Friday,7476,Food,2,7.4,Clear,185
5185,40.9472402363375 -74.0205763098046,1080,Friday,27269,Food,1,7.9,Clear,185
5185,40.94832653464661 -74.069767730049,1140,Friday,30342,Shop & Service,-999,7.1,Clear,185
5185,40.965810267788 -74.0676060318947,1200,Friday,26293,Professional & Other Places,-999,-999.0,Clear,185
5185,40.96521460587429 -74.06837948377259,1260,Friday,13086,Professional & Other Places,-999,-999.0,Clear,185
5185,40.965367878674 -74.0628034498054,480,Saturday,6912,Food,2,7.4,Clear,185
5185,40.9653558300157 -74.06285508050321,540,Saturday,2316,Nightlife Spot,3,-999.0,Clear,185
5185,40.9489233795369 -74.069721837773,720,Saturday,21313,Professional & Other Places,-999,-999.0,Clear,185
5185,40.9481665166667 -74.06842515,720,Saturday,35441,Shop & Service,-999,6.1,Clear,185
5185,40.9653687333333 -74.06283225,840,Saturday,13704,Food,3,8.8,Clear,185
5185,40.9653550190346 -74.06283213352809,900,Saturday,23852,Outdoors & Recreation,-999,-999.0,Clear,185
5185,40.96532877881821 -74.0629239214116,960,Saturday,38260,Food,2,-999.0,Clear,185
5185,40.9654169422336 -74.062883764218,1020,Saturday,37593,Nightlife Spot,3,-999.0,Clear,185
5185,40.9654169833333 -74.0629196833333,1080,Saturday,34964,Outdoors & Recreation,-999,-999.0,Clear,185
5185,40.9653219428021 -74.0628034498054,1080,Saturday,2861,Arts & Entertainment,-999,-999.0,Clouds,185
5185,40.9654169422336 -74.062883764218,1200,Saturday,37593,Nightlife Spot,3,-999.0,Clouds,185
5185,40.9653582 -74.0628322333333,1320,Saturday,14056,Food,2,-999.0,Clouds,185
5185,40.965810267788 -74.0676060318947,1320,Saturday,26293,Professional & Other Places,-999,-999.0,Rain,185
5185,40.96521460587429 -74.06837948377259,1380,Saturday,13086,Professional & Other Places,-999,-999.0,Clouds,185
5185,40.9653310333333 -74.0627049,0,Sunday,11593,Food,2,-999.0,Clouds,185
5185,40.965274096356296 -74.0626887148712,480,Sunday,9938,Professional & Other Places,-999,-999.0,Clouds,185
5185,40.9681100152221 -74.05938718735509,540,Sunday,24621,Residence,-999,-999.0,Clouds,185
5185,40.96532877881821 -74.0629239214116,600,Sunday,38260,Food,2,-999.0,Clouds,185
5185,40.96533795 -74.0628079,600,Sunday,37190,Nightlife Spot,-999,-999.0,Clear,185
5185,40.9653219428021 -74.0628034498054,780,Sunday,2861,Arts & Entertainment,-999,-999.0,Clouds,185
5185,40.9654169833333 -74.0629196833333,840,Sunday,34964,Outdoors & Recreation,-999,-999.0,Clouds,185
5185,40.9653550190346 -74.06283213352809,840,Sunday,23852,Outdoors & Recreation,-999,-999.0,Clouds,185
5185,40.9654169422336 -74.062883764218,960,Sunday,37593,Nightlife Spot,3,-999.0,Clouds,185
5185,40.94832653464661 -74.069767730049,1020,Sunday,30342,Shop & Service,-999,7.1,Clear,185
5185,40.967786 -74.0736896833333,1020,Sunday,13429,Food,1,6.8,Clear,185
5187,40.9653582 -74.0628322333333,0,Monday,14056,Food,2,-999.0,Rain,185
5187,40.9680314876872 -74.0636811697517,360,Monday,2316,Nightlife Spot,3,-999.0,Clouds,185
5187,40.8691765879671 -74.04894870415409,960,Monday,15273,Professional & Other Places,-999,-999.0,Clouds,185
5187,40.9654169422336 -74.062883764218,1020,Monday,37593,Nightlife Spot,3,-999.0,Clouds,185
5187,40.9646218431031 -74.0678574546435,1080,Monday,13086,Professional & Other Places,-999,-999.0,Clouds,185
5187,40.960318969425295 -74.0677369861784,1140,Monday,36101,Travel & Transport,-999,-999.0,Clouds,185
5187,40.9653550190346 -74.06283213352809,1200,Monday,23852,Outdoors & Recreation,-999,-999.0,Clouds,185
5187,40.9654169833333 -74.0629196833333,1380,Monday,34964,Outdoors & Recreation,-999,-999.0,Clouds,185
5187,40.96550875 -74.0628835833333,0,Tuesday,5747,Travel & Transport,-999,-999.0,Clouds,185
5187,40.96532877881821 -74.0629239214116,60,Tuesday,38260,Food,2,-999.0,Clouds,185
5187,40.9653219428021 -74.0628034498054,120,Tuesday,2861,Arts & Entertainment,-999,-999.0,Clouds,185
5187,40.9680314876872 -74.0636811697517,420,Tuesday,2316,Nightlife Spot,3,-999.0,Clouds,185
5187,40.9653550190346 -74.06283213352809,540,Tuesday,23852,Outdoors & Recreation,-999,-999.0,Clouds,185
5187,40.96533795 -74.0628079,600,Tuesday,37190,Nightlife Spot,-999,-999.0,Clear,185
5187,40.9653219428021 -74.0628034498054,660,Tuesday,2861,Arts & Entertainment,-999,-999.0,Clear,185
5187,40.96550875 -74.0628835833333,660,Tuesday,5747,Travel & Transport,-999,-999.0,Clouds,185
5187,40.9654169833333 -74.0629196833333,720,Tuesday,34964,Outdoors & Recreation,-999,-999.0,Clouds,185
5187,40.9654169422336 -74.062883764218,780,Tuesday,37593,Nightlife Spot,3,-999.0,Clouds,185
5187,40.960318969425295 -74.0677369861784,840,Tuesday,36101,Travel & Transport,-999,-999.0,Clouds,185
5187,40.953911447144 -74.02210835493081,900,Tuesday,11258,Professional & Other Places,-999,-999.0,Clouds,185
5187,40.94570067760871 -74.0166285113716,960,Tuesday,27269,Food,1,7.9,Clouds,185
5187,40.9456741611771 -74.0173572535645,1080,Tuesday,15469,Food,1,-999.0,Clouds,185
5187,40.9489233795369 -74.069721837773,1080,Tuesday,21313,Professional & Other Places,-999,-999.0,Clouds,185
5187,40.9680314876872 -74.0636811697517,360,Wednesday,2316,Nightlife Spot,3,-999.0,Clear,185
5187,40.96532877881821 -74.0629239214116,480,Wednesday,38260,Food,2,-999.0,Clear,185
5187,40.9653550190346 -74.06283213352809,540,Wednesday,23852,Outdoors & Recreation,-999,-999.0,Clouds,185
5187,40.96550875 -74.0628835833333,600,Wednesday,5747,Travel & Transport,-999,-999.0,Clouds,185
5187,40.96533795 -74.0628079,720,Wednesday,37190,Nightlife Spot,-999,-999.0,Clear,185
5187,40.9654169833333 -74.0629196833333,720,Wednesday,34964,Outdoors & Recreation,-999,-999.0,Clouds,185
5187,40.9653219428021 -74.0628034498054,840,Wednesday,2861,Arts & Entertainment,-999,-999.0,Clouds,185
5187,40.9646218431031 -74.0678574546435,960,Wednesday,13086,Professional & Other Places,-999,-999.0,Clouds,185
5187,40.960318969425295 -74.0677369861784,1020,Wednesday,36101,Travel & Transport,-999,-999.0,Clouds,185
5187,40.9681100152221 -74.05938718735509,1320,Wednesday,24621,Residence,-999,-999.0,Clear,185
5187,40.9654169422336 -74.062883764218,1380,Wednesday,37593,Nightlife Spot,3,-999.0,Clear,185
5187,40.9653582 -74.0628322333333,1380,Wednesday,14056,Food,2,-999.0,Clear,185
5187,40.9645718001334 -74.0664339065552,0,Thursday,22829,Travel & Transport,-999,-999.0,Clear,185
5187,40.965367878674 -74.0628034498054,0,Thursday,6912,Food,2,7.4,Clear,185
5187,40.9653310333333 -74.0627049,60,Thursday,11593,Food,2,-999.0,Clear,185
5187,40.9680314876872 -74.0636811697517,360,Thursday,2316,Nightlife Spot,3,-999.0,Clouds,185
5187,40.9653219428021 -74.0628034498054,420,Thursday,2861,Arts & Entertainment,-999,-999.0,Clear,185
5187,40.9653550190346 -74.06283213352809,540,Thursday,23852,Outdoors & Recreation,-999,-999.0,Clouds,185
5187,40.9654169833333 -74.0629196833333,600,Thursday,34964,Outdoors & Recreation,-999,-999.0,Clouds,185
5187,40.9680314876872 -74.0636811697517,360,Friday,2316,Nightlife Spot,3,-999.0,Clear,185
5187,40.9654169833333 -74.0629196833333,420,Friday,34964,Outdoors & Recreation,-999,-999.0,Clouds,185
5187,40.9653550190346 -74.06283213352809,480,Friday,23852,Outdoors & Recreation,-999,-999.0,Clouds,185
5187,40.9654169422336 -74.062883764218,540,Friday,37593,Nightlife Spot,3,-999.0,Clouds,185
5187,40.96532877881821 -74.0629239214116,660,Friday,38260,Food,2,-999.0,Clouds,185
5187,40.96550875 -74.0628835833333,660,Friday,5747,Travel & Transport,-999,-999.0,Clouds,185
5187,40.96533795 -74.0628079,780,Friday,37190,Nightlife Spot,-999,-999.0,Clouds,185
5187,40.9653219428021 -74.0628034498054,780,Friday,2861,Arts & Entertainment,-999,-999.0,Clouds,185
5187,40.965810267788 -74.0676060318947,960,Friday,26293,Professional & Other Places,-999,-999.0,Clear,185
5187,40.9645718001334 -74.0664339065552,1140,Friday,22829,Travel & Transport,-999,-999.0,Clear,185
5187,40.94832653464661 -74.069767730049,1200,Friday,30342,Shop & Service,-999,7.1,Clear,185
5187,40.9489233795369 -74.069721837773,1200,Friday,21313,Professional & Other Places,-999,-999.0,Clear,185
5187,40.9529105319849 -74.0725499284692,1200,Friday,16940,Shop & Service,-999,5.9,Clear,185
5187,40.965367878674 -74.0628034498054,1380,Friday,6912,Food,2,7.4,Clear,185
5187,40.9680314876872 -74.0636811697517,420,Saturday,2316,Nightlife Spot,3,-999.0,Clear,185
5187,40.9653550190346 -74.06283213352809,480,Saturday,23852,Outdoors & Recreation,-999,-999.0,Clear,185
5187,40.94832653464661 -74.069767730049,600,Saturday,30342,Shop & Service,-999,7.1,Clear,185
5187,40.9489233795369 -74.069721837773,600,Saturday,21313,Professional & Other Places,-999,-999.0,Clear,185
5187,40.96533795 -74.0628079,780,Saturday,37190,Nightlife Spot,-999,-999.0,Clear,185
5187,40.9653582 -74.0628322333333,840,Saturday,14056,Food,2,-999.0,Clear,185
5187,40.965810267788 -74.0676060318947,840,Saturday,26293,Professional & Other Places,-999,-999.0,Clear,185
5187,40.9653219428021 -74.0628034498054,900,Saturday,2861,Arts & Entertainment,-999,-999.0,Clear,185
5187,40.965243453081 -74.0626944516195,1020,Saturday,5747,Travel & Transport,-999,-999.0,Clear,185
5187,40.9654169833333 -74.0629196833333,1080,Saturday,34964,Outdoors & Recreation,-999,-999.0,Clear,185
5187,40.96532877881821 -74.0629239214116,1140,Saturday,38260,Food,2,-999.0,Clear,185
5187,40.9654169422336 -74.062883764218,1140,Saturday,37593,Nightlife Spot,3,-999.0,Clear,185
5187,40.967786 -74.0736896833333,1320,Saturday,13429,Food,1,6.8,Clear,185
5187,40.9681100152221 -74.05938718735509,1380,Saturday,24621,Residence,-999,-999.0,Clear,185
5187,40.9680314876872 -74.0636811697517,420,Sunday,2316,Nightlife Spot,3,-999.0,Clear,185
5187,40.9653550190346 -74.06283213352809,540,Sunday,23852,Outdoors & Recreation,-999,-999.0,Clear,185
5187,40.9653219428021 -74.0628034498054,600,Sunday,2861,Arts & Entertainment,-999,-999.0,Clear,185
5187,40.965243453081 -74.0626944516195,660,Sunday,5747,Travel & Transport,-999,-999.0,Clear,185
5187,40.94832653464661 -74.069767730049,840,Sunday,30342,Shop & Service,-999,7.1,Clear,185
5187,40.967786 -74.0736896833333,840,Sunday,13429,Food,1,6.8,Clear,185
5187,40.96533795 -74.0628079,900,Sunday,37190,Nightlife Spot,-999,-999.0,Clear,185
5188,40.9064201138746 -74.1885337633006,960,Tuesday,33451,Professional & Other Places,-999,-999.0,Clouds,185
5188,40.9489233795369 -74.069721837773,1020,Tuesday,21313,Professional & Other Places,-999,-999.0,Clouds,185
5188,40.965243453081 -74.0626944516195,1080,Tuesday,5747,Travel & Transport,-999,-999.0,Clouds,185
5188,40.9654169833333 -74.0629196833333,1080,Tuesday,34964,Outdoors & Recreation,-999,-999.0,Clear,185
5188,40.9653550190346 -74.06283213352809,1200,Tuesday,23852,Outdoors & Recreation,-999,-999.0,Clear,185
5188,40.96532877881821 -74.0629239214116,1200,Tuesday,38260,Food,2,-999.0,Clear,185
5188,40.9645718001334 -74.0664339065552,1260,Tuesday,22829,Travel & Transport,-999,-999.0,Clear,185
5188,40.9653582 -74.0628322333333,1380,Tuesday,14056,Food,2,-999.0,Clouds,185
5188,40.958991149656 -74.05975721371979,0,Wednesday,9938,Professional & Other Places,-999,-999.0,Clouds,185
5188,40.9680314876872 -74.0636811697517,360,Thursday,2316,Nightlife Spot,3,-999.0,Clouds,185
5188,40.96532877881821 -74.0629239214116,480,Thursday,38260,Food,2,-999.0,Clouds,185
5188,40.9653550190346 -74.06283213352809,480,Thursday,23852,Outdoors & Recreation,-999,-999.0,Clouds,185
5188,40.965243453081 -74.0626944516195,720,Thursday,5747,Travel & Transport,-999,-999.0,Clouds,185
5188,40.9653219428021 -74.0628034498054,780,Thursday,2861,Arts & Entertainment,-999,-999.0,Clouds,185
5188,40.94832653464661 -74.069767730049,840,Thursday,30342,Shop & Service,-999,7.1,Clouds,185
5188,40.9481665166667 -74.06842515,1020,Thursday,35441,Shop & Service,-999,6.1,Fog,185
5188,40.9529105319849 -74.0725499284692,1020,Thursday,16940,Shop & Service,-999,5.9,Fog,185
5188,40.967786 -74.0736896833333,1080,Thursday,13429,Food,1,6.8,Fog,185
5188,40.9654169422336 -74.062883764218,1200,Thursday,37593,Nightlife Spot,3,-999.0,Clouds,185
5188,40.958991149656 -74.05975721371979,0,Friday,9938,Professional & Other Places,-999,-999.0,Clouds,185
5188,40.965810267788 -74.0676060318947,60,Friday,26293,Professional & Other Places,-999,-999.0,Clouds,185
5188,40.9681100152221 -74.05938718735509,60,Friday,24621,Residence,-999,-999.0,Clouds,185
5188,40.9653310333333 -74.0627049,240,Friday,11593,Food,2,-999.0,Clouds,185
5188,40.96532877881821 -74.0629239214116,540,Friday,38260,Food,2,-999.0,Clouds,185
5188,40.9653550190346 -74.06283213352809,600,Friday,23852,Outdoors & Recreation,-999,-999.0,Clouds,185
5188,40.96533795 -74.0628079,720,Friday,37190,Nightlife Spot,-999,-999.0,Clouds,185
5188,40.9654169833333 -74.0629196833333,720,Friday,34964,Outdoors & Recreation,-999,-999.0,Clouds,185
5188,40.9653219428021 -74.0628034498054,840,Friday,2861,Arts & Entertainment,-999,-999.0,Clear,185
5188,40.9645718001334 -74.0664339065552,960,Friday,22829,Travel & Transport,-999,-999.0,Clear,185
5188,40.8605415905745 -74.0673526338956,1140,Friday,5057,Travel & Transport,-999,5.7,Clear,185
5188,40.8604786627495 -74.067302942276,1140,Friday,20814,Food,2,5.9,Fog,185
5188,40.8617603695726 -74.0662339922107,1200,Friday,24771,Food,1,6.2,Clear,185
5188,40.9681100152221 -74.05938718735509,0,Saturday,24621,Residence,-999,-999.0,Clear,185
5188,40.9680314876872 -74.0636811697517,360,Saturday,2316,Nightlife Spot,3,-999.0,Clouds,185
5188,40.9653550190346 -74.06283213352809,420,Saturday,23852,Outdoors & Recreation,-999,-999.0,Clouds,185
5188,40.9328062550792 -74.0711545944214,420,Saturday,3785,Food,1,7.7,Clouds,185
5188,40.8518509915004 -74.0439056697571,540,Saturday,25284,Shop & Service,-999,6.4,Clouds,185
5188,40.852424 -74.055351,600,Saturday,33943,Arts & Entertainment,-999,-999.0,Clouds,185
5188,40.8540470521299 -74.0545710418618,660,Saturday,13299,Travel & Transport,-999,-999.0,Clouds,185
5188,40.8567500500821 -74.05059814453121,780,Saturday,5740,Shop & Service,-999,7.7,Clouds,185
5188,40.8570976257324 -74.0556640625,840,Saturday,17638,Shop & Service,-999,-999.0,Clouds,185
5188,40.8561170982589 -74.050018787384,900,Saturday,30711,Food,1,7.3,Fog,185
5188,40.8691765879671 -74.04894870415409,960,Saturday,15273,Professional & Other Places,-999,-999.0,Fog,185
5188,40.96533795 -74.0628079,1020,Saturday,37190,Nightlife Spot,-999,-999.0,Fog,185
5188,40.965810267788 -74.0676060318947,780,Sunday,26293,Professional & Other Places,-999,-999.0,Clouds,185
5188,40.96533795 -74.0628079,840,Sunday,37190,Nightlife Spot,-999,-999.0,Clouds,185
5188,40.94832653464661 -74.069767730049,1020,Sunday,30342,Shop & Service,-999,7.1,Clear,185
5188,40.967786 -74.0736896833333,1020,Sunday,13429,Food,1,6.8,Clear,185
5188,40.9678387 -74.0737821666667,1020,Sunday,20566,Shop & Service,-999,-999.0,Clear,185
5188,40.958991149656 -74.05975721371979,1200,Sunday,9938,Professional & Other Places,-999,-999.0,Clear,185
5188,40.9681100152221 -74.05938718735509,1260,Sunday,24621,Residence,-999,-999.0,Clear,185
5188,40.9654169422336 -74.062883764218,1320,Sunday,37593,Nightlife Spot,3,-999.0,Clear,185
5191,40.96533885740629 -74.06283213352809,360,Monday,2316,Nightlife Spot,3,-999.0,Clouds,185
5191,40.9654169422336 -74.062883764218,420,Monday,37593,Nightlife Spot,3,-999.0,Clouds,185
5191,40.9653550190346 -74.06283213352809,420,Monday,23852,Outdoors & Recreation,-999,-999.0,Clouds,185
5191,40.96532877881821 -74.0629239214116,480,Monday,38260,Food,2,-999.0,Clouds,185
5191,40.9652292144287 -74.063055866416,480,Monday,13086,Professional & Other Places,-999,-999.0,Rain,185
5191,40.960318969425295 -74.0677369861784,600,Monday,36101,Travel & Transport,-999,-999.0,Rain,185
5191,40.96533795 -74.0628079,660,Monday,37190,Nightlife Spot,-999,-999.0,Rain,185
5191,40.9653708323671 -74.06281492329501,720,Monday,5747,Travel & Transport,-999,-999.0,Rain,185
5191,40.9653219428021 -74.0628034498054,780,Monday,2861,Arts & Entertainment,-999,-999.0,Rain,185
5191,40.9599859369998 -74.0671633257678,840,Monday,30717,Food,2,7.6,Rain,185
5191,40.9654169833333 -74.0629196833333,840,Monday,34964,Outdoors & Recreation,-999,-999.0,Clouds,185
5191,40.967786 -74.0736896833333,1020,Monday,13429,Food,1,6.8,Clouds,185
5191,40.9654169422336 -74.062883764218,1080,Monday,37593,Nightlife Spot,3,-999.0,Clouds,185
5191,40.965810267788 -74.0676060318947,1200,Monday,26293,Professional & Other Places,-999,-999.0,Clouds,185
5191,40.9653582 -74.0628322333333,1320,Monday,14056,Food,2,-999.0,Rain,185
5191,40.9681100152221 -74.05938718735509,1380,Monday,24621,Residence,-999,-999.0,Clouds,185
5191,40.9653310333333 -74.0627049,1380,Monday,11593,Food,2,-999.0,Clouds,185
5191,40.9645718001334 -74.0664339065552,0,Tuesday,22829,Travel & Transport,-999,-999.0,Clouds,185
5191,40.9652914155792 -74.0627346088532,0,Tuesday,9938,Professional & Other Places,-999,-999.0,Clouds,185
5191,40.96533885740629 -74.06283213352809,360,Tuesday,2316,Nightlife Spot,3,-999.0,Rain,185
5191,40.9652292144287 -74.063055866416,420,Tuesday,13086,Professional & Other Places,-999,-999.0,Rain,185
5191,40.9654169422336 -74.062883764218,420,Tuesday,37593,Nightlife Spot,3,-999.0,Rain,185
5191,40.960318969425295 -74.0677369861784,480,Tuesday,36101,Travel & Transport,-999,-999.0,Clouds,185
5191,40.960318969425295 -74.0677369861784,1140,Wednesday,36101,Travel & Transport,-999,-999.0,Clear,185
5191,40.92680715315 -74.0686089466701,1200,Wednesday,6875,Professional & Other Places,-999,-999.0,Clear,185
5191,40.9654169833333 -74.0629196833333,1320,Wednesday,34964,Outdoors & Recreation,-999,-999.0,Clear,185
5191,40.96533795 -74.0628079,1380,Wednesday,37190,Nightlife Spot,-999,-999.0,Clouds,185
5191,40.9653219428021 -74.0628034498054,0,Thursday,2861,Arts & Entertainment,-999,-999.0,Clouds,185
5191,40.96533885740629 -74.06283213352809,360,Friday,2316,Nightlife Spot,3,-999.0,Clouds,185
5191,40.96532877881821 -74.0629239214116,420,Friday,38260,Food,2,-999.0,Clouds,185
5191,40.9653550190346 -74.06283213352809,420,Friday,23852,Outdoors & Recreation,-999,-999.0,Clouds,185
5191,40.9652292144287 -74.063055866416,540,Friday,13086,Professional & Other Places,-999,-999.0,Clouds,185
5191,40.92680715315 -74.0686089466701,780,Friday,6875,Professional & Other Places,-999,-999.0,Clouds,185
5191,40.9654169833333 -74.0629196833333,900,Friday,34964,Outdoors & Recreation,-999,-999.0,Clouds,185
5191,40.9653708323671 -74.06281492329501,960,Friday,5747,Travel & Transport,-999,-999.0,Clouds,185
5191,40.9056630681064 -74.06478835315959,1080,Friday,22979,Food,2,7.0,Clouds,185
5191,40.9150033895288 -74.04985517394859,1200,Friday,27270,Shop & Service,-999,-999.0,Clouds,185
5191,40.9653582 -74.0628322333333,240,Saturday,14056,Food,2,-999.0,Clear,185
5191,40.9654169422336 -74.062883764218,1200,Saturday,37593,Nightlife Spot,3,-999.0,Clear,185
5191,40.9653219428021 -74.0628034498054,1260,Saturday,2861,Arts & Entertainment,-999,-999.0,Clear,185
5191,40.965810267788 -74.0676060318947,1320,Saturday,26293,Professional & Other Places,-999,-999.0,Clear,185
5191,40.9652914155792 -74.0627346088532,1320,Saturday,9938,Professional & Other Places,-999,-999.0,Clear,185
5191,40.9681100152221 -74.05938718735509,0,Sunday,24621,Residence,-999,-999.0,Clouds,185
5191,40.9654169422336 -74.062883764218,420,Sunday,37593,Nightlife Spot,3,-999.0,Rain,185
5191,40.9652292144287 -74.063055866416,480,Sunday,13086,Professional & Other Places,-999,-999.0,Clouds,185
5191,40.9654169833333 -74.0629196833333,540,Sunday,34964,Outdoors & Recreation,-999,-999.0,Clear,185
5191,40.96533885740629 -74.06283213352809,540,Sunday,2316,Nightlife Spot,3,-999.0,Clear,185
5191,40.96532877881821 -74.0629239214116,600,Sunday,38260,Food,2,-999.0,Clear,185
5191,40.9653219428021 -74.0628034498054,780,Sunday,2861,Arts & Entertainment,-999,-999.0,Clear,185
5191,40.9653550190346 -74.06283213352809,840,Sunday,23852,Outdoors & Recreation,-999,-999.0,Clouds,185
5191,40.960318969425295 -74.0677369861784,900,Sunday,36101,Travel & Transport,-999,-999.0,Clouds,185
5191,40.9653708323671 -74.06281492329501,960,Sunday,5747,Travel & Transport,-999,-999.0,Clouds,185
5191,40.9489233795369 -74.069721837773,1020,Sunday,21313,Professional & Other Places,-999,-999.0,Clear,185
5191,40.9645718001334 -74.0664339065552,1080,Sunday,22829,Travel & Transport,-999,-999.0,Clouds,185
5191,40.965810267788 -74.0676060318947,1380,Sunday,26293,Professional & Other Places,-999,-999.0,Clouds,185
5192,40.9654169422336 -74.062883764218,360,Monday,37593,Nightlife Spot,3,-999.0,Clear,185
5192,40.96533885740629 -74.06283213352809,420,Monday,2316,Nightlife Spot,3,-999.0,Clear,185
5192,40.96532877881821 -74.0629239214116,420,Monday,38260,Food,2,-999.0,Clear,185
5192,40.9653550190346 -74.06283213352809,480,Monday,23852,Outdoors & Recreation,-999,-999.0,Clear,185
5192,40.91250720487261 -74.051456451416,600,Monday,26761,Shop & Service,-999,8.0,Clear,185
5192,40.94832653464661 -74.069767730049,660,Monday,30342,Shop & Service,-999,7.1,Clear,185
5192,40.9652292144287 -74.063055866416,840,Monday,13086,Professional & Other Places,-999,-999.0,Clear,185
5192,40.96533795 -74.0628079,960,Monday,37190,Nightlife Spot,-999,-999.0,Clear,185
5192,40.9654169833333 -74.0629196833333,1020,Monday,34964,Outdoors & Recreation,-999,-999.0,Clear,185
5192,40.9653708323671 -74.06281492329501,1080,Monday,5747,Travel & Transport,-999,-999.0,Clear,185
5192,40.9653219428021 -74.0628034498054,1140,Monday,2861,Arts & Entertainment,-999,-999.0,Clear,185
5192,40.9652914155792 -74.0627346088532,1260,Monday,9938,Professional & Other Places,-999,-999.0,Clear,185
5192,40.960318969425295 -74.0677369861784,1320,Monday,36101,Travel & Transport,-999,-999.0,Clear,185
5192,40.96533885740629 -74.06283213352809,360,Tuesday,2316,Nightlife Spot,3,-999.0,Clear,185
5192,40.9654169422336 -74.062883764218,420,Tuesday,37593,Nightlife Spot,3,-999.0,Clear,185
5192,40.9652292144287 -74.063055866416,480,Tuesday,13086,Professional & Other Places,-999,-999.0,Clear,185
5192,40.9653219428021 -74.0628034498054,540,Tuesday,2861,Arts & Entertainment,-999,-999.0,Clear,185
5192,40.967786 -74.0736896833333,540,Tuesday,13429,Food,1,6.8,Clear,185
5192,40.96533795 -74.0628079,900,Tuesday,37190,Nightlife Spot,-999,-999.0,Clear,185
5192,40.9653550190346 -74.06283213352809,960,Tuesday,23852,Outdoors & Recreation,-999,-999.0,Clear,185
5192,40.96532877881821 -74.0629239214116,1020,Tuesday,38260,Food,2,-999.0,Clear,185
5192,40.9654169833333 -74.0629196833333,1080,Tuesday,34964,Outdoors & Recreation,-999,-999.0,Clear,185
5192,40.9481665166667 -74.06842515,1140,Tuesday,35441,Shop & Service,-999,6.1,Clouds,185
5192,40.9653708323671 -74.06281492329501,1200,Tuesday,5747,Travel & Transport,-999,-999.0,Clouds,185
5192,40.965810267788 -74.0676060318947,1320,Tuesday,26293,Professional & Other Places,-999,-999.0,Rain,185
5192,40.960318969425295 -74.0677369861784,1320,Tuesday,36101,Travel & Transport,-999,-999.0,Clear,185
5192,40.9645718001334 -74.0664339065552,60,Wednesday,22829,Travel & Transport,-999,-999.0,Clouds,185
5192,40.960318969425295 -74.0677369861784,540,Thursday,36101,Travel & Transport,-999,-999.0,Clear,185
5192,40.96533795 -74.0628079,720,Thursday,37190,Nightlife Spot,-999,-999.0,Clear,185
5192,40.92680715315 -74.0686089466701,780,Thursday,6875,Professional & Other Places,-999,-999.0,Clear,185
5192,40.9653550190346 -74.06283213352809,840,Thursday,23852,Outdoors & Recreation,-999,-999.0,Clear,185
5192,40.9654169422336 -74.062883764218,1020,Thursday,37593,Nightlife Spot,3,-999.0,Clouds,185
5192,40.9653550190346 -74.06283213352809,360,Friday,23852,Outdoors & Recreation,-999,-999.0,Clear,185
5192,40.96533885740629 -74.06283213352809,420,Friday,2316,Nightlife Spot,3,-999.0,Clear,185
5192,40.9653219428021 -74.0628034498054,420,Friday,2861,Arts & Entertainment,-999,-999.0,Clear,185
5192,40.96532877881821 -74.0629239214116,480,Friday,38260,Food,2,-999.0,Clear,185
5192,40.9654169422336 -74.062883764218,540,Friday,37593,Nightlife Spot,3,-999.0,Clear,185
5192,40.9652292144287 -74.063055866416,540,Friday,13086,Professional & Other Places,-999,-999.0,Clear,185
5192,40.96533795 -74.0628079,720,Friday,37190,Nightlife Spot,-999,-999.0,Clouds,185
5192,40.92680715315 -74.0686089466701,780,Friday,6875,Professional & Other Places,-999,-999.0,Clouds,185
5192,40.6872443431926 -74.1818332672119,780,Friday,14029,Travel & Transport,-999,-999.0,Clouds,185
5192,40.6870653629122 -74.18251991271971,840,Friday,25364,Travel & Transport,-999,-999.0,Clouds,185
5192,40.8869948490203 -74.06684160232541,840,Friday,30603,Food,1,7.6,Clouds,185
5192,40.9653219428021 -74.0628034498054,1140,Saturday,2861,Arts & Entertainment,-999,-999.0,Clear,185
5192,40.96533795 -74.0628079,1140,Saturday,37190,Nightlife Spot,-999,-999.0,Clear,185
5192,40.900575135719706 -74.0764965644111,1200,Saturday,36104,Nightlife Spot,-999,-999.0,Clear,185
5192,40.904636 -74.062384,1260,Saturday,18007,Food,1,-999.0,Clear,185
5192,40.9654169422336 -74.062883764218,1320,Saturday,37593,Nightlife Spot,3,-999.0,Clear,185
5192,40.96533885740629 -74.06283213352809,1380,Saturday,2316,Nightlife Spot,3,-999.0,Clear,185
5192,40.9652292144287 -74.063055866416,1380,Saturday,13086,Professional & Other Places,-999,-999.0,Clear,185
5192,40.965810267788 -74.0676060318947,0,Sunday,26293,Professional & Other Places,-999,-999.0,Clear,185
5192,40.9652914155792 -74.0627346088532,240,Sunday,9938,Professional & Other Places,-999,-999.0,Clear,185
5192,40.9654169422336 -74.062883764218,360,Sunday,37593,Nightlife Spot,3,-999.0,Clear,185
5192,40.96533885740629 -74.06283213352809,480,Sunday,2316,Nightlife Spot,3,-999.0,Clear,185
5192,40.9652292144287 -74.063055866416,480,Sunday,13086,Professional & Other Places,-999,-999.0,Clear,185
5192,40.9653708323671 -74.06281492329501,540,Sunday,5747,Travel & Transport,-999,-999.0,Clear,185
5192,40.9653550190346 -74.06283213352809,600,Sunday,23852,Outdoors & Recreation,-999,-999.0,Clear,185
5192,40.96533795 -74.0628079,660,Sunday,37190,Nightlife Spot,-999,-999.0,Clear,185
5192,40.96532877881821 -74.0629239214116,780,Sunday,38260,Food,2,-999.0,Clouds,185
5192,40.960318969425295 -74.0677369861784,780,Sunday,36101,Travel & Transport,-999,-999.0,Clouds,185
5192,40.965810267788 -74.0676060318947,1020,Sunday,26293,Professional & Other Places,-999,-999.0,Clouds,185
5192,40.9654169833333 -74.0629196833333,1200,Sunday,34964,Outdoors & Recreation,-999,-999.0,Clear,185
5192,40.9652914155792 -74.0627346088532,1380,Sunday,9938,Professional & Other Places,-999,-999.0,Clouds,185
5193,40.9652292144287 -74.063055866416,540,Monday,13086,Professional & Other Places,-999,-999.0,Clouds,185
5193,40.96533885740629 -74.06283213352809,540,Monday,2316,Nightlife Spot,3,-999.0,Rain,185
5193,40.9653550190346 -74.06283213352809,600,Monday,23852,Outdoors & Recreation,-999,-999.0,Rain,185
5193,40.6872443431926 -74.1818332672119,1020,Monday,14029,Travel & Transport,-999,-999.0,Clouds,185
5193,40.687891 -74.183438,1020,Monday,26505,Travel & Transport,-999,-999.0,Clouds,185
5193,40.6870653629122 -74.18251991271971,1080,Monday,25364,Travel & Transport,-999,-999.0,Clouds,185
5193,40.687405851087 -74.1830186389202,1200,Monday,26073,Food,1,5.2,Clouds,185
5193,40.687891 -74.183438,1200,Monday,26505,Travel & Transport,-999,-999.0,Clouds,185
5193,40.9164595595616 -74.0680352889043,1260,Monday,8930,Outdoors & Recreation,-999,-999.0,Clouds,185
5193,40.96533795 -74.0628079,1380,Monday,37190,Nightlife Spot,-999,-999.0,Clouds,185
5193,40.960318969425295 -74.0677369861784,1380,Monday,36101,Travel & Transport,-999,-999.0,Clouds,185
5193,40.965810267788 -74.0676060318947,0,Tuesday,26293,Professional & Other Places,-999,-999.0,Clouds,185
5193,40.96533885740629 -74.06283213352809,300,Tuesday,2316,Nightlife Spot,3,-999.0,Clouds,185
5193,40.9654169422336 -74.062883764218,480,Tuesday,37593,Nightlife Spot,3,-999.0,Clouds,185
5193,40.9652292144287 -74.063055866416,540,Tuesday,13086,Professional & Other Places,-999,-999.0,Clouds,185
5193,40.9653550190346 -74.06283213352809,540,Tuesday,23852,Outdoors & Recreation,-999,-999.0,Clouds,185
5193,40.96532877881821 -74.0629239214116,600,Tuesday,38260,Food,2,-999.0,Clouds,185
5193,40.96533885740629 -74.06283213352809,360,Wednesday,2316,Nightlife Spot,3,-999.0,Clouds,185
5193,40.9654169422336 -74.062883764218,420,Wednesday,37593,Nightlife Spot,3,-999.0,Clouds,185
5193,40.9653550190346 -74.06283213352809,480,Wednesday,23852,Outdoors & Recreation,-999,-999.0,Clouds,185
5193,40.96532877881821 -74.0629239214116,600,Wednesday,38260,Food,2,-999.0,Clouds,185
5193,40.9653708323671 -74.06281492329501,660,Wednesday,5747,Travel & Transport,-999,-999.0,Clouds,185
5193,40.96533795 -74.0628079,660,Wednesday,37190,Nightlife Spot,-999,-999.0,Clear,185
5193,40.8257778232872 -74.230522421279,780,Wednesday,1357,Food,1,8.0,Clouds,185
5193,40.9529105319849 -74.0725499284692,840,Wednesday,16940,Shop & Service,-999,5.9,Clouds,185
5193,40.9481629642871 -74.06981935884609,840,Wednesday,30342,Shop & Service,-999,7.1,Clouds,185
5193,40.9654169833333 -74.0629196833333,1020,Wednesday,34964,Outdoors & Recreation,-999,-999.0,Clouds,185
5193,40.9653219428021 -74.0628034498054,1080,Wednesday,2861,Arts & Entertainment,-999,-999.0,Clouds,185
5193,40.9603192232073 -74.06725511155041,1140,Wednesday,36101,Travel & Transport,-999,-999.0,Rain,185
5193,40.9652292144287 -74.063055866416,1260,Wednesday,13086,Professional & Other Places,-999,-999.0,Clouds,185
5193,40.965810267788 -74.0676060318947,1320,Wednesday,26293,Professional & Other Places,-999,-999.0,Clouds,185
5193,40.9645718001334 -74.0664339065552,1380,Wednesday,22829,Travel & Transport,-999,-999.0,Clouds,185
5193,40.96533885740629 -74.06283213352809,420,Thursday,2316,Nightlife Spot,3,-999.0,Clear,185
5193,40.9652292144287 -74.063055866416,480,Thursday,13086,Professional & Other Places,-999,-999.0,Clear,185
5193,40.9653550190346 -74.06283213352809,780,Thursday,23852,Outdoors & Recreation,-999,-999.0,Clear,185
5193,40.9654169422336 -74.062883764218,840,Thursday,37593,Nightlife Spot,3,-999.0,Clear,185
5193,40.9653582 -74.0628322333333,840,Thursday,14056,Food,2,-999.0,Clouds,185
5193,40.9678387 -74.0737821666667,900,Thursday,20566,Shop & Service,-999,-999.0,Clouds,185
5193,40.9481629642871 -74.06981935884609,900,Thursday,30342,Shop & Service,-999,7.1,Clouds,185
5193,40.9489233795369 -74.069721837773,960,Thursday,21313,Professional & Other Places,-999,-999.0,Clouds,185
5193,40.9653219428021 -74.0628034498054,1200,Thursday,2861,Arts & Entertainment,-999,-999.0,Clear,185
5193,40.9652292144287 -74.063055866416,420,Friday,13086,Professional & Other Places,-999,-999.0,Clear,185
5193,40.96532877881821 -74.0629239214116,420,Friday,38260,Food,2,-999.0,Clear,185
5193,40.9653550190346 -74.06283213352809,480,Friday,23852,Outdoors & Recreation,-999,-999.0,Clear,185
5193,40.9653708323671 -74.06281492329501,780,Friday,5747,Travel & Transport,-999,-999.0,Clouds,185
5193,40.9591921808089 -74.0756607055664,900,Friday,10589,Shop & Service,-999,5.9,Clouds,185
5193,40.967786 -74.0736896833333,960,Friday,13429,Food,1,6.8,Clouds,185
5193,40.96533795 -74.0628079,1020,Friday,37190,Nightlife Spot,-999,-999.0,Clouds,185
5193,40.9678387 -74.0737821666667,1080,Friday,20566,Shop & Service,-999,-999.0,Clouds,185
5193,40.9603192232073 -74.06725511155041,1140,Friday,36101,Travel & Transport,-999,-999.0,Clouds,185
5193,40.9645718001334 -74.0664339065552,60,Saturday,22829,Travel & Transport,-999,-999.0,Clear,185
5193,40.9652914155792 -74.0627346088532,60,Saturday,9938,Professional & Other Places,-999,-999.0,Clear,185
5193,40.9681100152221 -74.05938718735509,120,Saturday,24621,Residence,-999,-999.0,Clear,185
5193,40.96533885740629 -74.06283213352809,240,Saturday,2316,Nightlife Spot,3,-999.0,Clouds,185
5193,40.9652292144287 -74.063055866416,240,Saturday,13086,Professional & Other Places,-999,-999.0,Clear,185
5193,40.6869155809802 -74.19334932999008,300,Saturday,13758,Travel & Transport,-999,6.3,Clear,185
5193,40.695769756069296 -74.17732715606691,300,Saturday,25689,Travel & Transport,-999,-999.0,Clear,185
5193,40.69500511662179 -74.1750526428223,360,Saturday,15984,Travel & Transport,-999,5.9,Clear,185
5193,40.708029 -74.1631869138393,420,Saturday,17690,Professional & Other Places,-999,-999.0,Clear,185
5194,40.9489233795369 -74.069721837773,1080,Monday,21313,Professional & Other Places,-999,-999.0,Clouds,185
5194,40.96533885740629 -74.06283213352809,1140,Monday,2316,Nightlife Spot,3,-999.0,Clouds,185
5194,40.9652292144287 -74.063055866416,1260,Monday,13086,Professional & Other Places,-999,-999.0,Clouds,185
5194,40.9653550190346 -74.06283213352809,1320,Monday,23852,Outdoors & Recreation,-999,-999.0,Clouds,185
5194,40.9654169422336 -74.062883764218,1320,Monday,37593,Nightlife Spot,3,-999.0,Clouds,185
5194,40.9603192232073 -74.06725511155041,1380,Monday,36101,Travel & Transport,-999,-999.0,Clear,185
5194,40.96533885740629 -74.06283213352809,360,Tuesday,2316,Nightlife Spot,3,-999.0,Clouds,185
5194,40.9653550190346 -74.06283213352809,420,Tuesday,23852,Outdoors & Recreation,-999,-999.0,Clouds,185
5194,40.9652292144287 -74.063055866416,480,Tuesday,13086,Professional & Other Places,-999,-999.0,Fog,185
5194,40.9654169422336 -74.062883764218,480,Tuesday,37593,Nightlife Spot,3,-999.0,Fog,185
5194,40.96532877881821 -74.0629239214116,540,Tuesday,38260,Food,2,-999.0,Fog,185
5194,40.9654169833333 -74.0629196833333,540,Tuesday,34964,Outdoors & Recreation,-999,-999.0,Fog,185
5194,40.9653708323671 -74.06281492329501,600,Tuesday,5747,Travel & Transport,-999,-999.0,Clouds,185
5194,40.9653219428021 -74.0628034498054,720,Tuesday,2861,Arts & Entertainment,-999,-999.0,Rain,185
5194,40.96533795 -74.0628079,780,Tuesday,37190,Nightlife Spot,-999,-999.0,Rain,185
5194,40.965810267788 -74.0676060318947,780,Tuesday,26293,Professional & Other Places,-999,-999.0,Rain,185
5194,40.9481629642871 -74.06981935884609,840,Tuesday,30342,Shop & Service,-999,7.1,Rain,185
5194,40.9678387 -74.0737821666667,840,Tuesday,20566,Shop & Service,-999,-999.0,Rain,185
5194,40.96532877881821 -74.0629239214116,1020,Saturday,38260,Food,2,-999.0,Clear,185
5194,40.9654169833333 -74.0629196833333,1080,Saturday,34964,Outdoors & Recreation,-999,-999.0,Clear,185
5194,40.9653708323671 -74.06281492329501,1140,Saturday,5747,Travel & Transport,-999,-999.0,Clear,185
5194,40.9481665166667 -74.06842515,1260,Saturday,35441,Shop & Service,-999,6.1,Clear,185
5194,40.904636 -74.062384,1260,Saturday,18007,Food,1,-999.0,Clear,185
5194,40.9041560726231 -74.0622871420537,1320,Saturday,4513,Nightlife Spot,1,6.4,Clouds,185
5194,40.965810267788 -74.0676060318947,0,Sunday,26293,Professional & Other Places,-999,-999.0,Clouds,185
5194,40.96533885740629 -74.06283213352809,360,Sunday,2316,Nightlife Spot,3,-999.0,Clouds,185
5194,40.9652292144287 -74.063055866416,540,Sunday,13086,Professional & Other Places,-999,-999.0,Clouds,185
5194,40.9653550190346 -74.06283213352809,540,Sunday,23852,Outdoors & Recreation,-999,-999.0,Clouds,185
5194,40.967786 -74.0736896833333,600,Sunday,13429,Food,1,6.8,Clouds,185
5194,40.9654169422336 -74.062883764218,660,Sunday,37593,Nightlife Spot,3,-999.0,Clouds,185
5194,40.9654169833333 -74.0629196833333,720,Sunday,34964,Outdoors & Recreation,-999,-999.0,Clouds,185
5194,40.9653708323671 -74.06281492329501,720,Sunday,5747,Travel & Transport,-999,-999.0,Clouds,185
5194,40.96532877881821 -74.0629239214116,780,Sunday,38260,Food,2,-999.0,Clouds,185
5194,40.9481629642871 -74.06981935884609,840,Sunday,30342,Shop & Service,-999,7.1,Clouds,185
5194,40.965810267788 -74.0676060318947,1080,Sunday,26293,Professional & Other Places,-999,-999.0,Clear,185
5194,40.9603192232073 -74.06725511155041,1140,Sunday,36101,Travel & Transport,-999,-999.0,Clear,185
5195,40.96533885740629 -74.06283213352809,240,Monday,2316,Nightlife Spot,3,-999.0,Clouds,185
5195,40.9654169422336 -74.062883764218,360,Monday,37593,Nightlife Spot,3,-999.0,Clouds,185
5195,40.8638419428687 -73.9751100540161,360,Monday,30730,Food,2,7.9,Clear,185
5195,40.84166285 -73.85724746,540,Monday,14046,Residence,-999,-999.0,Clouds,185
5195,40.83940415218101 -73.8613206330357,600,Monday,36738,Travel & Transport,-999,-999.0,Clouds,185
5195,40.8378346969888 -73.85997682712771,600,Monday,353,Food,1,7.4,Clouds,185
5195,40.8608884321898 -73.9703893661499,780,Monday,17733,Food,1,7.6,Clear,185
5195,40.9489233795369 -74.069721837773,780,Monday,21313,Professional & Other Places,-999,-999.0,Clouds,185
5195,40.9653219428021 -74.0628034498054,1020,Wednesday,2861,Arts & Entertainment,-999,-999.0,Clouds,185
5195,40.9645718001334 -74.0664339065552,1080,Wednesday,22829,Travel & Transport,-999,-999.0,Clear,185
5195,40.9603192232073 -74.06725511155041,1260,Wednesday,36101,Travel & Transport,-999,-999.0,Clear,185
5195,40.96533885740629 -74.06283213352809,300,Thursday,2316,Nightlife Spot,3,-999.0,Clear,185
5195,40.9652292144287 -74.063055866416,360,Thursday,13086,Professional & Other Places,-999,-999.0,Clear,185
5195,40.9653550190346 -74.06283213352809,420,Thursday,23852,Outdoors & Recreation,-999,-999.0,Clear,185
5195,40.9654169422336 -74.062883764218,420,Thursday,37593,Nightlife Spot,3,-999.0,Clear,185
5195,40.9654169833333 -74.0629196833333,480,Thursday,34964,Outdoors & Recreation,-999,-999.0,Clear,185
5195,40.9653708323671 -74.06281492329501,540,Thursday,5747,Travel & Transport,-999,-999.0,Clear,185
5196,40.9652292144287 -74.063055866416,360,Monday,13086,Professional & Other Places,-999,-999.0,Clouds,185
5196,40.96533885740629 -74.06283213352809,420,Monday,2316,Nightlife Spot,3,-999.0,Clouds,185
5196,40.96532877881821 -74.0629239214116,660,Tuesday,38260,Food,2,-999.0,Clouds,185
5196,40.9653708323671 -74.06281492329501,780,Tuesday,5747,Travel & Transport,-999,-999.0,Clouds,185
5196,40.96533795 -74.0628079,840,Tuesday,37190,Nightlife Spot,-999,-999.0,Clouds,185
5196,40.9653219428021 -74.0628034498054,900,Tuesday,2861,Arts & Entertainment,-999,-999.0,Clouds,185
5196,40.9481629642871 -74.06981935884609,960,Tuesday,30342,Shop & Service,-999,7.1,Clouds,185
5196,40.9681100152221 -74.05938718735509,0,Wednesday,24621,Residence,-999,-999.0,Clear,185
5196,40.9652292144287 -74.063055866416,420,Wednesday,13086,Professional & Other Places,-999,-999.0,Clear,185
5196,40.96533885740629 -74.06283213352809,480,Wednesday,2316,Nightlife Spot,3,-999.0,Clear,185
5196,40.9653550190346 -74.06283213352809,480,Wednesday,23852,Outdoors & Recreation,-999,-999.0,Clear,185
5196,40.9654169422336 -74.062883764218,600,Wednesday,37593,Nightlife Spot,3,-999.0,Clear,185
5196,40.96532877881821 -74.0629239214116,600,Wednesday,38260,Food,2,-999.0,Clear,185
5196,40.645906 -74.226701259613,780,Wednesday,14486,Food,1,6.7,Clear,185
5196,40.9481629642871 -74.06981935884609,900,Saturday,30342,Shop & Service,-999,7.1,Clear,185
5196,40.9489233795369 -74.069721837773,900,Saturday,21313,Professional & Other Places,-999,-999.0,Clear,185
5196,40.9652292144287 -74.063055866416,960,Saturday,13086,Professional & Other Places,-999,-999.0,Clear,185
5196,40.9645718001334 -74.0664339065552,960,Saturday,22829,Travel & Transport,-999,-999.0,Clear,185
5196,40.967786 -74.0736896833333,1080,Saturday,13429,Food,1,6.8,Clear,185
5196,40.9728628185608 -74.08020793313051,1080,Saturday,37976,Shop & Service,-999,-999.0,Clear,185
5196,40.96533795 -74.0628079,1140,Saturday,37190,Nightlife Spot,-999,-999.0,Clear,185
5196,40.965810267788 -74.0676060318947,1320,Saturday,26293,Professional & Other Places,-999,-999.0,Clear,185
5196,40.9678387 -74.0737821666667,0,Sunday,20566,Shop & Service,-999,-999.0,Clear,185
5197,40.9644943168877 -74.0689531404943,360,Monday,20720,Professional & Other Places,-999,-999.0,Clear,185
5197,40.97792957758461 -74.0632279684576,420,Monday,31718,Shop & Service,-999,6.6,Clear,185
5197,40.965810267788 -74.0676060318947,480,Monday,26293,Professional & Other Places,-999,-999.0,Clear,185
5197,40.9652292144287 -74.063055866416,600,Monday,13086,Professional & Other Places,-999,-999.0,Clear,185
5197,40.973385757537706 -74.07132232431759,720,Monday,12725,Nightlife Spot,3,-999.0,Clouds,185
5197,40.9599859369998 -74.0671633257678,780,Monday,30717,Food,2,7.6,Clouds,185
5197,40.9489233795369 -74.069721837773,960,Monday,21313,Professional & Other Places,-999,-999.0,Clear,185
5197,40.9653550190346 -74.06283213352809,1080,Monday,23852,Outdoors & Recreation,-999,-999.0,Clear,185
5197,40.9654169422336 -74.062883764218,1140,Monday,37593,Nightlife Spot,3,-999.0,Clear,185
5197,40.96532877881821 -74.0629239214116,1200,Monday,38260,Food,2,-999.0,Clear,185
5197,40.9654169833333 -74.0629196833333,1200,Monday,34964,Outdoors & Recreation,-999,-999.0,Clear,185
5197,40.9653708323671 -74.06281492329501,1260,Monday,5747,Travel & Transport,-999,-999.0,Clear,185
5197,40.9653219428021 -74.0628034498054,1380,Monday,2861,Arts & Entertainment,-999,-999.0,Clear,185
5197,40.9645718001334 -74.0664339065552,1380,Monday,22829,Travel & Transport,-999,-999.0,Clear,185
5197,40.9652292144287 -74.063055866416,420,Tuesday,13086,Professional & Other Places,-999,-999.0,Clear,185
5197,40.967786 -74.0736896833333,480,Tuesday,13429,Food,1,6.8,Clear,185
5197,40.9654464263127 -74.0629640785966,480,Tuesday,97,Food,2,-999.0,Clear,185
5197,40.9481665166667 -74.06842515,780,Tuesday,35441,Shop & Service,-999,6.1,Clouds,185
5197,40.955813677613 -74.0743167466138,840,Tuesday,1470,Food,1,-999.0,Clear,185
5197,40.9653550190346 -74.06283213352809,900,Tuesday,23852,Outdoors & Recreation,-999,-999.0,Clouds,185
5197,40.96532877881821 -74.0629239214116,960,Tuesday,38260,Food,2,-999.0,Clouds,185
5197,40.9653708323671 -74.06281492329501,1020,Tuesday,5747,Travel & Transport,-999,-999.0,Clear,185
5197,40.961788630609 -74.07104123626391,1320,Tuesday,18712,Outdoors & Recreation,-999,-999.0,Clear,185
5197,40.9653219428021 -74.0628034498054,1380,Tuesday,2861,Arts & Entertainment,-999,-999.0,Clear,185
5197,40.9652292144287 -74.063055866416,420,Wednesday,13086,Professional & Other Places,-999,-999.0,Rain,185
5197,40.9289461861432 -74.09118673238291,540,Wednesday,4561,Professional & Other Places,-999,-999.0,Clear,185
5197,40.9261047848532 -74.099256946321,540,Wednesday,38113,Food,2,7.3,Clear,185
5197,40.96533795 -74.0628079,720,Wednesday,37190,Nightlife Spot,-999,-999.0,Clear,185
5197,40.9651716251224 -74.062746082347,720,Wednesday,12948,Nightlife Spot,3,-999.0,Clear,185
5197,40.9654169422336 -74.062883764218,840,Wednesday,37593,Nightlife Spot,3,-999.0,Clear,185
5197,40.968430416007706 -74.0671461159286,840,Wednesday,20636,Residence,-999,-999.0,Clear,185
5197,40.9654464263127 -74.0629640785966,960,Wednesday,97,Food,2,-999.0,Clear,185
5197,40.96532877881821 -74.0629239214116,1020,Wednesday,38260,Food,2,-999.0,Clear,185
5197,40.96516606425121 -74.0628952377028,1200,Wednesday,26798,Professional & Other Places,-999,-999.0,Clear,185
5197,40.96533795 -74.0628079,1200,Wednesday,37190,Nightlife Spot,-999,-999.0,Clear,185
5197,40.9653708323671 -74.06281492329501,1200,Wednesday,5747,Travel & Transport,-999,-999.0,Clear,185
5197,40.9653219428021 -74.0628034498054,1260,Wednesday,2861,Arts & Entertainment,-999,-999.0,Clouds,185
5197,40.9618329390118 -74.0603022124755,1320,Wednesday,33838,Arts & Entertainment,-999,-999.0,Clear,185
5197,40.96533795 -74.0628079,1380,Wednesday,37190,Nightlife Spot,-999,-999.0,Clear,185
5197,40.965810267788 -74.0676060318947,60,Thursday,26293,Professional & Other Places,-999,-999.0,Clear,185
5197,40.9652292144287 -74.063055866416,360,Thursday,13086,Professional & Other Places,-999,-999.0,Clear,185
5197,40.965810267788 -74.0676060318947,540,Thursday,26293,Professional & Other Places,-999,-999.0,Clear,185
5197,40.967786 -74.0736896833333,540,Thursday,13429,Food,1,6.8,Clear,185
5197,40.9619680384637 -74.0550013159431,720,Thursday,32437,Outdoors & Recreation,-999,-999.0,Clear,185
5197,40.9653550190346 -74.06283213352809,720,Thursday,23852,Outdoors & Recreation,-999,-999.0,Clear,185
5197,40.9653219428021 -74.0628034498054,780,Thursday,2861,Arts & Entertainment,-999,-999.0,Clear,185
5197,40.9654169422336 -74.062883764218,840,Thursday,37593,Nightlife Spot,3,-999.0,Clear,185
5197,40.9654464263127 -74.0629640785966,900,Thursday,97,Food,2,-999.0,Clear,185
5197,40.9654169833333 -74.0629196833333,900,Thursday,34964,Outdoors & Recreation,-999,-999.0,Clear,185
5197,40.9653708323671 -74.06281492329501,900,Thursday,5747,Travel & Transport,-999,-999.0,Clear,185
5197,40.9678387 -74.0737821666667,1080,Thursday,20566,Shop & Service,-999,-999.0,Clear,185
5197,40.9681100152221 -74.05938718735509,1140,Thursday,24621,Residence,-999,-999.0,Clouds,185
5197,40.9653310333333 -74.0627049,1260,Thursday,11593,Food,2,-999.0,Clear,185
5197,40.9651716251224 -74.062746082347,1320,Thursday,12948,Nightlife Spot,3,-999.0,Clear,185
5197,40.9603192232073 -74.06725511155041,1380,Thursday,36101,Travel & Transport,-999,-999.0,Clear,185
5197,40.9652292144287 -74.063055866416,360,Friday,13086,Professional & Other Places,-999,-999.0,Clear,185
5197,40.96533885740629 -74.06283213352809,420,Friday,2316,Nightlife Spot,3,-999.0,Clear,185
5197,40.9653550190346 -74.06283213352809,420,Friday,23852,Outdoors & Recreation,-999,-999.0,Clear,185
5197,40.96532877881821 -74.0629239214116,540,Friday,38260,Food,2,-999.0,Clear,185
5197,40.9654169833333 -74.0629196833333,1020,Friday,34964,Outdoors & Recreation,-999,-999.0,Clear,185
5197,40.9653708323671 -74.06281492329501,1020,Friday,5747,Travel & Transport,-999,-999.0,Clear,185
5197,40.9645718001334 -74.0664339065552,1140,Friday,22829,Travel & Transport,-999,-999.0,Clear,185
5197,40.9654464263127 -74.0629640785966,1200,Friday,97,Food,2,-999.0,Clear,185
5197,40.96533795 -74.0628079,1260,Friday,37190,Nightlife Spot,-999,-999.0,Clear,185
5197,40.96533885740629 -74.06283213352809,480,Saturday,2316,Nightlife Spot,3,-999.0,Clear,185
5197,40.9653550190346 -74.06283213352809,480,Saturday,23852,Outdoors & Recreation,-999,-999.0,Clear,185
5197,40.96532877881821 -74.0629239214116,600,Saturday,38260,Food,2,-999.0,Clear,185
5197,40.9489233795369 -74.069721837773,660,Saturday,21313,Professional & Other Places,-999,-999.0,Clear,185
5197,40.9529105319849 -74.0725499284692,660,Saturday,16940,Shop & Service,-999,5.9,Clear,185
5197,40.9542064642115 -74.0726876032039,780,Saturday,7186,Professional & Other Places,-999,-999.0,Clear,185
5197,40.9645718001334 -74.0664339065552,780,Saturday,22829,Travel & Transport,-999,-999.0,Clouds,185
5197,40.9654169833333 -74.0629196833333,840,Saturday,34964,Outdoors & Recreation,-999,-999.0,Clear,185
5197,40.9681100152221 -74.05938718735509,960,Saturday,24621,Residence,-999,-999.0,Clear,185
5197,40.9618329390118 -74.0603022124755,1020,Saturday,33838,Arts & Entertainment,-999,-999.0,Clear,185
5197,40.9653708323671 -74.06281492329501,1140,Saturday,5747,Travel & Transport,-999,-999.0,Clouds,185
5197,40.9481665166667 -74.06842515,1200,Saturday,35441,Shop & Service,-999,6.1,Clear,185
5197,40.9653219428021 -74.0628034498054,1320,Saturday,2861,Arts & Entertainment,-999,-999.0,Clouds,185
5197,40.96533795 -74.0628079,1320,Saturday,37190,Nightlife Spot,-999,-999.0,Clouds,185
5197,40.9652292144287 -74.063055866416,1380,Saturday,13086,Professional & Other Places,-999,-999.0,Rain,185
5197,40.9654464263127 -74.0629640785966,0,Sunday,97,Food,2,-999.0,Rain,185
5197,40.9654464263127 -74.0629640785966,540,Sunday,97,Food,2,-999.0,Clear,185
5197,40.9603192232073 -74.06725511155041,600,Sunday,36101,Travel & Transport,-999,-999.0,Clear,185
5197,40.96532877881821 -74.0629239214116,720,Sunday,38260,Food,2,-999.0,Clear,185
5197,40.9654169422336 -74.062883764218,780,Sunday,37593,Nightlife Spot,3,-999.0,Clear,185
5197,40.96532877881821 -74.0629239214116,840,Sunday,38260,Food,2,-999.0,Clear,185
5197,40.96533885740629 -74.06283213352809,840,Sunday,2316,Nightlife Spot,3,-999.0,Clear,185
5197,40.9652292144287 -74.063055866416,840,Sunday,13086,Professional & Other Places,-999,-999.0,Clear,185
5197,40.9654169422336 -74.062883764218,900,Sunday,37593,Nightlife Spot,3,-999.0,Clouds,185
5197,40.9645718001334 -74.0664339065552,960,Sunday,22829,Travel & Transport,-999,-999.0,Clouds,185
5197,40.9654169833333 -74.0629196833333,960,Sunday,34964,Outdoors & Recreation,-999,-999.0,Clouds,185
5197,40.9653708323671 -74.06281492329501,1080,Sunday,5747,Travel & Transport,-999,-999.0,Clouds,185
5197,40.96533795 -74.0628079,1200,Sunday,37190,Nightlife Spot,-999,-999.0,Clouds,185
5198,40.9652914155792 -74.0627346088532,0,Monday,9938,Professional & Other Places,-999,-999.0,Clouds,185
5198,40.9653582 -74.0628322333333,60,Monday,14056,Food,2,-999.0,Clouds,185
5198,40.9681100152221 -74.05938718735509,120,Monday,24621,Residence,-999,-999.0,Clouds,185
5198,40.9654464263127 -74.0629640785966,420,Monday,97,Food,2,-999.0,Clouds,185
5198,40.9654169833333 -74.0629196833333,480,Monday,34964,Outdoors & Recreation,-999,-999.0,Clouds,185
5198,40.96533885740629 -74.06283213352809,540,Monday,2316,Nightlife Spot,3,-999.0,Clear,185
5198,40.9653550190346 -74.06283213352809,600,Monday,23852,Outdoors & Recreation,-999,-999.0,Clear,185
5198,40.9654169422336 -74.062883764218,660,Monday,37593,Nightlife Spot,3,-999.0,Clear,185
5198,40.96532877881821 -74.0629239214116,660,Monday,38260,Food,2,-999.0,Clear,185
5198,40.9653708323671 -74.06281492329501,720,Monday,5747,Travel & Transport,-999,-999.0,Clear,185
5198,40.9653219428021 -74.0628034498054,840,Monday,2861,Arts & Entertainment,-999,-999.0,Clouds,185
5198,40.96322288557511 -74.0771573781967,840,Monday,11300,Shop & Service,-999,5.5,Clouds,185
5198,40.9651716251224 -74.062746082347,900,Monday,12948,Nightlife Spot,3,-999.0,Clouds,185
5198,40.9645718001334 -74.0664339065552,900,Monday,22829,Travel & Transport,-999,-999.0,Clouds,185
5198,40.96533795 -74.0628079,960,Monday,37190,Nightlife Spot,-999,-999.0,Clouds,185
5198,40.9678387 -74.0737821666667,1140,Monday,20566,Shop & Service,-999,-999.0,Clouds,185
5198,40.965810267788 -74.0676060318947,1200,Tuesday,26293,Professional & Other Places,-999,-999.0,Clear,185
5198,40.9653582 -74.0628322333333,1320,Tuesday,14056,Food,2,-999.0,Clouds,185
5198,40.9645718001334 -74.0664339065552,0,Wednesday,22829,Travel & Transport,-999,-999.0,Clouds,185
5198,40.9603192232073 -74.06725511155041,0,Wednesday,36101,Travel & Transport,-999,-999.0,Clouds,185
5198,40.9654464263127 -74.0629640785966,300,Wednesday,97,Food,2,-999.0,Clouds,185
5198,40.96532877881821 -74.0629239214116,480,Wednesday,38260,Food,2,-999.0,Clouds,185
5198,40.96533885740629 -74.06283213352809,600,Wednesday,2316,Nightlife Spot,3,-999.0,Clouds,185
5198,40.9653550190346 -74.06283213352809,660,Wednesday,23852,Outdoors & Recreation,-999,-999.0,Clouds,185
5198,40.9654169422336 -74.062883764218,660,Wednesday,37593,Nightlife Spot,3,-999.0,Clouds,185
5198,40.9481629642871 -74.06981935884609,840,Wednesday,30342,Shop & Service,-999,7.1,Clouds,185
5198,40.9653219428021 -74.0628034498054,1260,Wednesday,2861,Arts & Entertainment,-999,-999.0,Clear,185
5198,40.96533795 -74.0628079,1380,Wednesday,37190,Nightlife Spot,-999,-999.0,Clear,185
5198,40.9652292144287 -74.063055866416,0,Thursday,13086,Professional & Other Places,-999,-999.0,Clear,185
5198,40.9654464263127 -74.0629640785966,360,Thursday,97,Food,2,-999.0,Clouds,185
5198,40.9653550190346 -74.06283213352809,480,Thursday,23852,Outdoors & Recreation,-999,-999.0,Clouds,185
5198,40.96532877881821 -74.0629239214116,600,Thursday,38260,Food,2,-999.0,Clear,185
5198,40.9653708323671 -74.06281492329501,720,Thursday,5747,Travel & Transport,-999,-999.0,Clear,185
5198,40.9653219428021 -74.0628034498054,780,Thursday,2861,Arts & Entertainment,-999,-999.0,Clear,185
5198,40.9645718001334 -74.0664339065552,840,Thursday,22829,Travel & Transport,-999,-999.0,Clear,185
5198,40.96533795 -74.0628079,840,Thursday,37190,Nightlife Spot,-999,-999.0,Clear,185
5198,40.9481629642871 -74.06981935884609,900,Thursday,30342,Shop & Service,-999,7.1,Clear,185
5198,40.9603192232073 -74.06725511155041,1260,Thursday,36101,Travel & Transport,-999,-999.0,Clear,185
5198,40.9654464263127 -74.0629640785966,360,Friday,97,Food,2,-999.0,Clear,185
5198,40.9653708323671 -74.06281492329501,480,Friday,5747,Travel & Transport,-999,-999.0,Clear,185
5198,40.96533885740629 -74.06283213352809,540,Friday,2316,Nightlife Spot,3,-999.0,Clear,185
5198,40.9653550190346 -74.06283213352809,600,Friday,23852,Outdoors & Recreation,-999,-999.0,Clear,185
5198,40.96532877881821 -74.0629239214116,720,Friday,38260,Food,2,-999.0,Clear,185
5198,40.9654169833333 -74.0629196833333,780,Friday,34964,Outdoors & Recreation,-999,-999.0,Clear,185
5198,40.9653219428021 -74.0628034498054,840,Friday,2861,Arts & Entertainment,-999,-999.0,Clear,185
5198,40.9489233795369 -74.069721837773,960,Friday,21313,Professional & Other Places,-999,-999.0,Clear,185
5198,40.967786 -74.0736896833333,1020,Friday,13429,Food,1,6.8,Clear,185
5198,40.9651716251224 -74.062746082347,1020,Friday,12948,Nightlife Spot,3,-999.0,Clear,185
5198,40.8812593518676 -74.0319372504514,1140,Friday,18699,Professional & Other Places,-999,-999.0,Clear,185
5198,40.8539378643036 -74.034529,1200,Friday,24693,Shop & Service,-999,-999.0,Clear,185
5198,40.9653582 -74.0628322333333,1320,Friday,14056,Food,2,-999.0,Clouds,185
5198,40.965810267788 -74.0676060318947,0,Saturday,26293,Professional & Other Places,-999,-999.0,Clouds,185
5198,40.9654464263127 -74.0629640785966,420,Sunday,97,Food,2,-999.0,Clouds,185
5198,40.9654169422336 -74.062883764218,480,Sunday,37593,Nightlife Spot,3,-999.0,Clouds,185
5198,40.87435461 -74.04065206,540,Sunday,27041,Food,2,7.1,Clear,185
5198,40.8815281487244 -74.0423393758492,600,Sunday,21130,Shop & Service,-999,6.1,Clear,185
5198,40.880976205626 -74.0434409465382,600,Sunday,19875,Professional & Other Places,-999,-999.0,Clear,185
5198,40.9652292144287 -74.063055866416,720,Sunday,13086,Professional & Other Places,-999,-999.0,Clouds,185
5198,40.965810267788 -74.0676060318947,840,Sunday,26293,Professional & Other Places,-999,-999.0,Clouds,185
5198,40.9618329390118 -74.0603022124755,900,Sunday,33838,Arts & Entertainment,-999,-999.0,Clouds,185
5198,40.96533885740629 -74.06283213352809,1020,Sunday,2316,Nightlife Spot,3,-999.0,Clouds,185
5198,40.9653550190346 -74.06283213352809,1080,Sunday,23852,Outdoors & Recreation,-999,-999.0,Clouds,185
5199,40.9653582 -74.0628322333333,0,Monday,14056,Food,2,-999.0,Clouds,185
5199,40.9652292144287 -74.063055866416,420,Monday,13086,Professional & Other Places,-999,-999.0,Clear,185
5199,40.9654464263127 -74.0629640785966,420,Monday,97,Food,2,-999.0,Clear,185
5199,40.9653219428021 -74.0628034498054,420,Monday,2861,Arts & Entertainment,-999,-999.0,Clear,185
5199,40.96533885740629 -74.06283213352809,600,Monday,2316,Nightlife Spot,3,-999.0,Clear,185
5199,40.776072 -73.902708,720,Monday,32718,Food,2,7.5,Clear,185
5199,40.7536774634461 -73.96974792007171,840,Monday,16436,Outdoors & Recreation,-999,7.2,Clouds,185
5199,40.7527410080238 -73.9733079722472,840,Monday,14176,Food,2,8.2,Clouds,185
5199,40.9061131544928 -74.1028531561466,900,Monday,3556,Professional & Other Places,-999,-999.0,Clouds,185
5199,40.9654169833333 -74.0629196833333,1200,Monday,34964,Outdoors & Recreation,-999,-999.0,Clear,185
5199,40.9653708323671 -74.06281492329501,1260,Monday,5747,Travel & Transport,-999,-999.0,Clear,185
5199,40.96533795 -74.0628079,0,Tuesday,37190,Nightlife Spot,-999,-999.0,Clear,185
5199,40.9654464263127 -74.0629640785966,0,Tuesday,97,Food,2,-999.0,Clear,185
5199,40.9652292144287 -74.063055866416,480,Tuesday,13086,Professional & Other Places,-999,-999.0,Clear,185
5199,40.9653550190346 -74.06283213352809,480,Tuesday,23852,Outdoors & Recreation,-999,-999.0,Clear,185
5199,40.96533885740629 -74.06283213352809,540,Tuesday,2316,Nightlife Spot,3,-999.0,Clear,185
5199,40.96532877881821 -74.0629239214116,660,Tuesday,38260,Food,2,-999.0,Clear,185
5199,40.96516606425121 -74.0628952377028,660,Tuesday,26798,Professional & Other Places,-999,-999.0,Clear,185
5199,40.9481629642871 -74.06981935884609,720,Tuesday,30342,Shop & Service,-999,7.1,Clear,185
5199,40.9654169833333 -74.0629196833333,840,Tuesday,34964,Outdoors & Recreation,-999,-999.0,Clear,185
5199,40.9653708323671 -74.06281492329501,1140,Tuesday,5747,Travel & Transport,-999,-999.0,Clear,185
5199,40.9653219428021 -74.0628034498054,1200,Tuesday,2861,Arts & Entertainment,-999,-999.0,Clear,185
5199,40.9654169422336 -74.062883764218,480,Wednesday,37593,Nightlife Spot,3,-999.0,Clear,185
5199,40.9653550190346 -74.06283213352809,540,Wednesday,23852,Outdoors & Recreation,-999,-999.0,Clear,185
5199,40.96532877881821 -74.0629239214116,600,Wednesday,38260,Food,2,-999.0,Clear,185
5199,40.9603192232073 -74.06725511155041,720,Wednesday,36101,Travel & Transport,-999,-999.0,Clear,185
5199,40.9481629642871 -74.06981935884609,900,Wednesday,30342,Shop & Service,-999,7.1,Clouds,185
5199,40.9489233795369 -74.069721837773,900,Wednesday,21313,Professional & Other Places,-999,-999.0,Rain,185
5199,40.9653708323671 -74.06281492329501,960,Wednesday,5747,Travel & Transport,-999,-999.0,Rain,185
5199,40.9654464263127 -74.0629640785966,960,Wednesday,97,Food,2,-999.0,Rain,185
5199,40.9654169833333 -74.0629196833333,1020,Wednesday,34964,Outdoors & Recreation,-999,-999.0,Rain,185
5199,40.9603192232073 -74.06725511155041,600,Friday,36101,Travel & Transport,-999,-999.0,Rain,185
5199,40.96533885740629 -74.06283213352809,1080,Friday,2316,Nightlife Spot,3,-999.0,Clouds,185
5199,40.9654169422336 -74.062883764218,1140,Friday,37593,Nightlife Spot,3,-999.0,Rain,185
5199,40.9653219428021 -74.0628034498054,1200,Friday,2861,Arts & Entertainment,-999,-999.0,Clouds,185
5199,40.9653582 -74.0628322333333,1260,Friday,14056,Food,2,-999.0,Clouds,185
5199,40.9645718001334 -74.0664339065552,1080,Saturday,22829,Travel & Transport,-999,-999.0,Clouds,185
5199,40.96532877881821 -74.0629239214116,540,Sunday,38260,Food,2,-999.0,Clear,185
5199,40.9654464263127 -74.0629640785966,540,Sunday,97,Food,2,-999.0,Clear,185
5199,40.9654169422336 -74.062883764218,600,Sunday,37593,Nightlife Spot,3,-999.0,Clear,185
5199,40.96533885740629 -74.06283213352809,660,Sunday,2316,Nightlife Spot,3,-999.0,Clear,185
5200,40.96532877881821 -74.0629239214116,480,Tuesday,38260,Food,2,-999.0,Clear,185
5200,40.96533885740629 -74.06283213352809,600,Tuesday,2316,Nightlife Spot,3,-999.0,Clear,185
5200,40.9653550190346 -74.06283213352809,600,Tuesday,23852,Outdoors & Recreation,-999,-999.0,Clear,185
5200,40.9654169833333 -74.0629196833333,660,Tuesday,34964,Outdoors & Recreation,-999,-999.0,Clouds,185
5200,40.9653708323671 -74.06281492329501,720,Tuesday,5747,Travel & Transport,-999,-999.0,Clouds,185
5200,40.9645718001334 -74.0664339065552,840,Tuesday,22829,Travel & Transport,-999,-999.0,Clouds,185
5200,40.96533795 -74.0628079,900,Tuesday,37190,Nightlife Spot,-999,-999.0,Clear,185
5200,40.9652292144287 -74.063055866416,960,Tuesday,13086,Professional & Other Places,-999,-999.0,Clear,185
5200,40.9435611080585 -74.07201643792509,1020,Tuesday,18987,Shop & Service,-999,7.2,Clear,185
5200,40.9481629642871 -74.06981935884609,1020,Tuesday,30342,Shop & Service,-999,7.1,Clear,185
5200,40.9645718001334 -74.0664339065552,1020,Thursday,22829,Travel & Transport,-999,-999.0,Clear,185
5200,40.96533795 -74.0628079,1140,Friday,37190,Nightlife Spot,-999,-999.0,Clouds,185
5200,40.9653708323671 -74.06281492329501,1260,Friday,5747,Travel & Transport,-999,-999.0,Clear,185
5200,40.9654464263127 -74.0629640785966,420,Saturday,97,Food,2,-999.0,Clouds,185
5200,40.9653219428021 -74.0628034498054,480,Saturday,2861,Arts & Entertainment,-999,-999.0,Clouds,185
5200,40.9645718001334 -74.0664339065552,480,Saturday,22829,Travel & Transport,-999,-999.0,Clouds,185
5200,40.9618329390118 -74.0603022124755,540,Saturday,33838,Arts & Entertainment,-999,-999.0,Clouds,185
5200,40.9652292144287 -74.063055866416,660,Saturday,13086,Professional & Other Places,-999,-999.0,Fog,185
5200,40.96532877881821 -74.0629239214116,720,Saturday,38260,Food,2,-999.0,Clouds,185
5200,40.9489233795369 -74.069721837773,720,Saturday,21313,Professional & Other Places,-999,-999.0,Clouds,185
5200,40.9529105319849 -74.0725499284692,780,Saturday,16940,Shop & Service,-999,5.9,Clouds,185
5200,40.9654169833333 -74.0629196833333,960,Saturday,34964,Outdoors & Recreation,-999,-999.0,Rain,185
5200,40.9653708323671 -74.06281492329501,60,Sunday,5747,Travel & Transport,-999,-999.0,Clouds,185
5200,40.9603192232073 -74.06725511155041,60,Sunday,36101,Travel & Transport,-999,-999.0,Clouds,185
5200,40.9654169422336 -74.062883764218,60,Sunday,37593,Nightlife Spot,3,-999.0,Clouds,185
5200,40.9653582 -74.0628322333333,180,Sunday,14056,Food,2,-999.0,Clouds,185
5200,40.96532877881821 -74.0629239214116,420,Sunday,38260,Food,2,-999.0,Clouds,185
5200,40.9653550190346 -74.06283213352809,660,Sunday,23852,Outdoors & Recreation,-999,-999.0,Clouds,185
5200,40.96533885740629 -74.06283213352809,720,Sunday,2316,Nightlife Spot,3,-999.0,Clouds,185
5200,40.9654169833333 -74.0629196833333,720,Sunday,34964,Outdoors & Recreation,-999,-999.0,Clouds,185
5200,40.9654169422336 -74.062883764218,780,Sunday,37593,Nightlife Spot,3,-999.0,Clouds,185
5200,40.96533795 -74.0628079,900,Sunday,37190,Nightlife Spot,-999,-999.0,Clouds,185
5200,40.9654464263127 -74.0629640785966,960,Sunday,97,Food,2,-999.0,Rain,185
5200,40.9653708323671 -74.06281492329501,1020,Sunday,5747,Travel & Transport,-999,-999.0,Clear,185
5200,40.9645718001334 -74.0664339065552,1020,Sunday,22829,Travel & Transport,-999,-999.0,Clear,185
5200,40.9651716251224 -74.062746082347,1080,Sunday,12948,Nightlife Spot,3,-999.0,Clear,185
5200,40.9618329390118 -74.0603022124755,1140,Sunday,33838,Arts & Entertainment,-999,-999.0,Clouds,185
5200,40.9652292144287 -74.063055866416,1140,Sunday,13086,Professional & Other Places,-999,-999.0,Clouds,185
5200,40.9653582 -74.0628322333333,1380,Sunday,14056,Food,2,-999.0,Clouds,185
5201,40.9652914155792 -74.0627346088532,60,Monday,9938,Professional & Other Places,-999,-999.0,Clear,185
5201,40.9653310333333 -74.0627049,120,Monday,11593,Food,2,-999.0,Clear,185
5201,40.965810267788 -74.0676060318947,120,Monday,26293,Professional & Other Places,-999,-999.0,Clouds,185
5201,40.9681100152221 -74.05938718735509,180,Monday,24621,Residence,-999,-999.0,Clouds,185
5201,40.9652292144287 -74.063055866416,420,Monday,13086,Professional & Other Places,-999,-999.0,Clouds,185
5201,40.96533885740629 -74.06283213352809,420,Monday,2316,Nightlife Spot,3,-999.0,Clouds,185
5201,40.9653550190346 -74.06283213352809,480,Monday,23852,Outdoors & Recreation,-999,-999.0,Clouds,185
5201,40.96532877881821 -74.0629239214116,540,Monday,38260,Food,2,-999.0,Clouds,185
5201,40.9651716251224 -74.062746082347,180,Sunday,12948,Nightlife Spot,3,-999.0,Clouds,185
5201,40.9654169422336 -74.062883764218,720,Sunday,37593,Nightlife Spot,3,-999.0,Clouds,185
5201,40.967786 -74.0736896833333,720,Sunday,13429,Food,1,6.8,Clouds,185
5201,40.9678387 -74.0737821666667,720,Sunday,20566,Shop & Service,-999,-999.0,Clouds,185
5201,40.92571083 -74.0990589333333,720,Sunday,11925,Shop & Service,-999,6.0,Clouds,185
5201,40.92680715315 -74.0686089466701,780,Sunday,6875,Professional & Other Places,-999,-999.0,Clouds,185
5201,40.9652914155792 -74.0627346088532,960,Sunday,9938,Professional & Other Places,-999,-999.0,Clouds,185
5201,40.9653708323671 -74.06281492329501,1200,Sunday,5747,Travel & Transport,-999,-999.0,Rain,185
5201,40.9653219428021 -74.0628034498054,1260,Sunday,2861,Arts & Entertainment,-999,-999.0,Rain,185
5201,40.9645718001334 -74.0664339065552,1260,Sunday,22829,Travel & Transport,-999,-999.0,Clouds,185
5201,40.9651716251224 -74.062746082347,1320,Sunday,12948,Nightlife Spot,3,-999.0,Clouds,185
5201,40.9652292144287 -74.063055866416,1380,Sunday,13086,Professional & Other Places,-999,-999.0,Clouds,185
5202,40.9681100152221 -74.05938718735509,0,Monday,24621,Residence,-999,-999.0,Clouds,185
5202,40.9653708323671 -74.06281492329501,540,Monday,5747,Travel & Transport,-999,-999.0,Clear,185
5202,40.96532877881821 -74.0629239214116,540,Thursday,38260,Food,2,-999.0,Clear,185
5202,40.96533885740629 -74.06283213352809,660,Thursday,2316,Nightlife Spot,3,-999.0,Clouds,185
5202,40.9653550190346 -74.06283213352809,840,Thursday,23852,Outdoors & Recreation,-999,-999.0,Clouds,185
5202,40.9654169833333 -74.0629196833333,960,Thursday,34964,Outdoors & Recreation,-999,-999.0,Clear,185
5202,40.9653708323671 -74.06281492329501,1200,Thursday,5747,Travel & Transport,-999,-999.0,Clouds,185
5202,40.9653310333333 -74.0627049,0,Friday,11593,Food,2,-999.0,Clear,185
5202,40.9652292144287 -74.063055866416,420,Friday,13086,Professional & Other Places,-999,-999.0,Clouds,185
5202,40.9654169422336 -74.062883764218,480,Friday,37593,Nightlife Spot,3,-999.0,Clouds,185
5202,40.96533795 -74.0628079,660,Friday,37190,Nightlife Spot,-999,-999.0,Clouds,185
5202,40.9653550190346 -74.06283213352809,840,Friday,23852,Outdoors & Recreation,-999,-999.0,Rain,185
5202,40.9489233795369 -74.069721837773,900,Friday,21313,Professional & Other Places,-999,-999.0,Clouds,185
5202,40.9654169833333 -74.0629196833333,960,Friday,34964,Outdoors & Recreation,-999,-999.0,Clouds,185
5202,40.9651716251224 -74.062746082347,1140,Friday,12948,Nightlife Spot,3,-999.0,Clouds,185
5202,40.9618329390118 -74.0603022124755,1140,Friday,33838,Arts & Entertainment,-999,-999.0,Clouds,185
5202,40.96532877881821 -74.0629239214116,1260,Friday,38260,Food,2,-999.0,Clouds,185
5202,40.9653219428021 -74.0628034498054,1380,Friday,2861,Arts & Entertainment,-999,-999.0,Clear,185
5202,40.9645718001334 -74.0664339065552,1380,Friday,22829,Travel & Transport,-999,-999.0,Clear,185
5202,40.96532877881821 -74.0629239214116,540,Saturday,38260,Food,2,-999.0,Clouds,185
5202,40.9481629642871 -74.06981935884609,720,Saturday,30342,Shop & Service,-999,7.1,Clouds,185
5202,40.9654169422336 -74.062883764218,840,Saturday,37593,Nightlife Spot,3,-999.0,Clouds,185
5202,40.9603192232073 -74.06725511155041,900,Saturday,36101,Travel & Transport,-999,-999.0,Clouds,185
5202,40.9653550190346 -74.06283213352809,900,Saturday,23852,Outdoors & Recreation,-999,-999.0,Clouds,185
5202,40.9654169833333 -74.0629196833333,960,Saturday,34964,Outdoors & Recreation,-999,-999.0,Clouds,185
5202,40.9653708323671 -74.06281492329501,1080,Saturday,5747,Travel & Transport,-999,-999.0,Clear,185
5202,40.918982 -74.069229,1260,Saturday,26022,Professional & Other Places,-999,-999.0,Clouds,185
5202,40.904636 -74.062384,1260,Saturday,18007,Food,1,-999.0,Clear,185
5202,40.9645718001334 -74.0664339065552,1320,Saturday,22829,Travel & Transport,-999,-999.0,Clear,185
5202,40.9651716251224 -74.062746082347,0,Sunday,12948,Nightlife Spot,3,-999.0,Clear,185
5202,40.9618329390118 -74.0603022124755,60,Sunday,33838,Arts & Entertainment,-999,-999.0,Clouds,185
5202,40.965810267788 -74.0676060318947,300,Sunday,26293,Professional & Other Places,-999,-999.0,Clouds,185
5202,40.96532877881821 -74.0629239214116,540,Sunday,38260,Food,2,-999.0,Clear,185
5202,40.9654169422336 -74.062883764218,600,Sunday,37593,Nightlife Spot,3,-999.0,Clear,185
5202,40.97792957758461 -74.0632279684576,900,Sunday,31718,Shop & Service,-999,6.6,Clouds,185
5202,40.9654169833333 -74.0629196833333,900,Sunday,34964,Outdoors & Recreation,-999,-999.0,Clouds,185
5202,40.96533885740629 -74.06283213352809,1140,Sunday,2316,Nightlife Spot,3,-999.0,Clouds,185
5202,40.9618329390118 -74.0603022124755,1260,Sunday,33838,Arts & Entertainment,-999,-999.0,Clear,185
5202,40.9651716251224 -74.062746082347,1320,Sunday,12948,Nightlife Spot,3,-999.0,Clear,185
5202,40.9652292144287 -74.063055866416,1380,Sunday,13086,Professional & Other Places,-999,-999.0,Clear,185
5205,40.9654464263127 -74.0629640785966,420,Wednesday,97,Food,2,-999.0,Clouds,185
5205,40.9652292144287 -74.063055866416,480,Wednesday,13086,Professional & Other Places,-999,-999.0,Clouds,185
5205,40.9328062550792 -74.0711545944214,540,Wednesday,3785,Food,1,7.7,Clouds,185
5205,40.9481665166667 -74.06842515,1080,Wednesday,35441,Shop & Service,-999,6.1,Clouds,185
5205,40.9654169422336 -74.062883764218,1200,Wednesday,37593,Nightlife Spot,3,-999.0,Clouds,185
5205,40.9618329390118 -74.0603022124755,1200,Wednesday,33838,Arts & Entertainment,-999,-999.0,Clouds,185
5205,40.9651716251224 -74.062746082347,1320,Wednesday,12948,Nightlife Spot,3,-999.0,Clear,185
5205,40.9654169833333 -74.0629196833333,1380,Wednesday,34964,Outdoors & Recreation,-999,-999.0,Clear,185
5205,40.9653219428021 -74.0628034498054,0,Thursday,2861,Arts & Entertainment,-999,-999.0,Clear,185
5205,40.9645718001334 -74.0664339065552,60,Thursday,22829,Travel & Transport,-999,-999.0,Clear,185
5205,40.9603192232073 -74.06725511155041,60,Thursday,36101,Travel & Transport,-999,-999.0,Clouds,185
5205,40.965810267788 -74.0676060318947,60,Thursday,26293,Professional & Other Places,-999,-999.0,Clouds,185
5205,40.9653219428021 -74.0628034498054,780,Thursday,2861,Arts & Entertainment,-999,-999.0,Clear,185
5205,40.9653550190346 -74.06283213352809,540,Sunday,23852,Outdoors & Recreation,-999,-999.0,Clouds,185
5205,40.9652292144287 -74.063055866416,600,Sunday,13086,Professional & Other Places,-999,-999.0,Clouds,185
5205,40.9654169422336 -74.062883764218,780,Sunday,37593,Nightlife Spot,3,-999.0,Clear,185
5205,40.9653219428021 -74.0628034498054,840,Sunday,2861,Arts & Entertainment,-999,-999.0,Clouds,185
5205,40.9651716251224 -74.062746082347,960,Sunday,12948,Nightlife Spot,3,-999.0,Clouds,185
5205,40.9653708323671 -74.06281492329501,1080,Sunday,5747,Travel & Transport,-999,-999.0,Clear,185
5205,40.9645718001334 -74.0664339065552,1080,Sunday,22829,Travel & Transport,-999,-999.0,Clouds,185
5205,40.9618329390118 -74.0603022124755,1140,Sunday,33838,Arts & Entertainment,-999,-999.0,Clouds,185
5205,40.96516606425121 -74.0628952377028,1200,Sunday,26798,Professional & Other Places,-999,-999.0,Clouds,185
5206,40.9654169422336 -74.062883764218,840,Wednesday,37593,Nightlife Spot,3,-999.0,Clear,185
5206,40.9652292144287 -74.063055866416,240,Thursday,13086,Professional & Other Places,-999,-999.0,Clear,185
5206,40.9651716251224 -74.062746082347,240,Thursday,12948,Nightlife Spot,3,-999.0,Clear,185
5206,40.9653708323671 -74.06281492329501,300,Thursday,5747,Travel & Transport,-999,-999.0,Clear,185
5206,40.9654464263127 -74.0629640785966,360,Thursday,97,Food,2,-999.0,Clear,185
5206,40.9653219428021 -74.0628034498054,420,Thursday,2861,Arts & Entertainment,-999,-999.0,Clear,185
5206,40.902013007153 -74.1375326810483,420,Thursday,23904,Professional & Other Places,-999,-999.0,Clear,185
5206,40.9645718001334 -74.0664339065552,480,Friday,22829,Travel & Transport,-999,-999.0,Clear,185
5206,40.9653708323671 -74.06281492329501,480,Friday,5747,Travel & Transport,-999,-999.0,Clear,185
5206,40.9653550190346 -74.06283213352809,600,Friday,23852,Outdoors & Recreation,-999,-999.0,Clear,185
5206,40.96533885740629 -74.06283213352809,660,Friday,2316,Nightlife Spot,3,-999.0,Clear,185
5206,40.9654169422336 -74.062883764218,720,Friday,37593,Nightlife Spot,3,-999.0,Clear,185
5206,40.96532877881821 -74.0629239214116,900,Friday,38260,Food,2,-999.0,Clear,185
5206,40.96533795 -74.0628079,960,Friday,37190,Nightlife Spot,-999,-999.0,Clear,185
5206,40.967786 -74.0736896833333,1020,Friday,13429,Food,1,6.8,Clear,185
5206,40.9654464263127 -74.0629640785966,1200,Friday,97,Food,2,-999.0,Clear,185
5206,40.9654169833333 -74.0629196833333,1320,Friday,34964,Outdoors & Recreation,-999,-999.0,Clear,185
5206,40.9618329390118 -74.0603022124755,1380,Friday,33838,Arts & Entertainment,-999,-999.0,Clear,185
5206,40.9652292144287 -74.063055866416,360,Saturday,13086,Professional & Other Places,-999,-999.0,Clouds,185
5206,40.9603192232073 -74.06725511155041,480,Saturday,36101,Travel & Transport,-999,-999.0,Clear,185
5206,40.96532877881821 -74.0629239214116,540,Saturday,38260,Food,2,-999.0,Clear,185
5206,40.96533885740629 -74.06283213352809,540,Saturday,2316,Nightlife Spot,3,-999.0,Clear,185
5206,40.92680715315 -74.0686089466701,720,Saturday,6875,Professional & Other Places,-999,-999.0,Clear,185
5206,40.9489233795369 -74.069721837773,720,Saturday,21313,Professional & Other Places,-999,-999.0,Clear,185
5206,40.9481629642871 -74.06981935884609,780,Saturday,30342,Shop & Service,-999,7.1,Clear,185
5206,40.96516606425121 -74.0628952377028,780,Saturday,26798,Professional & Other Places,-999,-999.0,Clear,185
5206,40.96533795 -74.0628079,840,Saturday,37190,Nightlife Spot,-999,-999.0,Clear,185
5206,40.9651716251224 -74.062746082347,840,Saturday,12948,Nightlife Spot,3,-999.0,Clouds,185
5206,40.967786 -74.0736896833333,900,Saturday,13429,Food,1,6.8,Clouds,185
5206,40.965810267788 -74.0676060318947,1020,Saturday,26293,Professional & Other Places,-999,-999.0,Clouds,185
5206,40.9653550190346 -74.06283213352809,1140,Saturday,23852,Outdoors & Recreation,-999,-999.0,Clear,185
5206,40.9654169422336 -74.062883764218,1200,Saturday,37593,Nightlife Spot,3,-999.0,Clear,185
5206,40.9654464263127 -74.0629640785966,1260,Saturday,97,Food,2,-999.0,Clear,185
5206,40.9618329390118 -74.0603022124755,1260,Saturday,33838,Arts & Entertainment,-999,-999.0,Clear,185
5206,40.9654169833333 -74.0629196833333,1320,Saturday,34964,Outdoors & Recreation,-999,-999.0,Clear,185
5206,40.9653219428021 -74.0628034498054,1320,Saturday,2861,Arts & Entertainment,-999,-999.0,Clear,185
5206,40.9653708323671 -74.06281492329501,1380,Saturday,5747,Travel & Transport,-999,-999.0,Clear,185
5207,40.9618329390118 -74.0603022124755,480,Monday,33838,Arts & Entertainment,-999,-999.0,Clear,185
5207,40.96533885740629 -74.06283213352809,540,Monday,2316,Nightlife Spot,3,-999.0,Clear,185
5207,40.767574172633296 -73.8673496246338,960,Monday,30368,Travel & Transport,-999,5.1,Clouds,185
5207,40.78207866666671 -73.833744,1020,Monday,13968,Food,2,-999.0,Clouds,185
5207,40.9654169422336 -74.062883764218,1080,Thursday,37593,Nightlife Spot,3,-999.0,Clear,185
5207,40.9651716251224 -74.062746082347,1140,Thursday,12948,Nightlife Spot,3,-999.0,Clear,185
5207,40.96532877881821 -74.0629239214116,1200,Thursday,38260,Food,2,-999.0,Clear,185
5207,40.9654169833333 -74.0629196833333,1200,Thursday,34964,Outdoors & Recreation,-999,-999.0,Clear,185
5207,40.9645718001334 -74.0664339065552,1320,Thursday,22829,Travel & Transport,-999,-999.0,Clear,185
5207,40.9618329390118 -74.0603022124755,1320,Thursday,33838,Arts & Entertainment,-999,-999.0,Clear,185
5207,40.9652292144287 -74.063055866416,1380,Thursday,13086,Professional & Other Places,-999,-999.0,Clear,185
5207,40.96532877881821 -74.0629239214116,360,Friday,38260,Food,2,-999.0,Clear,185
5207,40.9653550190346 -74.06283213352809,420,Friday,23852,Outdoors & Recreation,-999,-999.0,Clear,185
5207,40.92680715315 -74.0686089466701,600,Friday,6875,Professional & Other Places,-999,-999.0,Clear,185
5207,40.96532877881821 -74.0629239214116,780,Friday,38260,Food,2,-999.0,Clouds,185
5207,40.96533795 -74.0628079,840,Friday,37190,Nightlife Spot,-999,-999.0,Clouds,185
5207,40.9651716251224 -74.062746082347,960,Friday,12948,Nightlife Spot,3,-999.0,Clouds,185
5207,40.96533885740629 -74.06283213352809,1080,Friday,2316,Nightlife Spot,3,-999.0,Clear,185
5207,40.9654169422336 -74.062883764218,1200,Friday,37593,Nightlife Spot,3,-999.0,Clear,185
5207,40.9652292144287 -74.063055866416,1260,Friday,13086,Professional & Other Places,-999,-999.0,Clear,185
5207,40.9654169833333 -74.0629196833333,1320,Friday,34964,Outdoors & Recreation,-999,-999.0,Clear,185
5207,40.9603192232073 -74.06725511155041,1320,Friday,36101,Travel & Transport,-999,-999.0,Clear,185
5207,40.9653708323671 -74.06281492329501,1380,Friday,5747,Travel & Transport,-999,-999.0,Clear,185
5207,40.96533795 -74.0628079,1380,Friday,37190,Nightlife Spot,-999,-999.0,Clear,185
5207,40.9540874073425 -74.0712305405093,480,Saturday,32000,Professional & Other Places,-999,-999.0,Clear,185
5209,40.9645718001334 -74.0664339065552,360,Monday,22829,Travel & Transport,-999,-999.0,Clear,185
5209,40.9653550190346 -74.06283213352809,420,Monday,23852,Outdoors & Recreation,-999,-999.0,Clear,185
5209,40.96533885740629 -74.06283213352809,540,Monday,2316,Nightlife Spot,3,-999.0,Clear,185
5209,40.9654464263127 -74.0629640785966,660,Monday,97,Food,2,-999.0,Clear,185
5209,40.9653708323671 -74.06281492329501,780,Monday,5747,Travel & Transport,-999,-999.0,Clear,185
5209,40.9618329390118 -74.0603022124755,1140,Monday,33838,Arts & Entertainment,-999,-999.0,Clear,185
5209,40.9652914155792 -74.0627346088532,1380,Monday,9938,Professional & Other Places,-999,-999.0,Clear,185
5209,40.9654464263127 -74.0629640785966,0,Tuesday,97,Food,2,-999.0,Clear,185
5209,40.9681100152221 -74.05938718735509,0,Tuesday,24621,Residence,-999,-999.0,Clear,185
5209,40.9652292144287 -74.063055866416,420,Tuesday,13086,Professional & Other Places,-999,-999.0,Clear,185
5209,40.96532877881821 -74.0629239214116,420,Tuesday,38260,Food,2,-999.0,Clear,185
5209,40.96533885740629 -74.06283213352809,480,Tuesday,2316,Nightlife Spot,3,-999.0,Clear,185
5209,40.9489233795369 -74.069721837773,540,Tuesday,21313,Professional & Other Places,-999,-999.0,Clear,185
5209,40.9002436449836 -74.0819746796153,1020,Wednesday,8104,Travel & Transport,-999,-999.0,Clouds,185
5209,40.9651716251224 -74.062746082347,1140,Wednesday,12948,Nightlife Spot,3,-999.0,Clouds,185
5209,40.9652292144287 -74.063055866416,1200,Wednesday,13086,Professional & Other Places,-999,-999.0,Clouds,185
5209,40.96532877881821 -74.0629239214116,1380,Wednesday,38260,Food,2,-999.0,Clouds,185
5209,40.9681100152221 -74.05938718735509,0,Thursday,24621,Residence,-999,-999.0,Clouds,185
5209,40.96533885740629 -74.06283213352809,420,Thursday,2316,Nightlife Spot,3,-999.0,Clouds,185
5209,40.9653550190346 -74.06283213352809,480,Thursday,23852,Outdoors & Recreation,-999,-999.0,Clouds,185
5209,40.9654169422336 -74.062883764218,540,Thursday,37593,Nightlife Spot,3,-999.0,Clouds,185
5209,40.96532877881821 -74.0629239214116,660,Thursday,38260,Food,2,-999.0,Clouds,185
5209,40.8024727617908 -74.2478370666504,780,Thursday,17463,Shop & Service,-999,5.6,Clouds,185
5209,40.96533885740629 -74.06283213352809,420,Friday,2316,Nightlife Spot,3,-999.0,Clouds,185
5209,40.9652292144287 -74.063055866416,540,Friday,13086,Professional & Other Places,-999,-999.0,Clouds,185
5209,40.96533795 -74.0628079,600,Friday,37190,Nightlife Spot,-999,-999.0,Clouds,185
5209,40.918982 -74.069229,720,Friday,26022,Professional & Other Places,-999,-999.0,Clouds,185
5209,40.92680715315 -74.0686089466701,780,Friday,6875,Professional & Other Places,-999,-999.0,Clouds,185
5209,40.9653708323671 -74.06281492329501,960,Friday,5747,Travel & Transport,-999,-999.0,Clouds,185
5209,40.9653550190346 -74.06283213352809,1020,Friday,23852,Outdoors & Recreation,-999,-999.0,Clouds,185
5209,40.96533885740629 -74.06283213352809,1080,Friday,2316,Nightlife Spot,3,-999.0,Clouds,185
5209,40.9651716251224 -74.062746082347,60,Saturday,12948,Nightlife Spot,3,-999.0,Clouds,185
5209,40.9654169833333 -74.0629196833333,360,Saturday,34964,Outdoors & Recreation,-999,-999.0,Clouds,185
5209,40.96533885740629 -74.06283213352809,600,Saturday,2316,Nightlife Spot,3,-999.0,Clouds,185
5209,40.9489233795369 -74.069721837773,660,Saturday,21313,Professional & Other Places,-999,-999.0,Clouds,185
5209,40.9481629642871 -74.06981935884609,720,Saturday,30342,Shop & Service,-999,7.1,Clouds,185
5209,40.9529105319849 -74.0725499284692,720,Saturday,16940,Shop & Service,-999,5.9,Clouds,185
5209,40.96532877881821 -74.0629239214116,840,Saturday,38260,Food,2,-999.0,Clouds,185
5209,40.9654169422336 -74.062883764218,1080,Saturday,37593,Nightlife Spot,3,-999.0,Clear,185
5209,40.96533795 -74.0628079,1200,Saturday,37190,Nightlife Spot,-999,-999.0,Clouds,185
5209,40.9481665166667 -74.06842515,1320,Saturday,35441,Shop & Service,-999,6.1,Clear,185
5209,40.9654169833333 -74.0629196833333,1380,Saturday,34964,Outdoors & Recreation,-999,-999.0,Clear,185
5209,40.9652292144287 -74.063055866416,60,Sunday,13086,Professional & Other Places,-999,-999.0,Clear,185
5209,40.9603192232073 -74.06725511155041,60,Sunday,36101,Travel & Transport,-999,-999.0,Clear,185
5209,40.965810267788 -74.0676060318947,60,Sunday,26293,Professional & Other Places,-999,-999.0,Clear,185
5209,40.9645718001334 -74.0664339065552,420,Sunday,22829,Travel & Transport,-999,-999.0,Clouds,185
5209,40.96532877881821 -74.0629239214116,540,Sunday,38260,Food,2,-999.0,Clouds,185
5209,40.9653550190346 -74.06283213352809,600,Sunday,23852,Outdoors & Recreation,-999,-999.0,Clouds,185
5209,40.9654169422336 -74.062883764218,720,Sunday,37593,Nightlife Spot,3,-999.0,Clouds,185
5209,40.9654464263127 -74.0629640785966,720,Sunday,97,Food,2,-999.0,Clouds,185
5209,40.96516606425121 -74.0628952377028,840,Sunday,26798,Professional & Other Places,-999,-999.0,Clouds,185
5209,40.9654169833333 -74.0629196833333,900,Sunday,34964,Outdoors & Recreation,-999,-999.0,Clouds,185
5209,40.9653582 -74.0628322333333,1260,Sunday,14056,Food,2,-999.0,Clouds,185
5209,40.9653219428021 -74.0628034498054,1380,Sunday,2861,Arts & Entertainment,-999,-999.0,Clouds,185
5210,40.9645718001334 -74.0664339065552,360,Monday,22829,Travel & Transport,-999,-999.0,Clouds,185
5210,40.9654169833333 -74.0629196833333,480,Monday,34964,Outdoors & Recreation,-999,-999.0,Rain,185
5210,40.9653708323671 -74.06281492329501,480,Tuesday,5747,Travel & Transport,-999,-999.0,Clouds,185
5210,40.9540582194617 -74.0724753546127,660,Tuesday,7186,Professional & Other Places,-999,-999.0,Rain,185
5210,40.9481665166667 -74.06842515,660,Tuesday,35441,Shop & Service,-999,6.1,Rain,185
5210,40.96533795 -74.0628079,780,Tuesday,37190,Nightlife Spot,-999,-999.0,Clouds,185
5210,40.9192202005511 -74.0747165679932,1200,Tuesday,14209,Food,2,-999.0,Clouds,185
5210,40.9190016044615 -74.0745920934079,1200,Tuesday,505,Shop & Service,-999,8.7,Clouds,185
5210,40.9651716251224 -74.062746082347,1320,Tuesday,12948,Nightlife Spot,3,-999.0,Clouds,185
5210,40.9654169833333 -74.0629196833333,60,Wednesday,34964,Outdoors & Recreation,-999,-999.0,Clouds,185
5210,40.9652292144287 -74.063055866416,420,Wednesday,13086,Professional & Other Places,-999,-999.0,Clouds,185
5210,40.967786 -74.0736896833333,540,Wednesday,13429,Food,1,6.8,Clouds,185
5210,40.96533795 -74.0628079,660,Wednesday,37190,Nightlife Spot,-999,-999.0,Clouds,185
5210,40.9603192232073 -74.06725511155041,1200,Wednesday,36101,Travel & Transport,-999,-999.0,Clouds,185
5210,40.9678387 -74.0737821666667,1260,Wednesday,20566,Shop & Service,-999,-999.0,Clouds,185
5210,40.96533885740629 -74.06283213352809,1320,Wednesday,2316,Nightlife Spot,3,-999.0,Clouds,185
5210,40.9653550190346 -74.06283213352809,1380,Wednesday,23852,Outdoors & Recreation,-999,-999.0,Clouds,185
5210,40.9654169422336 -74.062883764218,1380,Wednesday,37593,Nightlife Spot,3,-999.0,Clouds,185
5210,40.9651716251224 -74.062746082347,60,Thursday,12948,Nightlife Spot,3,-999.0,Clear,185
5210,40.96533795 -74.0628079,240,Thursday,37190,Nightlife Spot,-999,-999.0,Clear,185
5210,40.9654169833333 -74.0629196833333,360,Thursday,34964,Outdoors & Recreation,-999,-999.0,Clear,185
5210,40.9645718001334 -74.0664339065552,780,Thursday,22829,Travel & Transport,-999,-999.0,Clouds,185
5210,40.9652292144287 -74.063055866416,840,Thursday,13086,Professional & Other Places,-999,-999.0,Clouds,185
5210,40.96533885740629 -74.06283213352809,1020,Thursday,2316,Nightlife Spot,3,-999.0,Clouds,185
5210,40.9653550190346 -74.06283213352809,1140,Thursday,23852,Outdoors & Recreation,-999,-999.0,Clouds,185
5210,40.9678387 -74.0737821666667,1200,Thursday,20566,Shop & Service,-999,-999.0,Clouds,185
5210,40.9654169833333 -74.0629196833333,300,Friday,34964,Outdoors & Recreation,-999,-999.0,Clouds,185
5210,40.965810267788 -74.0676060318947,420,Friday,26293,Professional & Other Places,-999,-999.0,Clouds,185
5213,40.9654464263127 -74.0629640785966,600,Monday,97,Food,2,-999.0,Clouds,185
5213,40.9654169422336 -74.062883764218,660,Monday,37593,Nightlife Spot,3,-999.0,Clouds,185
5213,40.918982 -74.069229,720,Monday,26022,Professional & Other Places,-999,-999.0,Clouds,185
5213,40.96532877881821 -74.0629239214116,1140,Monday,38260,Food,2,-999.0,Clouds,185
5213,40.96533795 -74.0628079,1140,Monday,37190,Nightlife Spot,-999,-999.0,Clouds,185
5213,40.9651716251224 -74.062746082347,1200,Monday,12948,Nightlife Spot,3,-999.0,Clouds,185
5213,40.9654169833333 -74.0629196833333,1320,Monday,34964,Outdoors & Recreation,-999,-999.0,Clouds,185
5213,40.96516606425121 -74.0628952377028,1380,Monday,26798,Professional & Other Places,-999,-999.0,Clouds,185
5213,40.96516606425121 -74.0628952377028,60,Tuesday,26798,Professional & Other Places,-999,-999.0,Clear,185
5213,40.9681100152221 -74.05938718735509,60,Tuesday,24621,Residence,-999,-999.0,Clear,185
5213,40.9652292144287 -74.063055866416,480,Tuesday,13086,Professional & Other Places,-999,-999.0,Clear,185
5213,40.9654169833333 -74.0629196833333,660,Tuesday,34964,Outdoors & Recreation,-999,-999.0,Clear,185
5213,40.96533885740629 -74.06283213352809,720,Tuesday,2316,Nightlife Spot,3,-999.0,Clear,185
5213,40.9654169422336 -74.062883764218,900,Tuesday,37593,Nightlife Spot,3,-999.0,Clear,185
5213,40.9540582194617 -74.0724753546127,1140,Tuesday,7186,Professional & Other Places,-999,-999.0,Clear,185
5213,40.9489233795369 -74.069721837773,1140,Tuesday,21313,Professional & Other Places,-999,-999.0,Clear,185
5213,40.96516606425121 -74.0628952377028,360,Wednesday,26798,Professional & Other Places,-999,-999.0,Clear,185
5213,40.9652292144287 -74.063055866416,420,Wednesday,13086,Professional & Other Places,-999,-999.0,Clear,185
5213,40.96532877881821 -74.0629239214116,780,Wednesday,38260,Food,2,-999.0,Clear,185
5213,40.9618329390118 -74.0603022124755,1260,Wednesday,33838,Arts & Entertainment,-999,-999.0,Clear,185
5213,40.9653550190346 -74.06283213352809,720,Thursday,23852,Outdoors & Recreation,-999,-999.0,Clear,185
5213,40.96533885740629 -74.06283213352809,720,Thursday,2316,Nightlife Spot,3,-999.0,Clear,185
5213,40.9654464263127 -74.0629640785966,840,Thursday,97,Food,2,-999.0,Clear,185
5213,40.9603994552938 -74.0666527665392,960,Thursday,36101,Travel & Transport,-999,-999.0,Clear,185
5213,40.946256933333295 -74.0934104666667,1020,Thursday,3440,Food,2,8.0,Clear,185
5213,40.9463 -74.093533,1080,Thursday,32786,Food,2,8.0,Clear,185
5213,40.9468433241215 -74.0927195549011,1080,Thursday,13341,Outdoors & Recreation,-999,6.7,Clear,185
5213,40.9654169833333 -74.0629196833333,1380,Thursday,34964,Outdoors & Recreation,-999,-999.0,Clear,185
5213,40.9652914155792 -74.0627346088532,1380,Thursday,9938,Professional & Other Places,-999,-999.0,Clear,185
5213,40.9653219428021 -74.0628034498054,0,Friday,2861,Arts & Entertainment,-999,-999.0,Clear,185
5213,40.9681100152221 -74.05938718735509,360,Friday,24621,Residence,-999,-999.0,Clear,185
5213,40.9489233795369 -74.069721837773,420,Friday,21313,Professional & Other Places,-999,-999.0,Clear,185
5213,40.9654169422336 -74.062883764218,480,Friday,37593,Nightlife Spot,3,-999.0,Clear,185
5213,40.9651716251224 -74.062746082347,840,Friday,12948,Nightlife Spot,3,-999.0,Clear,185
5213,40.9652292144287 -74.063055866416,900,Friday,13086,Professional & Other Places,-999,-999.0,Clear,185
5213,40.967786 -74.0736896833333,1020,Friday,13429,Food,1,6.8,Clear,185
5213,40.9653219428021 -74.0628034498054,1200,Friday,2861,Arts & Entertainment,-999,-999.0,Clouds,185
5213,40.9653582 -74.0628322333333,1260,Friday,14056,Food,2,-999.0,Clouds,185
5213,40.9618329390118 -74.0603022124755,1320,Friday,33838,Arts & Entertainment,-999,-999.0,Rain,185
5213,40.9681100152221 -74.05938718735509,1380,Friday,24621,Residence,-999,-999.0,Rain,185
5213,40.9618329390118 -74.0603022124755,1380,Friday,33838,Arts & Entertainment,-999,-999.0,Clouds,185
5213,40.96516606425121 -74.0628952377028,240,Saturday,26798,Professional & Other Places,-999,-999.0,Clear,185
5213,40.9654169422336 -74.062883764218,420,Saturday,37593,Nightlife Spot,3,-999.0,Clear,185
5213,40.96532877881821 -74.0629239214116,480,Saturday,38260,Food,2,-999.0,Clear,185
5213,40.96533795 -74.0628079,840,Saturday,37190,Nightlife Spot,-999,-999.0,Clouds,185
5213,40.9645718001334 -74.0664339065552,900,Saturday,22829,Travel & Transport,-999,-999.0,Clouds,185
5213,40.89136755422071 -74.12711286707071,1200,Saturday,5874,Food,2,8.8,Clear,185
5213,40.9653582 -74.0628322333333,1380,Saturday,14056,Food,2,-999.0,Clear,185
5213,40.9652292144287 -74.063055866416,0,Sunday,13086,Professional & Other Places,-999,-999.0,Clear,185
5213,40.9652914155792 -74.0627346088532,60,Sunday,9938,Professional & Other Places,-999,-999.0,Clouds,185
5213,40.9654169422336 -74.062883764218,600,Sunday,37593,Nightlife Spot,3,-999.0,Clouds,185
5213,40.96533885740629 -74.06283213352809,660,Sunday,2316,Nightlife Spot,3,-999.0,Clear,185
5213,40.96533795 -74.0628079,780,Sunday,37190,Nightlife Spot,-999,-999.0,Clouds,185
5213,40.9651716251224 -74.062746082347,900,Sunday,12948,Nightlife Spot,3,-999.0,Clouds,185
5213,40.9654464263127 -74.0629640785966,900,Sunday,97,Food,2,-999.0,Clouds,185
5213,40.9654169833333 -74.0629196833333,960,Sunday,34964,Outdoors & Recreation,-999,-999.0,Clouds,185
5213,40.9653219428021 -74.0628034498054,1260,Sunday,2861,Arts & Entertainment,-999,-999.0,Clouds,185
5213,40.9681100152221 -74.05938718735509,1320,Sunday,24621,Residence,-999,-999.0,Clouds,185
5213,40.965810267788 -74.0676060318947,1380,Sunday,26293,Professional & Other Places,-999,-999.0,Clouds,185
5214,40.9652090450662 -74.06283787027209,0,Monday,22524,Nightlife Spot,3,-999.0,Clouds,185
5214,40.9652292144287 -74.063055866416,360,Monday,13086,Professional & Other Places,-999,-999.0,Clear,185
5214,40.96533885740629 -74.06283213352809,420,Monday,2316,Nightlife Spot,3,-999.0,Clear,185
5214,40.9654464263127 -74.0629640785966,600,Monday,97,Food,2,-999.0,Clear,185
5214,40.96532877881821 -74.0629239214116,660,Monday,38260,Food,2,-999.0,Clear,185
5214,40.9653708323671 -74.06281492329501,720,Monday,5747,Travel & Transport,-999,-999.0,Clear,185
5214,40.9603695714694 -74.0669625442131,780,Monday,36101,Travel & Transport,-999,-999.0,Clear,185
5214,40.9651716251224 -74.062746082347,840,Monday,12948,Nightlife Spot,3,-999.0,Clear,185
5214,40.96516606425121 -74.0628952377028,900,Monday,26798,Professional & Other Places,-999,-999.0,Clear,185
5214,40.9481665166667 -74.06842515,960,Monday,35441,Shop & Service,-999,6.1,Clear,185
5214,40.965810267788 -74.0676060318947,1140,Monday,26293,Professional & Other Places,-999,-999.0,Clear,185
5214,40.9652292144287 -74.063055866416,1140,Wednesday,13086,Professional & Other Places,-999,-999.0,Clear,185
5214,40.9652914155792 -74.0627346088532,1260,Wednesday,9938,Professional & Other Places,-999,-999.0,Clear,185
5214,40.9651716251224 -74.062746082347,1380,Wednesday,12948,Nightlife Spot,3,-999.0,Clear,185
5214,40.9651716251224 -74.062746082347,660,Friday,12948,Nightlife Spot,3,-999.0,Clouds,185
5214,40.9653708323671 -74.06281492329501,780,Friday,5747,Travel & Transport,-999,-999.0,Clouds,185
5214,40.9652914155792 -74.0627346088532,900,Friday,9938,Professional & Other Places,-999,-999.0,Clouds,185
5214,40.9603695714694 -74.0669625442131,960,Friday,36101,Travel & Transport,-999,-999.0,Clouds,185
5214,40.9654464263127 -74.0629640785966,1260,Friday,97,Food,2,-999.0,Clouds,185
5214,40.965304565504205 -74.0628722907326,600,Saturday,27547,Professional & Other Places,-999,-999.0,Clouds,185
5214,40.9678387 -74.0737821666667,720,Saturday,20566,Shop & Service,-999,-999.0,Clouds,185
5214,40.8816690081955 -73.98938188927191,960,Saturday,35602,Residence,-999,-999.0,Clouds,185
5214,40.92680715315 -74.0686089466701,1020,Saturday,6875,Professional & Other Places,-999,-999.0,Clouds,185
5214,40.96533795 -74.0628079,1080,Saturday,37190,Nightlife Spot,-999,-999.0,Clouds,185
5214,40.9652914155792 -74.0627346088532,900,Sunday,9938,Professional & Other Places,-999,-999.0,Fog,185
5214,40.96533795 -74.0628079,960,Sunday,37190,Nightlife Spot,-999,-999.0,Fog,185
5214,40.95749552996121 -74.0750108492213,1020,Sunday,27551,Shop & Service,-999,6.3,Clear,185
5214,40.9481629642871 -74.06981935884609,1080,Sunday,30342,Shop & Service,-999,7.1,Clear,185
5214,40.9654169833333 -74.0629196833333,1140,Sunday,34964,Outdoors & Recreation,-999,-999.0,Clouds,185
5214,40.9681100152221 -74.05938718735509,1200,Sunday,24621,Residence,-999,-999.0,Clouds,185
5214,40.961784823174895 -74.06776428222659,1320,Sunday,7421,Professional & Other Places,-999,-999.0,Rain,185
5214,40.965810267788 -74.0676060318947,1320,Sunday,26293,Professional & Other Places,-999,-999.0,Clouds,185
5214,40.967786 -74.0736896833333,1380,Sunday,13429,Food,1,6.8,Clouds,185
5214,40.9653219428021 -74.0628034498054,1380,Sunday,2861,Arts & Entertainment,-999,-999.0,Clouds,185
5215,40.9654464263127 -74.0629640785966,0,Monday,97,Food,2,-999.0,Clouds,185
5215,40.9653708323671 -74.06281492329501,420,Monday,5747,Travel & Transport,-999,-999.0,Clear,185
5215,40.9652292144287 -74.063055866416,480,Monday,13086,Professional & Other Places,-999,-999.0,Clear,185
5215,40.96516606425121 -74.0628952377028,960,Monday,26798,Professional & Other Places,-999,-999.0,Clear,185
5215,40.9652914155792 -74.0627346088532,1020,Monday,9938,Professional & Other Places,-999,-999.0,Clear,185
5215,40.9645718001334 -74.0664339065552,1200,Monday,22829,Travel & Transport,-999,-999.0,Clear,185
5215,40.96533885740629 -74.06283213352809,1260,Monday,2316,Nightlife Spot,3,-999.0,Clear,185
5215,40.9654169833333 -74.0629196833333,1320,Monday,34964,Outdoors & Recreation,-999,-999.0,Clear,185
5215,40.9603695714694 -74.0669625442131,1320,Monday,36101,Travel & Transport,-999,-999.0,Clear,185
5215,40.9654464263127 -74.0629640785966,1380,Monday,97,Food,2,-999.0,Clear,185
5215,40.9603695714694 -74.0669625442131,0,Tuesday,36101,Travel & Transport,-999,-999.0,Clear,185
5215,40.965810267788 -74.0676060318947,60,Tuesday,26293,Professional & Other Places,-999,-999.0,Clear,185
5215,40.961784823174895 -74.06776428222659,60,Tuesday,7421,Professional & Other Places,-999,-999.0,Clouds,185
5215,40.965304565504205 -74.0628722907326,180,Tuesday,27547,Professional & Other Places,-999,-999.0,Clouds,185
5215,40.9652292144287 -74.063055866416,360,Tuesday,13086,Professional & Other Places,-999,-999.0,Clouds,185
5215,40.9652914155792 -74.0627346088532,420,Tuesday,9938,Professional & Other Places,-999,-999.0,Rain,185
5215,40.9481665166667 -74.06842515,480,Tuesday,35441,Shop & Service,-999,6.1,Rain,185
5215,40.9652090450662 -74.06283787027209,1200,Tuesday,22524,Nightlife Spot,3,-999.0,Clear,185
5215,40.96533795 -74.0628079,1260,Tuesday,37190,Nightlife Spot,-999,-999.0,Clear,185
5215,40.9651716251224 -74.062746082347,60,Wednesday,12948,Nightlife Spot,3,-999.0,Clouds,185
5215,40.9603695714694 -74.0669625442131,60,Wednesday,36101,Travel & Transport,-999,-999.0,Clouds,185
5215,40.961784823174895 -74.06776428222659,120,Wednesday,7421,Professional & Other Places,-999,-999.0,Clouds,185
5215,40.9652292144287 -74.063055866416,360,Wednesday,13086,Professional & Other Places,-999,-999.0,Clouds,185
5215,40.9652914155792 -74.0627346088532,420,Wednesday,9938,Professional & Other Places,-999,-999.0,Clouds,185
5215,40.9667347447204 -74.0788197635738,600,Wednesday,30779,Shop & Service,-999,6.8,Clear,185
5215,40.9603695714694 -74.0669625442131,960,Wednesday,36101,Travel & Transport,-999,-999.0,Clouds,185
5215,40.96533795 -74.0628079,1140,Wednesday,37190,Nightlife Spot,-999,-999.0,Clear,185
5215,40.965810267788 -74.0676060318947,1260,Wednesday,26293,Professional & Other Places,-999,-999.0,Clear,185
5215,40.9654464263127 -74.0629640785966,180,Thursday,97,Food,2,-999.0,Clear,185
5215,40.9652292144287 -74.063055866416,480,Thursday,13086,Professional & Other Places,-999,-999.0,Clear,185
5215,40.9603695714694 -74.0669625442131,540,Thursday,36101,Travel & Transport,-999,-999.0,Clear,185
5215,40.965304565504205 -74.0628722907326,600,Thursday,27547,Professional & Other Places,-999,-999.0,Clear,185
5215,40.9645718001334 -74.0664339065552,1080,Thursday,22829,Travel & Transport,-999,-999.0,Clear,185
5215,40.9645718001334 -74.0664339065552,1200,Thursday,22829,Travel & Transport,-999,-999.0,Clear,185
5215,40.965810267788 -74.0676060318947,1200,Thursday,26293,Professional & Other Places,-999,-999.0,Clear,185
5215,40.9681100152221 -74.05938718735509,0,Friday,24621,Residence,-999,-999.0,Clear,185
5215,40.9652292144287 -74.063055866416,420,Friday,13086,Professional & Other Places,-999,-999.0,Clear,185
5215,40.9645718001334 -74.0664339065552,660,Friday,22829,Travel & Transport,-999,-999.0,Clouds,185
5215,40.96533795 -74.0628079,1140,Friday,37190,Nightlife Spot,-999,-999.0,Rain,185
5215,40.96533885740629 -74.06283213352809,1200,Friday,2316,Nightlife Spot,3,-999.0,Rain,185
5215,40.96516606425121 -74.0628952377028,0,Saturday,26798,Professional & Other Places,-999,-999.0,Rain,185
5215,40.9654169833333 -74.0629196833333,120,Saturday,34964,Outdoors & Recreation,-999,-999.0,Rain,185
5215,40.9653708323671 -74.06281492329501,540,Saturday,5747,Travel & Transport,-999,-999.0,Clouds,185
5215,40.9603695714694 -74.0669625442131,600,Saturday,36101,Travel & Transport,-999,-999.0,Clouds,185
5215,40.9654464263127 -74.0629640785966,780,Saturday,97,Food,2,-999.0,Clouds,185
5215,40.9678387 -74.0737821666667,840,Saturday,20566,Shop & Service,-999,-999.0,Clouds,185
5215,40.961784823174895 -74.06776428222659,1080,Saturday,7421,Professional & Other Places,-999,-999.0,Clouds,185
5215,40.965810267788 -74.0676060318947,1140,Saturday,26293,Professional & Other Places,-999,-999.0,Clouds,185
5215,40.96516606425121 -74.0628952377028,1200,Saturday,26798,Professional & Other Places,-999,-999.0,Clouds,185
5215,40.96533885740629 -74.06283213352809,1260,Saturday,2316,Nightlife Spot,3,-999.0,Clouds,185
5215,40.9599859369998 -74.0671633257678,60,Sunday,30717,Food,2,7.6,Clouds,185
5215,40.9654182160558 -74.0630788133639,120,Sunday,31718,Shop & Service,-999,6.6,Clouds,185
5215,40.9652292144287 -74.063055866416,540,Sunday,13086,Professional & Other Places,-999,-999.0,Clouds,185
5215,40.9654169833333 -74.0629196833333,1260,Sunday,34964,Outdoors & Recreation,-999,-999.0,Rain,185
5217,40.9602774578663 -74.0671862722177,60,Monday,36101,Travel & Transport,-999,-999.0,Rain,185
5217,40.965810267788 -74.0676060318947,120,Monday,26293,Professional & Other Places,-999,-999.0,Rain,185
5217,40.9652292144287 -74.063055866416,420,Monday,13086,Professional & Other Places,-999,-999.0,Clouds,185
5217,40.9652914155792 -74.0627346088532,540,Monday,9938,Professional & Other Places,-999,-999.0,Clouds,185
5217,40.96533795 -74.0628079,840,Monday,37190,Nightlife Spot,-999,-999.0,Clouds,185
5217,40.9489233795369 -74.069721837773,960,Monday,21313,Professional & Other Places,-999,-999.0,Clouds,185
5217,40.96533885740629 -74.06283213352809,1200,Monday,2316,Nightlife Spot,3,-999.0,Clouds,185
5217,40.96516606425121 -74.0628952377028,1260,Monday,26798,Professional & Other Places,-999,-999.0,Clouds,185
5217,40.9652292144287 -74.063055866416,360,Tuesday,13086,Professional & Other Places,-999,-999.0,Clouds,185
5217,40.9645718001334 -74.0664339065552,420,Tuesday,22829,Travel & Transport,-999,-999.0,Clouds,185
5217,40.9653708323671 -74.06281492329501,660,Tuesday,5747,Travel & Transport,-999,-999.0,Clouds,185
5217,40.9602774578663 -74.0671862722177,720,Tuesday,36101,Travel & Transport,-999,-999.0,Clouds,185
5217,40.96533885740629 -74.06283213352809,960,Tuesday,2316,Nightlife Spot,3,-999.0,Clouds,185
5217,40.961784823174895 -74.06776428222659,1260,Tuesday,7421,Professional & Other Places,-999,-999.0,Clouds,185
5217,40.9681100152221 -74.05938718735509,0,Wednesday,24621,Residence,-999,-999.0,Clouds,185
5217,40.9652292144287 -74.063055866416,480,Wednesday,13086,Professional & Other Places,-999,-999.0,Clouds,185
5217,40.9645718001334 -74.0664339065552,480,Wednesday,22829,Travel & Transport,-999,-999.0,Clouds,185
5217,40.9651716251224 -74.062746082347,960,Wednesday,12948,Nightlife Spot,3,-999.0,Clear,185
5217,40.96533885740629 -74.06283213352809,1020,Wednesday,2316,Nightlife Spot,3,-999.0,Clear,185
5217,40.9602774578663 -74.0671862722177,1080,Thursday,36101,Travel & Transport,-999,-999.0,Clouds,185
5217,40.9652292144287 -74.063055866416,240,Friday,13086,Professional & Other Places,-999,-999.0,Rain,185
5217,40.96533885740629 -74.06283213352809,360,Friday,2316,Nightlife Spot,3,-999.0,Rain,185
5217,40.9653708323671 -74.06281492329501,480,Friday,5747,Travel & Transport,-999,-999.0,Rain,185
5217,40.918982 -74.069229,720,Friday,26022,Professional & Other Places,-999,-999.0,Clouds,185
5217,40.96533795 -74.0628079,840,Friday,37190,Nightlife Spot,-999,-999.0,Clouds,185
5217,40.9681100152221 -74.05938718735509,960,Friday,24621,Residence,-999,-999.0,Clouds,185
5217,40.96533885740629 -74.06283213352809,1200,Friday,2316,Nightlife Spot,3,-999.0,Clouds,185
5217,40.96516606425121 -74.0628952377028,1260,Friday,26798,Professional & Other Places,-999,-999.0,Clouds,185
5217,40.9599859369998 -74.0671633257678,1320,Friday,30717,Food,2,7.6,Clouds,185
5217,40.9346965683822 -74.062206827388,960,Saturday,35881,Professional & Other Places,-999,-999.0,Clouds,185
5217,40.9622543886537 -74.0615872559645,960,Saturday,32755,Shop & Service,-999,-999.0,Clouds,185
5217,40.9656571598185 -74.0748158123826,1080,Saturday,19940,Shop & Service,-999,-999.0,Clouds,185
5217,40.957027031924206 -74.06926291440041,1140,Saturday,24181,Shop & Service,-999,6.1,Clouds,185
5217,40.934749 -74.069988,1200,Saturday,29155,Shop & Service,-999,6.6,Clouds,185
5217,40.967786 -74.0736896833333,1260,Saturday,13429,Food,1,6.8,Clouds,185
5217,40.9652914155792 -74.0627346088532,1380,Saturday,9938,Professional & Other Places,-999,-999.0,Clear,185
5217,40.965304565504205 -74.0628722907326,1380,Saturday,27547,Professional & Other Places,-999,-999.0,Clear,185
5217,40.961784823174895 -74.06776428222659,0,Sunday,7421,Professional & Other Places,-999,-999.0,Clear,185
5217,40.965810267788 -74.0676060318947,0,Sunday,26293,Professional & Other Places,-999,-999.0,Clouds,185
5217,40.9652292144287 -74.063055866416,60,Sunday,13086,Professional & Other Places,-999,-999.0,Clouds,185
5217,40.9654464263127 -74.0629640785966,60,Sunday,97,Food,2,-999.0,Clouds,185
5217,40.9681100152221 -74.05938718735509,120,Sunday,24621,Residence,-999,-999.0,Clouds,185
5217,40.96533885740629 -74.06283213352809,540,Sunday,2316,Nightlife Spot,3,-999.0,Clear,185
5217,40.9653708323671 -74.06281492329501,840,Sunday,5747,Travel & Transport,-999,-999.0,Clear,185
5223,40.9478231079536 -74.0698423049737,900,Tuesday,30342,Shop & Service,-999,7.1,Fog,185
5223,40.961784823174895 -74.06776428222659,960,Tuesday,7421,Professional & Other Places,-999,-999.0,Fog,185
5223,40.965304565504205 -74.0628722907326,1020,Tuesday,27547,Professional & Other Places,-999,-999.0,Fog,185
5223,40.96533795 -74.0628079,1140,Tuesday,37190,Nightlife Spot,-999,-999.0,Rain,185
5223,40.965304565504205 -74.0628722907326,660,Wednesday,27547,Professional & Other Places,-999,-999.0,Clouds,185
5223,40.96533795 -74.0628079,780,Wednesday,37190,Nightlife Spot,-999,-999.0,Fog,185
5223,40.9489233795369 -74.069721837773,900,Wednesday,21313,Professional & Other Places,-999,-999.0,Fog,185
5223,40.9678387 -74.0737821666667,1380,Wednesday,20566,Shop & Service,-999,-999.0,Clouds,185
5223,40.9681100152221 -74.05938718735509,60,Thursday,24621,Residence,-999,-999.0,Rain,185
5223,40.965304565504205 -74.0628722907326,480,Thursday,27547,Professional & Other Places,-999,-999.0,Clouds,185
5223,40.961784823174895 -74.06776428222659,540,Thursday,7421,Professional & Other Places,-999,-999.0,Clouds,185
5223,40.9653219428021 -74.0628034498054,720,Thursday,2861,Arts & Entertainment,-999,-999.0,Clouds,185
5223,40.9652914155792 -74.0627346088532,900,Thursday,9938,Professional & Other Places,-999,-999.0,Clouds,185
5223,40.9652090450662 -74.06283787027209,1080,Thursday,22524,Nightlife Spot,3,-999.0,Clouds,185
5223,40.935694927509104 -74.0682762253778,1140,Thursday,4100,Shop & Service,-999,8.0,Clear,185
5223,40.9602774578663 -74.067438682982,1260,Thursday,36101,Travel & Transport,-999,-999.0,Clouds,185
5223,40.965810267788 -74.0676060318947,1380,Thursday,26293,Professional & Other Places,-999,-999.0,Clear,185
5223,40.9681100152221 -74.05938718735509,0,Friday,24621,Residence,-999,-999.0,Clear,185
5223,40.96516606425121 -74.0628952377028,60,Friday,26798,Professional & Other Places,-999,-999.0,Clear,185
5223,40.9653708323671 -74.06281492329501,600,Friday,5747,Travel & Transport,-999,-999.0,Clouds,185
5223,40.9654464263127 -74.0629640785966,660,Friday,97,Food,2,-999.0,Clouds,185
5223,40.9652914155792 -74.0627346088532,1020,Friday,9938,Professional & Other Places,-999,-999.0,Clouds,185
5223,40.9678387 -74.0737821666667,1020,Friday,20566,Shop & Service,-999,-999.0,Clear,185
5223,40.9645718001334 -74.0664339065552,1140,Friday,22829,Travel & Transport,-999,-999.0,Clouds,185
5223,40.965810267788 -74.0676060318947,1260,Friday,26293,Professional & Other Places,-999,-999.0,Clear,185
5223,40.9654169833333 -74.0629196833333,1320,Friday,34964,Outdoors & Recreation,-999,-999.0,Clouds,185
5223,40.9124461037135 -74.0347486917838,480,Saturday,28934,Food,1,5.2,Clear,185
5223,40.912541583375 -74.0358847318055,480,Saturday,4490,Professional & Other Places,-999,-999.0,Clear,185
5223,40.96533795 -74.0628079,600,Saturday,37190,Nightlife Spot,-999,-999.0,Clear,185
5223,40.9489233795369 -74.069721837773,780,Saturday,21313,Professional & Other Places,-999,-999.0,Clouds,185
5223,40.9602774578663 -74.067438682982,840,Saturday,36101,Travel & Transport,-999,-999.0,Clouds,185
5223,40.9654169833333 -74.0629196833333,1020,Saturday,34964,Outdoors & Recreation,-999,-999.0,Clouds,185
5223,40.965810267788 -74.0676060318947,1020,Saturday,26293,Professional & Other Places,-999,-999.0,Clouds,185
5223,40.9654464263127 -74.0629640785966,1080,Saturday,97,Food,2,-999.0,Clouds,185
5223,40.956509516036 -74.06745589279458,1140,Saturday,943,Travel & Transport,-999,-999.0,Clouds,185
5223,40.96229748893301 -74.0620060405746,1200,Saturday,32755,Shop & Service,-999,-999.0,Clouds,185
5223,40.9599859369998 -74.0671633257678,1320,Saturday,30717,Food,2,7.6,Snow,185
5223,40.9645718001334 -74.0664339065552,0,Sunday,22829,Travel & Transport,-999,-999.0,Fog,185
5223,40.96516606425121 -74.0628952377028,360,Sunday,26798,Professional & Other Places,-999,-999.0,Clouds,185
5223,40.965304565504205 -74.0628722907326,540,Sunday,27547,Professional & Other Places,-999,-999.0,Clouds,185
5223,40.961784823174895 -74.06776428222659,780,Sunday,7421,Professional & Other Places,-999,-999.0,Clouds,185
5223,40.96533795 -74.0628079,840,Sunday,37190,Nightlife Spot,-999,-999.0,Clouds,185
5224,40.965304565504205 -74.0628722907326,360,Monday,27547,Professional & Other Places,-999,-999.0,Clear,185
5224,40.961784823174895 -74.06776428222659,420,Monday,7421,Professional & Other Places,-999,-999.0,Clear,185
5224,40.96533795 -74.0628079,420,Monday,37190,Nightlife Spot,-999,-999.0,Clear,185
5224,40.9653708323671 -74.06281492329501,660,Monday,5747,Travel & Transport,-999,-999.0,Clouds,185
5224,40.9654169833333 -74.0629196833333,780,Monday,34964,Outdoors & Recreation,-999,-999.0,Clouds,185
5224,40.9651716251224 -74.062746082347,840,Monday,12948,Nightlife Spot,3,-999.0,Clouds,185
5224,40.9567290762321 -74.0630006790161,900,Monday,4725,Professional & Other Places,-999,-999.0,Clear,185
5224,40.9654182160558 -74.0630788133639,1200,Monday,31718,Shop & Service,-999,6.6,Clear,185
5224,40.96516606425121 -74.0628952377028,1260,Monday,26798,Professional & Other Places,-999,-999.0,Clear,185
5224,40.96229748893301 -74.0620060405746,1260,Monday,32755,Shop & Service,-999,-999.0,Clouds,185
5224,40.9652292144287 -74.063055866416,360,Tuesday,13086,Professional & Other Places,-999,-999.0,Snow,185
5224,40.961784823174895 -74.06776428222659,420,Tuesday,7421,Professional & Other Places,-999,-999.0,Snow,185
5224,40.9651716251224 -74.062746082347,600,Tuesday,12948,Nightlife Spot,3,-999.0,Fog,185
5224,40.934749 -74.069988,720,Tuesday,29155,Shop & Service,-999,6.6,Fog,185
5224,40.9653219428021 -74.0628034498054,840,Tuesday,2861,Arts & Entertainment,-999,-999.0,Fog,185
5224,40.96533885740629 -74.06283213352809,1080,Tuesday,2316,Nightlife Spot,3,-999.0,Clouds,185
5224,40.961784823174895 -74.06776428222659,1140,Wednesday,7421,Professional & Other Places,-999,-999.0,Clear,185
5224,40.965304565504205 -74.0628722907326,1260,Wednesday,27547,Professional & Other Places,-999,-999.0,Clear,185
5224,40.9652292144287 -74.063055866416,1260,Wednesday,13086,Professional & Other Places,-999,-999.0,Clear,185
5224,40.9651716251224 -74.062746082347,1320,Wednesday,12948,Nightlife Spot,3,-999.0,Clear,185
5224,40.9653708323671 -74.06281492329501,1380,Wednesday,5747,Travel & Transport,-999,-999.0,Clear,185
5224,40.9653219428021 -74.0628034498054,1380,Wednesday,2861,Arts & Entertainment,-999,-999.0,Clear,185
5224,40.9654169833333 -74.0629196833333,0,Thursday,34964,Outdoors & Recreation,-999,-999.0,Clear,185
5224,40.96533885740629 -74.06283213352809,240,Thursday,2316,Nightlife Spot,3,-999.0,Clear,185
5224,40.9652292144287 -74.063055866416,360,Thursday,13086,Professional & Other Places,-999,-999.0,Clear,185
5224,40.9654182160558 -74.0630788133639,420,Thursday,31718,Shop & Service,-999,6.6,Clear,185
5224,40.965304565504205 -74.0628722907326,480,Thursday,27547,Professional & Other Places,-999,-999.0,Clear,185
5224,40.9653708323671 -74.06281492329501,540,Thursday,5747,Travel & Transport,-999,-999.0,Clear,185
5224,40.9654169833333 -74.0629196833333,600,Thursday,34964,Outdoors & Recreation,-999,-999.0,Clear,185
5224,40.9651716251224 -74.062746082347,1020,Thursday,12948,Nightlife Spot,3,-999.0,Clear,185
5224,40.96533795 -74.0628079,1080,Thursday,37190,Nightlife Spot,-999,-999.0,Clouds,185
5224,40.9645718001334 -74.0664339065552,1200,Thursday,22829,Travel & Transport,-999,-999.0,Clear,185
5224,40.96516606425121 -74.0628952377028,1380,Thursday,26798,Professional & Other Places,-999,-999.0,Clouds,185
5224,40.96229748893301 -74.0620060405746,0,Friday,32755,Shop & Service,-999,-999.0,Clouds,185
5224,40.9489233795369 -74.069721837773,660,Sunday,21313,Professional & Other Places,-999,-999.0,Clear,185
5224,40.8408583946139 -74.1587547296709,780,Sunday,9107,Shop & Service,-999,-999.0,Clear,185
5224,40.9780310797805 -74.06760334968571,840,Sunday,1827,Professional & Other Places,-999,-999.0,Clear,185
5224,40.967786 -74.0736896833333,1080,Sunday,13429,Food,1,6.8,Clear,185
5224,40.9653219428021 -74.0628034498054,1140,Sunday,2861,Arts & Entertainment,-999,-999.0,Clear,185
5224,40.96533885740629 -74.06283213352809,1140,Sunday,2316,Nightlife Spot,3,-999.0,Clear,185
5225,40.9652914155792 -74.0627346088532,0,Monday,9938,Professional & Other Places,-999,-999.0,Clear,185
5225,40.9681100152221 -74.05938718735509,60,Monday,24621,Residence,-999,-999.0,Clear,185
5225,40.965304565504205 -74.0628722907326,360,Monday,27547,Professional & Other Places,-999,-999.0,Rain,185
5225,40.9652292144287 -74.063055866416,420,Monday,13086,Professional & Other Places,-999,-999.0,Rain,185
5225,40.934749 -74.069988,420,Monday,29155,Shop & Service,-999,6.6,Rain,185
5225,40.9328062550792 -74.0711545944214,480,Monday,3785,Food,1,7.7,Rain,185
5225,40.9333815030035 -74.07035859210741,480,Monday,4068,Shop & Service,-999,7.8,Rain,185
5225,40.9654169833333 -74.0629196833333,720,Monday,34964,Outdoors & Recreation,-999,-999.0,Clouds,185
5225,40.9651716251224 -74.062746082347,780,Monday,12948,Nightlife Spot,3,-999.0,Clouds,185
5225,40.96533885740629 -74.06283213352809,840,Monday,2316,Nightlife Spot,3,-999.0,Clouds,185
5225,40.96533795 -74.0628079,900,Monday,37190,Nightlife Spot,-999,-999.0,Clouds,185
5225,40.9653219428021 -74.0628034498054,1200,Monday,2861,Arts & Entertainment,-999,-999.0,Clouds,185
5225,40.9653708323671 -74.06281492329501,1200,Monday,5747,Travel & Transport,-999,-999.0,Clouds,185
5225,40.9602774578663 -74.067438682982,1260,Monday,36101,Travel & Transport,-999,-999.0,Clouds,185
5225,40.965810267788 -74.0676060318947,1320,Monday,26293,Professional & Other Places,-999,-999.0,Clouds,185
5225,40.9681100152221 -74.05938718735509,180,Tuesday,24621,Residence,-999,-999.0,Clouds,185
5225,40.9652292144287 -74.063055866416,420,Tuesday,13086,Professional & Other Places,-999,-999.0,Clouds,185
5225,40.9602774578663 -74.067438682982,540,Tuesday,36101,Travel & Transport,-999,-999.0,Clouds,185
5225,40.9654169833333 -74.0629196833333,1200,Tuesday,34964,Outdoors & Recreation,-999,-999.0,Clouds,185
5225,40.9645718001334 -74.0664339065552,1380,Tuesday,22829,Travel & Transport,-999,-999.0,Clear,185
5225,40.9681100152221 -74.05938718735509,60,Wednesday,24621,Residence,-999,-999.0,Clear,185
5225,40.9652914155792 -74.0627346088532,180,Wednesday,9938,Professional & Other Places,-999,-999.0,Clear,185
5225,40.9652292144287 -74.063055866416,360,Wednesday,13086,Professional & Other Places,-999,-999.0,Clear,185
5225,40.965304565504205 -74.0628722907326,420,Wednesday,27547,Professional & Other Places,-999,-999.0,Clear,185
5225,40.96533795 -74.0628079,540,Wednesday,37190,Nightlife Spot,-999,-999.0,Clear,185
5225,40.9651716251224 -74.062746082347,660,Wednesday,12948,Nightlife Spot,3,-999.0,Clear,185
5225,40.96533885740629 -74.06283213352809,720,Wednesday,2316,Nightlife Spot,3,-999.0,Clear,185
5225,40.9653219428021 -74.0628034498054,720,Wednesday,2861,Arts & Entertainment,-999,-999.0,Clear,185
5225,40.9602774578663 -74.067438682982,780,Wednesday,36101,Travel & Transport,-999,-999.0,Clear,185
5225,40.9653708323671 -74.06281492329501,900,Wednesday,5747,Travel & Transport,-999,-999.0,Clear,185
5225,40.9645718001334 -74.0664339065552,1020,Wednesday,22829,Travel & Transport,-999,-999.0,Clouds,185
5225,40.9652914155792 -74.0627346088532,1140,Wednesday,9938,Professional & Other Places,-999,-999.0,Clouds,185
5225,40.967786 -74.0736896833333,1200,Wednesday,13429,Food,1,6.8,Clouds,185
5225,40.96516606425121 -74.0628952377028,1260,Wednesday,26798,Professional & Other Places,-999,-999.0,Clouds,185
5225,40.965810267788 -74.0676060318947,1380,Wednesday,26293,Professional & Other Places,-999,-999.0,Snow,185
5225,40.9652090450662 -74.06283787027209,1380,Wednesday,22524,Nightlife Spot,3,-999.0,Clouds,185
5225,40.965304565504205 -74.0628722907326,360,Thursday,27547,Professional & Other Places,-999,-999.0,Clear,185
5225,40.9478231079536 -74.0698423049737,1200,Friday,30342,Shop & Service,-999,7.1,Clouds,185
5225,40.9489233795369 -74.069721837773,1260,Friday,21313,Professional & Other Places,-999,-999.0,Clouds,185
5186,40.96532877881821 -74.0629239214116,420,Monday,38260,Food,2,-999.0,Clear,185
5186,40.9653550190346 -74.06283213352809,480,Monday,23852,Outdoors & Recreation,-999,-999.0,Clear,185
5186,40.909231555219705 -74.1024287266699,840,Monday,9253,Professional & Other Places,-999,-999.0,Clear,185
5186,40.96532877881821 -74.0629239214116,420,Tuesday,38260,Food,2,-999.0,Clear,185
5186,40.9653558300157 -74.06285508050321,480,Tuesday,2316,Nightlife Spot,3,-999.0,Clear,185
5186,40.9654169422336 -74.062883764218,480,Tuesday,37593,Nightlife Spot,3,-999.0,Clear,185
5186,40.9652203988281 -74.063055866416,540,Tuesday,36101,Travel & Transport,-999,-999.0,Clear,185
5186,40.9489233795369 -74.069721837773,960,Tuesday,21313,Professional & Other Places,-999,-999.0,Clear,185
5186,40.967786 -74.0736896833333,1020,Tuesday,13429,Food,1,6.8,Clear,185
5186,40.96533795 -74.0628079,1320,Tuesday,37190,Nightlife Spot,-999,-999.0,Clear,185
5186,40.9653219428021 -74.0628034498054,1320,Tuesday,2861,Arts & Entertainment,-999,-999.0,Clear,185
5186,40.9654169422336 -74.062883764218,540,Wednesday,37593,Nightlife Spot,3,-999.0,Clear,185
5186,40.9654169833333 -74.0629196833333,600,Wednesday,34964,Outdoors & Recreation,-999,-999.0,Clear,185
5186,40.96550875 -74.0628835833333,660,Wednesday,5747,Travel & Transport,-999,-999.0,Clear,185
5186,40.918982 -74.069229,720,Wednesday,26022,Professional & Other Places,-999,-999.0,Clear,185
5186,40.92680715315 -74.0686089466701,720,Wednesday,6875,Professional & Other Places,-999,-999.0,Clear,185
5186,40.967786 -74.0736896833333,780,Wednesday,13429,Food,1,6.8,Clear,185
5186,40.9653687333333 -74.06283225,840,Wednesday,13704,Food,3,8.8,Clouds,185
5186,40.9653219428021 -74.0628034498054,840,Wednesday,2861,Arts & Entertainment,-999,-999.0,Clouds,185
5186,40.965274096356296 -74.0626887148712,1140,Wednesday,9938,Professional & Other Places,-999,-999.0,Clouds,185
5186,40.965367878674 -74.0628034498054,1200,Wednesday,6912,Food,2,7.4,Clouds,185
5186,40.9681100152221 -74.05938718735509,1260,Wednesday,24621,Residence,-999,-999.0,Clouds,185
5186,40.9653310333333 -74.0627049,1380,Wednesday,11593,Food,2,-999.0,Clouds,185
5186,40.9645718001334 -74.0664339065552,1380,Wednesday,22829,Travel & Transport,-999,-999.0,Rain,185
5186,40.9653582 -74.0628322333333,360,Thursday,14056,Food,2,-999.0,Clouds,185
5186,40.9646218431031 -74.0678574546435,420,Thursday,13086,Professional & Other Places,-999,-999.0,Fog,185
5186,40.9680314876872 -74.0636811697517,540,Thursday,2316,Nightlife Spot,3,-999.0,Clouds,185
5186,40.9653550190346 -74.06283213352809,540,Thursday,23852,Outdoors & Recreation,-999,-999.0,Clear,185
5186,40.9654169422336 -74.062883764218,600,Thursday,37593,Nightlife Spot,3,-999.0,Clear,185
5186,40.965810267788 -74.0676060318947,660,Thursday,26293,Professional & Other Places,-999,-999.0,Clear,185
5186,40.9653219428021 -74.0628034498054,960,Thursday,2861,Arts & Entertainment,-999,-999.0,Clear,185
5186,40.96550875 -74.0628835833333,1020,Thursday,5747,Travel & Transport,-999,-999.0,Clear,185
5186,40.9645718001334 -74.0664339065552,1080,Thursday,22829,Travel & Transport,-999,-999.0,Clear,185
5186,40.94832653464661 -74.069767730049,1140,Thursday,30342,Shop & Service,-999,7.1,Clear,185
5186,40.9599859369998 -74.0671633257678,1380,Thursday,30717,Food,2,7.6,Clear,185
5186,40.965367878674 -74.0628034498054,60,Friday,6912,Food,2,7.4,Clear,185
5186,40.9588310093963 -74.0593957926276,60,Friday,9938,Professional & Other Places,-999,-999.0,Clear,185
5186,40.9680314876872 -74.0636811697517,420,Friday,2316,Nightlife Spot,3,-999.0,Clear,185
5186,40.9653550190346 -74.06283213352809,420,Friday,23852,Outdoors & Recreation,-999,-999.0,Clear,185
5186,40.9654169422336 -74.062883764218,540,Friday,37593,Nightlife Spot,3,-999.0,Clear,185
5186,40.904439 -74.102843,780,Friday,21472,Food,1,7.4,Clouds,185
5186,40.96533795 -74.0628079,840,Friday,37190,Nightlife Spot,-999,-999.0,Clouds,185
5186,40.9653219428021 -74.0628034498054,900,Friday,2861,Arts & Entertainment,-999,-999.0,Clouds,185
5186,40.9653687333333 -74.06283225,960,Friday,13704,Food,3,8.8,Clouds,185
5186,40.96550875 -74.0628835833333,1020,Friday,5747,Travel & Transport,-999,-999.0,Clouds,185
5186,40.9654169833333 -74.0629196833333,1020,Friday,34964,Outdoors & Recreation,-999,-999.0,Clouds,185
5186,40.96532877881821 -74.0629239214116,1380,Friday,38260,Food,2,-999.0,Clouds,185
5186,40.9680314876872 -74.0636811697517,480,Saturday,2316,Nightlife Spot,3,-999.0,Clouds,185
5186,40.9653550190346 -74.06283213352809,480,Saturday,23852,Outdoors & Recreation,-999,-999.0,Clouds,185
5186,40.9654169422336 -74.062883764218,540,Saturday,37593,Nightlife Spot,3,-999.0,Clouds,185
5186,40.9653310333333 -74.0627049,660,Saturday,11593,Food,2,-999.0,Clear,185
5186,40.94832653464661 -74.069767730049,720,Saturday,30342,Shop & Service,-999,7.1,Clear,185
5186,40.9489233795369 -74.069721837773,720,Saturday,21313,Professional & Other Places,-999,-999.0,Clear,185
5186,40.9588310093963 -74.0593957926276,840,Saturday,9938,Professional & Other Places,-999,-999.0,Clouds,185
5186,40.96533795 -74.0628079,900,Saturday,37190,Nightlife Spot,-999,-999.0,Clear,185
5186,40.9653687333333 -74.06283225,960,Saturday,13704,Food,3,8.8,Clear,185
5186,40.92680715315 -74.0686089466701,1140,Saturday,6875,Professional & Other Places,-999,-999.0,Clear,185
5186,40.9328062550792 -74.0711545944214,1200,Saturday,3785,Food,1,7.7,Clear,185
5186,40.914096333066205 -74.0582370758057,1200,Saturday,36985,Food,2,6.4,Clear,185
5186,40.9041560726231 -74.0622871420537,1260,Saturday,4513,Nightlife Spot,1,6.4,Clear,185
5186,40.918982 -74.069229,1260,Saturday,26022,Professional & Other Places,-999,-999.0,Clouds,185
5186,40.96550875 -74.0628835833333,1380,Saturday,5747,Travel & Transport,-999,-999.0,Rain,185
5186,40.9653219428021 -74.0628034498054,1380,Saturday,2861,Arts & Entertainment,-999,-999.0,Rain,185
5186,40.960318969425295 -74.0677369861784,1380,Saturday,36101,Travel & Transport,-999,-999.0,Rain,185
5186,40.9680314876872 -74.0636811697517,420,Sunday,2316,Nightlife Spot,3,-999.0,Clouds,185
5186,40.9653550190346 -74.06283213352809,540,Sunday,23852,Outdoors & Recreation,-999,-999.0,Clouds,185
5186,40.9654169422336 -74.062883764218,540,Sunday,37593,Nightlife Spot,3,-999.0,Clouds,185
5186,40.96550875 -74.0628835833333,840,Sunday,5747,Travel & Transport,-999,-999.0,Rain,185
5186,40.96533795 -74.0628079,1020,Sunday,37190,Nightlife Spot,-999,-999.0,Rain,185
5186,40.967786 -74.0736896833333,1020,Sunday,13429,Food,1,6.8,Rain,185
5186,40.9588310093963 -74.0593957926276,1140,Sunday,9938,Professional & Other Places,-999,-999.0,Rain,185
5186,40.9646218431031 -74.0678574546435,1200,Sunday,13086,Professional & Other Places,-999,-999.0,Rain,185
5186,40.965810267788 -74.0676060318947,1260,Sunday,26293,Professional & Other Places,-999,-999.0,Rain,185
5186,40.960318969425295 -74.0677369861784,1320,Sunday,36101,Travel & Transport,-999,-999.0,Rain,185
5186,40.9645718001334 -74.0664339065552,1380,Sunday,22829,Travel & Transport,-999,-999.0,Rain,185
5186,40.9681100152221 -74.05938718735509,1380,Sunday,24621,Residence,-999,-999.0,Rain,185
5189,40.9645718001334 -74.0664339065552,0,Monday,22829,Travel & Transport,-999,-999.0,Clear,185
5189,40.9654169422336 -74.062883764218,0,Monday,37593,Nightlife Spot,3,-999.0,Clear,185
5189,40.9653310333333 -74.0627049,0,Monday,11593,Food,2,-999.0,Clear,185
5189,40.9653582 -74.0628322333333,60,Monday,14056,Food,2,-999.0,Clear,185
5189,40.9646218431031 -74.0678574546435,60,Monday,13086,Professional & Other Places,-999,-999.0,Clear,185
5189,40.960318969425295 -74.0677369861784,120,Monday,36101,Travel & Transport,-999,-999.0,Clear,185
5189,40.9681100152221 -74.05938718735509,120,Monday,16264,Residence,-999,-999.0,Clear,185
5189,40.9680314876872 -74.0636811697517,480,Monday,2316,Nightlife Spot,3,-999.0,Clouds,185
5189,40.96532877881821 -74.0629239214116,540,Monday,38260,Food,2,-999.0,Clouds,185
5189,40.9653550190346 -74.06283213352809,540,Monday,23852,Outdoors & Recreation,-999,-999.0,Clouds,185
5189,40.9654169422336 -74.062883764218,600,Monday,37593,Nightlife Spot,3,-999.0,Clouds,185
5189,40.9646905973894 -74.0617765696701,600,Monday,5747,Travel & Transport,-999,-999.0,Clouds,185
5189,40.9654169833333 -74.0629196833333,660,Monday,34964,Outdoors & Recreation,-999,-999.0,Clouds,185
5189,40.96533795 -74.0628079,840,Monday,37190,Nightlife Spot,-999,-999.0,Clouds,185
5189,40.92571083 -74.0990589333333,900,Monday,11925,Shop & Service,-999,6.0,Clouds,185
5189,40.94832653464661 -74.069767730049,960,Monday,30342,Shop & Service,-999,7.1,Clouds,185
5189,40.9489233795369 -74.069721837773,960,Monday,21313,Professional & Other Places,-999,-999.0,Clouds,185
5189,40.9653550190346 -74.06283213352809,420,Tuesday,23852,Outdoors & Recreation,-999,-999.0,Clouds,185
5189,40.9654169833333 -74.0629196833333,540,Tuesday,34964,Outdoors & Recreation,-999,-999.0,Clouds,185
5189,40.967786 -74.0736896833333,540,Tuesday,13429,Food,1,6.8,Clouds,185
5189,40.9678387 -74.0737821666667,900,Tuesday,20566,Shop & Service,-999,-999.0,Clouds,185
5189,40.9653219428021 -74.0628034498054,960,Tuesday,2861,Arts & Entertainment,-999,-999.0,Rain,185
5189,40.9646218431031 -74.0678574546435,1020,Tuesday,13086,Professional & Other Places,-999,-999.0,Clouds,185
5189,40.9654169422336 -74.062883764218,1140,Tuesday,37593,Nightlife Spot,3,-999.0,Clouds,185
5189,40.96533795 -74.0628079,1200,Tuesday,37190,Nightlife Spot,-999,-999.0,Clouds,185
5189,40.965810267788 -74.0676060318947,1260,Tuesday,26293,Professional & Other Places,-999,-999.0,Clouds,185
5189,40.96532877881821 -74.0629239214116,1380,Tuesday,38260,Food,2,-999.0,Clouds,185
5189,40.9645718001334 -74.0664339065552,1380,Tuesday,22829,Travel & Transport,-999,-999.0,Clouds,185
5189,40.9653582 -74.0628322333333,0,Wednesday,14056,Food,2,-999.0,Clouds,185
5189,40.9680314876872 -74.0636811697517,420,Wednesday,2316,Nightlife Spot,3,-999.0,Rain,185
5189,40.96532877881821 -74.0629239214116,480,Wednesday,38260,Food,2,-999.0,Rain,185
5189,40.9654169422336 -74.062883764218,540,Wednesday,37593,Nightlife Spot,3,-999.0,Rain,185
5189,40.9654169833333 -74.0629196833333,600,Wednesday,34964,Outdoors & Recreation,-999,-999.0,Clouds,185
5189,40.9646218431031 -74.0678574546435,600,Wednesday,13086,Professional & Other Places,-999,-999.0,Clouds,185
5189,40.9616053934215 -74.0600096343911,1080,Wednesday,32755,Shop & Service,-999,-999.0,Clouds,185
5189,40.9041560726231 -74.0622871420537,1080,Wednesday,4513,Nightlife Spot,1,6.4,Fog,185
5189,40.90546761666671 -74.064304,1140,Wednesday,16983,Food,1,6.1,Clouds,185
5189,40.96533795 -74.0628079,960,Thursday,37190,Nightlife Spot,-999,-999.0,Clouds,185
5189,40.9646905973894 -74.0617765696701,1020,Thursday,5747,Travel & Transport,-999,-999.0,Clouds,185
5189,40.9653219428021 -74.0628034498054,1080,Thursday,2861,Arts & Entertainment,-999,-999.0,Clear,185
5189,40.9654169833333 -74.0629196833333,1140,Thursday,34964,Outdoors & Recreation,-999,-999.0,Clouds,185
5189,40.96532877881821 -74.0629239214116,1260,Thursday,38260,Food,2,-999.0,Clear,185
5189,40.9680314876872 -74.0636811697517,300,Friday,2316,Nightlife Spot,3,-999.0,Clear,185
5189,40.96532877881821 -74.0629239214116,480,Friday,38260,Food,2,-999.0,Clear,185
5189,40.9653550190346 -74.06283213352809,540,Friday,23852,Outdoors & Recreation,-999,-999.0,Clear,185
5189,40.9654169422336 -74.062883764218,540,Friday,37593,Nightlife Spot,3,-999.0,Clear,185
5189,40.9653219428021 -74.0628034498054,720,Friday,2861,Arts & Entertainment,-999,-999.0,Clouds,185
5189,40.96533795 -74.0628079,960,Friday,37190,Nightlife Spot,-999,-999.0,Clear,185
5189,40.9646905973894 -74.0617765696701,1020,Friday,5747,Travel & Transport,-999,-999.0,Clear,185
5189,40.9654169833333 -74.0629196833333,1080,Friday,34964,Outdoors & Recreation,-999,-999.0,Clear,185
5189,40.9681100152221 -74.05938718735509,1380,Friday,24621,Residence,-999,-999.0,Clear,185
5189,40.9680314876872 -74.0636811697517,360,Saturday,2316,Nightlife Spot,3,-999.0,Clear,185
5189,40.9653550190346 -74.06283213352809,540,Saturday,23852,Outdoors & Recreation,-999,-999.0,Clear,185
5189,40.96532877881821 -74.0629239214116,540,Saturday,38260,Food,2,-999.0,Clear,185
5189,40.9654169422336 -74.062883764218,600,Saturday,37593,Nightlife Spot,3,-999.0,Clear,185
5189,40.9653708323671 -74.06281492329501,840,Saturday,5747,Travel & Transport,-999,-999.0,Clear,185
5189,40.9653219428021 -74.0628034498054,900,Saturday,2861,Arts & Entertainment,-999,-999.0,Clear,185
5189,40.96533795 -74.0628079,960,Saturday,37190,Nightlife Spot,-999,-999.0,Clear,185
5189,40.9646218431031 -74.0678574546435,1080,Saturday,13086,Professional & Other Places,-999,-999.0,Clear,185
5189,40.965810267788 -74.0676060318947,1140,Saturday,26293,Professional & Other Places,-999,-999.0,Clear,185
5189,40.9653582 -74.0628322333333,1380,Saturday,14056,Food,2,-999.0,Clear,185
5189,40.9645718001334 -74.0664339065552,0,Sunday,22829,Travel & Transport,-999,-999.0,Clear,185
5189,40.960318969425295 -74.0677369861784,0,Sunday,36101,Travel & Transport,-999,-999.0,Clear,185
5189,40.9680314876872 -74.0636811697517,480,Sunday,2316,Nightlife Spot,3,-999.0,Clear,185
5189,40.9653550190346 -74.06283213352809,660,Sunday,23852,Outdoors & Recreation,-999,-999.0,Clear,185
5189,40.9654169833333 -74.0629196833333,780,Sunday,34964,Outdoors & Recreation,-999,-999.0,Clear,185
5189,40.9653219428021 -74.0628034498054,780,Sunday,2861,Arts & Entertainment,-999,-999.0,Clear,185
5189,40.96532877881821 -74.0629239214116,840,Sunday,38260,Food,2,-999.0,Clear,185
5189,40.9646218431031 -74.0678574546435,900,Sunday,13086,Professional & Other Places,-999,-999.0,Clouds,185
5189,40.965810267788 -74.0676060318947,1020,Sunday,26293,Professional & Other Places,-999,-999.0,Clear,185
5189,40.96533795 -74.0628079,1140,Sunday,37190,Nightlife Spot,-999,-999.0,Clear,185
5189,40.9653708323671 -74.06281492329501,1140,Sunday,5747,Travel & Transport,-999,-999.0,Clear,185
5189,40.9645718001334 -74.0664339065552,1380,Sunday,22829,Travel & Transport,-999,-999.0,Clear,185
5189,40.960318969425295 -74.0677369861784,1380,Sunday,36101,Travel & Transport,-999,-999.0,Clouds,185
5190,40.9599859369998 -74.0671633257678,0,Monday,30717,Food,2,7.6,Clouds,185
5190,40.9652914155792 -74.0627346088532,0,Monday,9938,Professional & Other Places,-999,-999.0,Clouds,185
5190,40.9653310333333 -74.0627049,60,Monday,11593,Food,2,-999.0,Clouds,185
5190,40.9680314876872 -74.0636811697517,360,Monday,2316,Nightlife Spot,3,-999.0,Clouds,185
5190,40.9653708323671 -74.06281492329501,420,Monday,5747,Travel & Transport,-999,-999.0,Clouds,185
5190,40.96532877881821 -74.0629239214116,480,Monday,38260,Food,2,-999.0,Clouds,185
5190,40.9653550190346 -74.06283213352809,480,Monday,23852,Outdoors & Recreation,-999,-999.0,Clouds,185
5190,40.9654169422336 -74.062883764218,540,Monday,37593,Nightlife Spot,3,-999.0,Clouds,185
5190,40.9645718001334 -74.0664339065552,600,Monday,22829,Travel & Transport,-999,-999.0,Clouds,185
5190,40.967786 -74.0736896833333,660,Monday,13429,Food,1,6.8,Clouds,185
5190,40.9654169833333 -74.0629196833333,840,Monday,34964,Outdoors & Recreation,-999,-999.0,Clouds,185
5190,40.96533795 -74.0628079,960,Monday,37190,Nightlife Spot,-999,-999.0,Clouds,185
5190,40.9653219428021 -74.0628034498054,1020,Monday,2861,Arts & Entertainment,-999,-999.0,Clouds,185
5190,40.965810267788 -74.0676060318947,1080,Monday,26293,Professional & Other Places,-999,-999.0,Clouds,185
5190,40.9653582 -74.0628322333333,1260,Monday,14056,Food,2,-999.0,Clouds,185
5190,40.9681100152221 -74.05938718735509,1320,Monday,24621,Residence,-999,-999.0,Clouds,185
5190,40.960318969425295 -74.0677369861784,0,Tuesday,36101,Travel & Transport,-999,-999.0,Clouds,185
5190,40.9653310333333 -74.0627049,0,Tuesday,11593,Food,2,-999.0,Clouds,185
5190,40.9652914155792 -74.0627346088532,0,Tuesday,9938,Professional & Other Places,-999,-999.0,Rain,185
5190,40.9680314876872 -74.0636811697517,360,Tuesday,2316,Nightlife Spot,3,-999.0,Clouds,185
5190,40.9653550190346 -74.06283213352809,420,Tuesday,23852,Outdoors & Recreation,-999,-999.0,Rain,185
5190,40.9654169422336 -74.062883764218,540,Tuesday,37593,Nightlife Spot,3,-999.0,Clouds,185
5190,40.9653219428021 -74.0628034498054,600,Tuesday,2861,Arts & Entertainment,-999,-999.0,Clouds,185
5190,40.8135454508635 -73.8108125045035,1020,Tuesday,22065,Outdoors & Recreation,-999,7.7,Clouds,185
5190,40.84434524805871 -73.90002862739959,1020,Tuesday,20108,Professional & Other Places,-999,-999.0,Clouds,185
5190,40.94832653464661 -74.069767730049,1020,Tuesday,30342,Shop & Service,-999,7.1,Clouds,185
5190,40.96532877881821 -74.0629239214116,1140,Tuesday,38260,Food,2,-999.0,Clouds,185
5190,40.9654169833333 -74.0629196833333,1140,Tuesday,34964,Outdoors & Recreation,-999,-999.0,Clouds,185
5190,40.9654169422336 -74.062883764218,1260,Tuesday,37593,Nightlife Spot,3,-999.0,Clouds,185
5190,40.9652292144287 -74.063055866416,1320,Tuesday,13086,Professional & Other Places,-999,-999.0,Rain,185
5190,40.965810267788 -74.0676060318947,1380,Tuesday,26293,Professional & Other Places,-999,-999.0,Clouds,185
5190,40.9680314876872 -74.0636811697517,240,Wednesday,2316,Nightlife Spot,3,-999.0,Clouds,185
5190,40.96532877881821 -74.0629239214116,420,Wednesday,38260,Food,2,-999.0,Clouds,185
5190,40.9653550190346 -74.06283213352809,480,Wednesday,23852,Outdoors & Recreation,-999,-999.0,Clouds,185
5190,40.9652292144287 -74.063055866416,540,Wednesday,13086,Professional & Other Places,-999,-999.0,Clouds,185
5190,40.965810267788 -74.0676060318947,600,Wednesday,26293,Professional & Other Places,-999,-999.0,Clouds,185
5190,40.96533795 -74.0628079,720,Wednesday,37190,Nightlife Spot,-999,-999.0,Fog,185
5190,40.94832653464661 -74.069767730049,900,Wednesday,30342,Shop & Service,-999,7.1,Clear,185
5190,40.9489233795369 -74.069721837773,900,Wednesday,21313,Professional & Other Places,-999,-999.0,Clouds,185
5190,40.9654169833333 -74.0629196833333,1020,Wednesday,34964,Outdoors & Recreation,-999,-999.0,Clear,185
5190,40.9645718001334 -74.0664339065552,1080,Wednesday,22829,Travel & Transport,-999,-999.0,Clear,185
5190,40.9653708323671 -74.06281492329501,1080,Wednesday,5747,Travel & Transport,-999,-999.0,Clear,185
5190,40.9653219428021 -74.0628034498054,1140,Wednesday,2861,Arts & Entertainment,-999,-999.0,Clear,185
5190,40.9681100152221 -74.05938718735509,1380,Wednesday,24621,Residence,-999,-999.0,Clear,185
5190,40.9653310333333 -74.0627049,1380,Wednesday,11593,Food,2,-999.0,Clouds,185
5190,40.9680314876872 -74.0636811697517,360,Thursday,2316,Nightlife Spot,3,-999.0,Clear,185
5190,40.9652292144287 -74.063055866416,480,Thursday,13086,Professional & Other Places,-999,-999.0,Clear,185
5190,40.9653708323671 -74.06281492329501,540,Thursday,5747,Travel & Transport,-999,-999.0,Clear,185
5190,40.94832653464661 -74.069767730049,600,Thursday,30342,Shop & Service,-999,7.1,Clear,185
5190,40.9653550190346 -74.06283213352809,1020,Thursday,23852,Outdoors & Recreation,-999,-999.0,Clear,185
5190,40.9680314876872 -74.0636811697517,420,Friday,2316,Nightlife Spot,3,-999.0,Clear,185
5190,40.9653550190346 -74.06283213352809,420,Friday,23852,Outdoors & Recreation,-999,-999.0,Clear,185
5190,40.9653708323671 -74.06281492329501,480,Friday,5747,Travel & Transport,-999,-999.0,Clear,185
5190,40.96532877881821 -74.0629239214116,540,Friday,38260,Food,2,-999.0,Clear,185
5190,40.9652292144287 -74.063055866416,600,Friday,13086,Professional & Other Places,-999,-999.0,Clear,185
5190,40.960318969425295 -74.0677369861784,900,Friday,36101,Travel & Transport,-999,-999.0,Clear,185
5190,40.9599859369998 -74.0671633257678,960,Friday,30717,Food,2,7.6,Clear,185
5190,40.94832653464661 -74.069767730049,1020,Friday,30342,Shop & Service,-999,7.1,Clear,185
5190,40.9489233795369 -74.069721837773,1020,Friday,21313,Professional & Other Places,-999,-999.0,Clear,185
5190,40.9529105319849 -74.0725499284692,1020,Friday,16940,Shop & Service,-999,5.9,Clear,185
5190,40.9653310333333 -74.0627049,1140,Friday,11593,Food,2,-999.0,Clear,185
5190,40.9680314876872 -74.0636811697517,360,Saturday,2316,Nightlife Spot,3,-999.0,Clear,185
5190,40.96532877881821 -74.0629239214116,480,Saturday,38260,Food,2,-999.0,Clear,185
5190,40.9653550190346 -74.06283213352809,540,Saturday,23852,Outdoors & Recreation,-999,-999.0,Clear,185
5190,40.9652292144287 -74.063055866416,600,Saturday,13086,Professional & Other Places,-999,-999.0,Clear,185
5190,40.96533795 -74.0628079,660,Saturday,37190,Nightlife Spot,-999,-999.0,Clear,185
5190,40.967786 -74.0736896833333,780,Saturday,13429,Food,1,6.8,Clear,185
5190,40.8973903874748 -74.08950037532391,900,Saturday,29566,Shop & Service,-999,6.4,Clear,185
5190,40.918982 -74.069229,900,Saturday,26022,Professional & Other Places,-999,-999.0,Clear,185
5190,40.91250720487261 -74.051456451416,960,Saturday,26761,Shop & Service,-999,8.0,Clear,185
5190,40.9599859369998 -74.0671633257678,1020,Saturday,30717,Food,2,7.6,Clear,185
5203,40.9652914155792 -74.0627346088532,600,Monday,9938,Professional & Other Places,-999,-999.0,Clear,185
5203,40.9653550190346 -74.06283213352809,600,Monday,23852,Outdoors & Recreation,-999,-999.0,Clouds,185
5203,40.96533795 -74.0628079,660,Monday,37190,Nightlife Spot,-999,-999.0,Clouds,185
5203,40.9653219428021 -74.0628034498054,900,Monday,2861,Arts & Entertainment,-999,-999.0,Clouds,185
5203,40.9654169422336 -74.062883764218,900,Monday,37593,Nightlife Spot,3,-999.0,Clouds,185
5203,40.9603192232073 -74.06725511155041,1380,Monday,36101,Travel & Transport,-999,-999.0,Clear,185
5203,40.96532877881821 -74.0629239214116,300,Tuesday,38260,Food,2,-999.0,Clear,185
5203,40.9654169422336 -74.062883764218,360,Tuesday,37593,Nightlife Spot,3,-999.0,Clear,185
5203,40.9653708323671 -74.06281492329501,420,Tuesday,5747,Travel & Transport,-999,-999.0,Clouds,185
5203,40.9653550190346 -74.06283213352809,480,Tuesday,23852,Outdoors & Recreation,-999,-999.0,Clear,185
5203,40.696290910876606 -74.2566909769355,1140,Tuesday,18097,Nightlife Spot,1,6.8,Clouds,185
5203,40.96516606425121 -74.0628952377028,840,Thursday,26798,Professional & Other Places,-999,-999.0,Clouds,185
5203,40.96532877881821 -74.0629239214116,1080,Thursday,38260,Food,2,-999.0,Clear,185
5203,40.96533885740629 -74.06283213352809,1140,Thursday,2316,Nightlife Spot,3,-999.0,Clear,185
5203,40.9654169833333 -74.0629196833333,1320,Thursday,34964,Outdoors & Recreation,-999,-999.0,Clear,185
5203,40.96533795 -74.0628079,720,Friday,37190,Nightlife Spot,-999,-999.0,Clear,185
5203,40.9653550190346 -74.06283213352809,720,Friday,23852,Outdoors & Recreation,-999,-999.0,Clear,185
5203,40.9653219428021 -74.0628034498054,900,Friday,2861,Arts & Entertainment,-999,-999.0,Clouds,185
5203,40.9618329390118 -74.0603022124755,1020,Friday,33838,Arts & Entertainment,-999,-999.0,Clouds,185
5203,40.965810267788 -74.0676060318947,1320,Friday,26293,Professional & Other Places,-999,-999.0,Clear,185
5203,40.9681100152221 -74.05938718735509,1320,Friday,24621,Residence,-999,-999.0,Clouds,185
5203,40.9653708323671 -74.06281492329501,420,Saturday,5747,Travel & Transport,-999,-999.0,Clouds,185
5203,40.9481629642871 -74.06981935884609,720,Saturday,30342,Shop & Service,-999,7.1,Clouds,185
5203,40.9481665166667 -74.06842515,720,Saturday,35441,Shop & Service,-999,6.1,Clouds,185
5203,40.967786 -74.0736896833333,720,Saturday,13429,Food,1,6.8,Clouds,185
5203,40.9653550190346 -74.06283213352809,780,Saturday,23852,Outdoors & Recreation,-999,-999.0,Clouds,185
5203,40.9618329390118 -74.0603022124755,780,Saturday,33838,Arts & Entertainment,-999,-999.0,Clouds,185
5203,40.96533795 -74.0628079,960,Saturday,37190,Nightlife Spot,-999,-999.0,Clouds,185
5203,40.9653219428021 -74.0628034498054,1080,Saturday,2861,Arts & Entertainment,-999,-999.0,Clouds,185
5203,40.923735684882 -74.0705323219299,1140,Saturday,26751,Travel & Transport,-999,6.2,Clouds,185
5203,40.9645718001334 -74.0664339065552,1200,Saturday,22829,Travel & Transport,-999,-999.0,Clear,185
5203,40.9654169833333 -74.0629196833333,1320,Saturday,34964,Outdoors & Recreation,-999,-999.0,Clear,185
5203,40.9654464263127 -74.0629640785966,1320,Saturday,97,Food,2,-999.0,Clear,185
5203,40.9652292144287 -74.063055866416,1320,Saturday,13086,Professional & Other Places,-999,-999.0,Clear,185
5203,40.9653582 -74.0628322333333,0,Sunday,14056,Food,2,-999.0,Clear,185
5203,40.96532877881821 -74.0629239214116,420,Sunday,38260,Food,2,-999.0,Clear,185
5203,40.9645718001334 -74.0664339065552,660,Sunday,22829,Travel & Transport,-999,-999.0,Clear,185
5203,40.96533795 -74.0628079,780,Sunday,37190,Nightlife Spot,-999,-999.0,Clear,185
5203,40.92571083 -74.0990589333333,840,Sunday,11925,Shop & Service,-999,6.0,Clear,185
5203,40.96533885740629 -74.06283213352809,960,Sunday,2316,Nightlife Spot,3,-999.0,Clear,185
5203,40.9654169833333 -74.0629196833333,1200,Sunday,34964,Outdoors & Recreation,-999,-999.0,Clouds,185
5203,40.9651716251224 -74.062746082347,1200,Sunday,12948,Nightlife Spot,3,-999.0,Clouds,185
5203,40.9653219428021 -74.0628034498054,1260,Sunday,2861,Arts & Entertainment,-999,-999.0,Clouds,185
5203,40.9603192232073 -74.06725511155041,1320,Sunday,36101,Travel & Transport,-999,-999.0,Clouds,185
5204,40.9654464263127 -74.0629640785966,60,Monday,97,Food,2,-999.0,Clouds,185
5204,40.9618329390118 -74.0603022124755,60,Monday,33838,Arts & Entertainment,-999,-999.0,Clouds,185
5204,40.9652914155792 -74.0627346088532,120,Monday,9938,Professional & Other Places,-999,-999.0,Clouds,185
5204,40.96532877881821 -74.0629239214116,420,Monday,38260,Food,2,-999.0,Clear,185
5204,40.96533885740629 -74.06283213352809,420,Monday,2316,Nightlife Spot,3,-999.0,Clear,185
5204,40.9653550190346 -74.06283213352809,480,Monday,23852,Outdoors & Recreation,-999,-999.0,Clear,185
5204,40.7633161998109 -73.9455842971802,600,Monday,4420,Outdoors & Recreation,-999,-999.0,Clear,185
5204,40.7643238363402 -73.93313884735109,600,Monday,23610,Food,1,6.1,Clear,185
5204,40.96533795 -74.0628079,660,Wednesday,37190,Nightlife Spot,-999,-999.0,Clear,185
5204,40.9651716251224 -74.062746082347,720,Wednesday,12948,Nightlife Spot,3,-999.0,Clouds,185
5208,40.9618329390118 -74.0603022124755,480,Tuesday,33838,Arts & Entertainment,-999,-999.0,Clear,185
5208,40.96532877881821 -74.0629239214116,660,Tuesday,38260,Food,2,-999.0,Clouds,185
5208,40.96533795 -74.0628079,780,Tuesday,37190,Nightlife Spot,-999,-999.0,Clear,185
5208,40.9653550190346 -74.06283213352809,420,Wednesday,23852,Outdoors & Recreation,-999,-999.0,Clear,185
5208,40.96533885740629 -74.06283213352809,420,Wednesday,2316,Nightlife Spot,3,-999.0,Clear,185
5208,40.96532877881821 -74.0629239214116,480,Wednesday,38260,Food,2,-999.0,Clear,185
5208,40.96533795 -74.0628079,1320,Thursday,37190,Nightlife Spot,-999,-999.0,Clouds,185
5208,40.9653708323671 -74.06281492329501,420,Friday,5747,Travel & Transport,-999,-999.0,Clouds,185
5208,40.9654169833333 -74.0629196833333,480,Friday,34964,Outdoors & Recreation,-999,-999.0,Rain,185
5208,40.9618329390118 -74.0603022124755,960,Friday,33838,Arts & Entertainment,-999,-999.0,Clouds,185
5211,40.9645718001334 -74.0664339065552,420,Monday,22829,Travel & Transport,-999,-999.0,Clouds,185
5211,40.9618329390118 -74.0603022124755,420,Monday,33838,Arts & Entertainment,-999,-999.0,Clouds,185
5211,40.96533795 -74.0628079,480,Monday,37190,Nightlife Spot,-999,-999.0,Clouds,185
5211,40.9481629642871 -74.06981935884609,780,Monday,30342,Shop & Service,-999,7.1,Clouds,185
5211,40.9489233795369 -74.069721837773,840,Monday,21313,Professional & Other Places,-999,-999.0,Clear,185
5211,40.9653550190346 -74.06283213352809,1140,Monday,23852,Outdoors & Recreation,-999,-999.0,Clear,185
5211,40.9654169422336 -74.062883764218,1200,Monday,37593,Nightlife Spot,3,-999.0,Clouds,185
5211,40.9654464263127 -74.0629640785966,1260,Monday,97,Food,2,-999.0,Clear,185
5211,40.9481665166667 -74.06842515,780,Tuesday,35441,Shop & Service,-999,6.1,Clear,185
5211,40.96533795 -74.0628079,780,Tuesday,37190,Nightlife Spot,-999,-999.0,Clear,185
5211,40.96533885740629 -74.06283213352809,1020,Tuesday,2316,Nightlife Spot,3,-999.0,Clear,185
5211,40.9654464263127 -74.0629640785966,1140,Tuesday,97,Food,2,-999.0,Clear,185
5211,40.9681100152221 -74.05938718735509,1380,Tuesday,24621,Residence,-999,-999.0,Clear,185
5211,40.9618329390118 -74.0603022124755,0,Wednesday,33838,Arts & Entertainment,-999,-999.0,Clear,185
5211,40.9653708323671 -74.06281492329501,60,Wednesday,5747,Travel & Transport,-999,-999.0,Clear,185
5211,40.9654169833333 -74.0629196833333,540,Wednesday,34964,Outdoors & Recreation,-999,-999.0,Clouds,185
5211,40.9653708323671 -74.06281492329501,360,Friday,5747,Travel & Transport,-999,-999.0,Clear,185
5211,40.9603192232073 -74.06725511155041,480,Friday,36101,Travel & Transport,-999,-999.0,Clear,185
5211,40.9618329390118 -74.0603022124755,720,Friday,33838,Arts & Entertainment,-999,-999.0,Clear,185
5211,40.9653219428021 -74.0628034498054,720,Friday,2861,Arts & Entertainment,-999,-999.0,Clear,185
5211,40.9652292144287 -74.063055866416,720,Friday,13086,Professional & Other Places,-999,-999.0,Clear,185
5211,40.9653550190346 -74.06283213352809,780,Friday,23852,Outdoors & Recreation,-999,-999.0,Clear,185
5211,40.9654169422336 -74.062883764218,900,Friday,37593,Nightlife Spot,3,-999.0,Clear,185
5211,40.9651716251224 -74.062746082347,960,Friday,12948,Nightlife Spot,3,-999.0,Clouds,185
5211,40.96533795 -74.0628079,1020,Friday,37190,Nightlife Spot,-999,-999.0,Clouds,185
5211,40.9653708323671 -74.06281492329501,1260,Friday,5747,Travel & Transport,-999,-999.0,Clear,185
5211,40.9651716251224 -74.062746082347,840,Saturday,12948,Nightlife Spot,3,-999.0,Fog,185
5211,40.9481629642871 -74.06981935884609,900,Saturday,30342,Shop & Service,-999,7.1,Clouds,185
5211,40.965810267788 -74.0676060318947,1080,Saturday,26293,Professional & Other Places,-999,-999.0,Clouds,185
5211,40.9603192232073 -74.06725511155041,1140,Saturday,36101,Travel & Transport,-999,-999.0,Clouds,185
5211,40.9652914155792 -74.0627346088532,1200,Saturday,9938,Professional & Other Places,-999,-999.0,Clouds,185
5211,40.9652914155792 -74.0627346088532,1320,Saturday,9938,Professional & Other Places,-999,-999.0,Clear,185
5211,40.9653708323671 -74.06281492329501,1320,Saturday,5747,Travel & Transport,-999,-999.0,Clear,185
5211,40.9681100152221 -74.05938718735509,1380,Saturday,24621,Residence,-999,-999.0,Clear,185
5211,40.9618329390118 -74.0603022124755,420,Sunday,33838,Arts & Entertainment,-999,-999.0,Clear,185
5211,40.96532877881821 -74.0629239214116,480,Sunday,38260,Food,2,-999.0,Fog,185
5211,40.96533885740629 -74.06283213352809,540,Sunday,2316,Nightlife Spot,3,-999.0,Fog,185
5211,40.9653550190346 -74.06283213352809,660,Sunday,23852,Outdoors & Recreation,-999,-999.0,Clouds,185
5211,40.963676 -74.07755655,720,Sunday,29854,Food,1,6.0,Clear,185
5211,40.9603695714694 -74.0669625442131,840,Sunday,36101,Travel & Transport,-999,-999.0,Clear,185
5211,40.9654169833333 -74.0629196833333,1260,Sunday,34964,Outdoors & Recreation,-999,-999.0,Clear,185
5211,40.965810267788 -74.0676060318947,1320,Sunday,26293,Professional & Other Places,-999,-999.0,Clear,185
5212,40.9645718001334 -74.0664339065552,420,Monday,22829,Travel & Transport,-999,-999.0,Fog,185
5212,40.9653219428021 -74.0628034498054,540,Monday,2861,Arts & Entertainment,-999,-999.0,Clear,185
5212,40.9654182160558 -74.0630788133639,840,Monday,31718,Shop & Service,-999,6.6,Clear,185
5212,40.96533885740629 -74.06283213352809,900,Monday,2316,Nightlife Spot,3,-999.0,Clouds,185
5212,40.9654464263127 -74.0629640785966,1080,Monday,97,Food,2,-999.0,Clouds,185
5212,40.9603695714694 -74.0669625442131,0,Tuesday,36101,Travel & Transport,-999,-999.0,Clouds,185
5212,40.96516606425121 -74.0628952377028,60,Tuesday,26798,Professional & Other Places,-999,-999.0,Clouds,185
5212,40.9653582 -74.0628322333333,60,Tuesday,14056,Food,2,-999.0,Clouds,185
5212,40.96532877881821 -74.0629239214116,540,Tuesday,38260,Food,2,-999.0,Clouds,185
5212,40.92680715315 -74.0686089466701,840,Thursday,6875,Professional & Other Places,-999,-999.0,Clear,185
5212,40.9652914155792 -74.0627346088532,1320,Friday,9938,Professional & Other Places,-999,-999.0,Clear,185
5212,40.9651716251224 -74.062746082347,1380,Friday,12948,Nightlife Spot,3,-999.0,Clear,185
5212,40.96533795 -74.0628079,1380,Friday,37190,Nightlife Spot,-999,-999.0,Clear,185
5212,40.9654464263127 -74.0629640785966,0,Saturday,97,Food,2,-999.0,Clear,185
5212,40.96533885740629 -74.06283213352809,0,Saturday,2316,Nightlife Spot,3,-999.0,Clear,185
5212,40.9653550190346 -74.06283213352809,60,Saturday,23852,Outdoors & Recreation,-999,-999.0,Clear,185
5212,40.9652292144287 -74.063055866416,480,Saturday,13086,Professional & Other Places,-999,-999.0,Clear,185
5212,40.977264683333296 -74.0714536166667,540,Saturday,8978,Food,4,6.0,Clear,185
5212,40.967786 -74.0736896833333,600,Saturday,13429,Food,1,6.8,Clear,185
5212,40.9678387 -74.0737821666667,600,Saturday,20566,Shop & Service,-999,-999.0,Clear,185
5212,40.9653219428021 -74.0628034498054,660,Saturday,2861,Arts & Entertainment,-999,-999.0,Clear,185
5212,40.9481665166667 -74.06842515,720,Saturday,35441,Shop & Service,-999,6.1,Clear,185
5212,40.973385757537706 -74.07132232431759,900,Saturday,12725,Nightlife Spot,3,-999.0,Clear,185
5212,40.9653708323671 -74.06281492329501,1020,Saturday,5747,Travel & Transport,-999,-999.0,Clear,185
5212,40.96532877881821 -74.0629239214116,1260,Saturday,38260,Food,2,-999.0,Clear,185
5212,40.965810267788 -74.0676060318947,0,Sunday,26293,Professional & Other Places,-999,-999.0,Clear,185
5212,40.9652292144287 -74.063055866416,480,Sunday,13086,Professional & Other Places,-999,-999.0,Clear,185
5212,40.9652914155792 -74.0627346088532,540,Sunday,9938,Professional & Other Places,-999,-999.0,Clear,185
5212,40.92680715315 -74.0686089466701,600,Sunday,6875,Professional & Other Places,-999,-999.0,Clear,185
5216,40.9681100152221 -74.05938718735509,0,Monday,24621,Residence,-999,-999.0,Rain,185
5216,40.965810267788 -74.0676060318947,0,Monday,26293,Professional & Other Places,-999,-999.0,Rain,185
5216,40.965304565504205 -74.0628722907326,540,Monday,27547,Professional & Other Places,-999,-999.0,Clouds,185
5216,40.961784823174895 -74.06776428222659,540,Monday,7421,Professional & Other Places,-999,-999.0,Clouds,185
5216,40.9652914155792 -74.0627346088532,600,Monday,9938,Professional & Other Places,-999,-999.0,Clouds,185
5216,40.947815946186296 -74.0583688940154,660,Monday,35100,Shop & Service,-999,-999.0,Clouds,185
5216,40.9481629642871 -74.06981935884609,720,Monday,30342,Shop & Service,-999,7.1,Clouds,185
5216,40.9651716251224 -74.062746082347,900,Monday,12948,Nightlife Spot,3,-999.0,Clouds,185
5216,40.977264683333296 -74.0714536166667,1080,Monday,8978,Food,4,6.0,Clouds,185
5216,40.9681100152221 -74.05938718735509,1320,Monday,24621,Residence,-999,-999.0,Clouds,185
5216,40.9654464263127 -74.0629640785966,1320,Monday,97,Food,2,-999.0,Clouds,185
5216,40.9652292144287 -74.063055866416,480,Tuesday,13086,Professional & Other Places,-999,-999.0,Unknown,185
5216,40.96533885740629 -74.06283213352809,480,Tuesday,2316,Nightlife Spot,3,-999.0,Clouds,185
5216,40.9567476100338 -74.0686089466701,780,Tuesday,10698,Food,2,6.8,Clouds,185
5216,40.963676 -74.07755655,960,Tuesday,29854,Food,1,6.0,Clouds,185
5216,40.9678387 -74.0737821666667,1080,Tuesday,20566,Shop & Service,-999,-999.0,Clouds,185
5216,40.9654169833333 -74.0629196833333,1260,Tuesday,34964,Outdoors & Recreation,-999,-999.0,Clouds,185
5216,40.9681100152221 -74.05938718735509,0,Wednesday,24621,Residence,-999,-999.0,Clouds,185
5216,40.961784823174895 -74.06776428222659,60,Wednesday,7421,Professional & Other Places,-999,-999.0,Clear,185
5216,40.97708265 -74.06544055,1320,Wednesday,11792,Outdoors & Recreation,-999,-999.0,Clear,185
5216,40.965304565504205 -74.0628722907326,1320,Wednesday,27547,Professional & Other Places,-999,-999.0,Clear,185
5216,40.961784823174895 -74.06776428222659,1380,Wednesday,7421,Professional & Other Places,-999,-999.0,Clear,185
5216,40.9652292144287 -74.063055866416,420,Thursday,13086,Professional & Other Places,-999,-999.0,Clear,185
5216,40.9652914155792 -74.0627346088532,480,Thursday,9938,Professional & Other Places,-999,-999.0,Clear,185
5216,40.96533795 -74.0628079,660,Thursday,37190,Nightlife Spot,-999,-999.0,Clear,185
5216,40.9652292144287 -74.063055866416,420,Friday,13086,Professional & Other Places,-999,-999.0,Clear,185
5216,40.96533795 -74.0628079,660,Friday,37190,Nightlife Spot,-999,-999.0,Clear,185
5216,40.9654169833333 -74.0629196833333,1260,Friday,34964,Outdoors & Recreation,-999,-999.0,Clear,185
5216,40.9645718001334 -74.0664339065552,1320,Friday,22829,Travel & Transport,-999,-999.0,Clear,185
5216,40.9653219428021 -74.0628034498054,1320,Friday,2861,Arts & Entertainment,-999,-999.0,Clear,185
5216,40.9654464263127 -74.0629640785966,1380,Friday,97,Food,2,-999.0,Clear,185
5216,40.9602774578663 -74.0671862722177,660,Saturday,36101,Travel & Transport,-999,-999.0,Clear,185
5216,40.9645718001334 -74.0664339065552,720,Saturday,22829,Travel & Transport,-999,-999.0,Clear,185
5216,40.9478231079536 -74.0698423049737,780,Saturday,30342,Shop & Service,-999,7.1,Clear,185
5216,40.9540874073425 -74.0712305405093,780,Saturday,32000,Professional & Other Places,-999,-999.0,Clear,185
5216,40.967786 -74.0736896833333,780,Saturday,13429,Food,1,6.8,Clear,185
5216,40.961784823174895 -74.06776428222659,960,Saturday,7421,Professional & Other Places,-999,-999.0,Clear,185
5216,40.9651716251224 -74.062746082347,1020,Saturday,12948,Nightlife Spot,3,-999.0,Clear,185
5216,40.9645718001334 -74.0664339065552,1140,Saturday,22829,Travel & Transport,-999,-999.0,Clear,185
5216,40.965810267788 -74.0676060318947,1260,Saturday,26293,Professional & Other Places,-999,-999.0,Clouds,185
5216,40.9652914155792 -74.0627346088532,1380,Saturday,9938,Professional & Other Places,-999,-999.0,Clouds,185
5216,40.9654464263127 -74.0629640785966,0,Sunday,97,Food,2,-999.0,Clouds,185
5216,40.9602774578663 -74.0671862722177,0,Sunday,36101,Travel & Transport,-999,-999.0,Clouds,185
5216,40.9653708323671 -74.06281492329501,660,Sunday,5747,Travel & Transport,-999,-999.0,Clouds,185
5216,40.9599859369998 -74.0671633257678,840,Sunday,30717,Food,2,7.6,Rain,185
5216,40.9653219428021 -74.0628034498054,1260,Sunday,2861,Arts & Entertainment,-999,-999.0,Clouds,185
5216,40.9654464263127 -74.0629640785966,1320,Sunday,97,Food,2,-999.0,Clouds,185
5218,40.965304565504205 -74.0628722907326,540,Thursday,27547,Professional & Other Places,-999,-999.0,Clouds,185
5218,40.9622543886537 -74.0615872559645,660,Thursday,32755,Shop & Service,-999,-999.0,Clouds,185
5218,40.965810267788 -74.0676060318947,1020,Thursday,26293,Professional & Other Places,-999,-999.0,Clouds,185
5218,40.9653708323671 -74.06281492329501,1260,Thursday,5747,Travel & Transport,-999,-999.0,Clouds,185
5218,40.9489233795369 -74.069721837773,720,Friday,21313,Professional & Other Places,-999,-999.0,Clear,185
5218,40.9645718001334 -74.0664339065552,840,Friday,22829,Travel & Transport,-999,-999.0,Clear,185
5218,40.96533795 -74.0628079,1080,Friday,37190,Nightlife Spot,-999,-999.0,Clear,185
5218,40.9654169833333 -74.0629196833333,1260,Friday,34964,Outdoors & Recreation,-999,-999.0,Clear,185
5218,40.9645718001334 -74.0664339065552,420,Saturday,22829,Travel & Transport,-999,-999.0,Clear,185
5218,40.965304565504205 -74.0628722907326,540,Saturday,27547,Professional & Other Places,-999,-999.0,Clouds,185
5218,40.9567290762321 -74.0630006790161,540,Saturday,4725,Professional & Other Places,-999,-999.0,Clouds,185
5218,40.9481665166667 -74.06842515,660,Saturday,35441,Shop & Service,-999,6.1,Clouds,185
5218,40.9653219428021 -74.0628034498054,780,Saturday,2861,Arts & Entertainment,-999,-999.0,Snow,185
5218,40.9654169833333 -74.0629196833333,900,Saturday,34964,Outdoors & Recreation,-999,-999.0,Clouds,185
5218,40.9678387 -74.0737821666667,900,Saturday,20566,Shop & Service,-999,-999.0,Clouds,185
5218,40.9622543886537 -74.0615872559645,1080,Saturday,32755,Shop & Service,-999,-999.0,Snow,185
5218,40.9681100152221 -74.05938718735509,1200,Saturday,24621,Residence,-999,-999.0,Snow,185
5218,40.9602774578663 -74.0671862722177,1320,Saturday,36101,Travel & Transport,-999,-999.0,Snow,185
5218,40.9599859369998 -74.0671633257678,0,Sunday,30717,Food,2,7.6,Clouds,185
5218,40.9654182160558 -74.0630788133639,60,Sunday,31718,Shop & Service,-999,6.6,Clouds,185
5218,40.9652914155792 -74.0627346088532,420,Sunday,9938,Professional & Other Places,-999,-999.0,Clear,185
5218,40.9063457174997 -74.1298540742092,780,Sunday,34048,Food,2,6.9,Clear,185
5218,40.96533885740629 -74.06283213352809,1080,Sunday,2316,Nightlife Spot,3,-999.0,Clear,185
5218,40.9653708323671 -74.06281492329501,1260,Sunday,5747,Travel & Transport,-999,-999.0,Clear,185
5218,40.9653219428021 -74.0628034498054,1380,Sunday,2861,Arts & Entertainment,-999,-999.0,Clear,185
5219,40.9654464263127 -74.0629640785966,420,Monday,97,Food,2,-999.0,Clouds,185
5219,40.965304565504205 -74.0628722907326,420,Monday,27547,Professional & Other Places,-999,-999.0,Clear,185
5219,40.9478231079536 -74.0698423049737,600,Monday,30342,Shop & Service,-999,7.1,Clear,185
5219,40.9653219428021 -74.0628034498054,780,Monday,2861,Arts & Entertainment,-999,-999.0,Clear,185
5219,40.96533885740629 -74.06283213352809,1020,Monday,2316,Nightlife Spot,3,-999.0,Clouds,185
5219,40.9651716251224 -74.062746082347,1140,Monday,12948,Nightlife Spot,3,-999.0,Clouds,185
5219,40.9652292144287 -74.063055866416,1260,Monday,13086,Professional & Other Places,-999,-999.0,Clouds,185
5219,40.9602774578663 -74.0671862722177,1260,Monday,36101,Travel & Transport,-999,-999.0,Clouds,185
5219,40.9622543886537 -74.0615872559645,1380,Monday,32755,Shop & Service,-999,-999.0,Clouds,185
5219,40.9654464263127 -74.0629640785966,480,Tuesday,97,Food,2,-999.0,Clouds,185
5219,40.9652292144287 -74.063055866416,540,Tuesday,13086,Professional & Other Places,-999,-999.0,Clouds,185
5219,40.9651716251224 -74.062746082347,780,Tuesday,12948,Nightlife Spot,3,-999.0,Clouds,185
5219,40.9652914155792 -74.0627346088532,960,Tuesday,9938,Professional & Other Places,-999,-999.0,Clouds,185
5219,40.9653708323671 -74.06281492329501,1140,Tuesday,5747,Travel & Transport,-999,-999.0,Clear,185
5219,40.9622543886537 -74.0615872559645,0,Wednesday,32755,Shop & Service,-999,-999.0,Clear,185
5219,40.9652090450662 -74.06283787027209,120,Wednesday,22524,Nightlife Spot,3,-999.0,Clear,185
5219,40.9599859369998 -74.0671633257678,180,Wednesday,30717,Food,2,7.6,Clear,185
5219,40.9652292144287 -74.063055866416,480,Wednesday,13086,Professional & Other Places,-999,-999.0,Clear,185
5219,40.961784823174895 -74.06776428222659,540,Wednesday,7421,Professional & Other Places,-999,-999.0,Clear,185
5219,40.96516606425121 -74.0628952377028,780,Wednesday,26798,Professional & Other Places,-999,-999.0,Clear,185
5219,40.9651716251224 -74.062746082347,1140,Wednesday,12948,Nightlife Spot,3,-999.0,Clear,185
5219,40.961784823174895 -74.06776428222659,1200,Wednesday,7421,Professional & Other Places,-999,-999.0,Clear,185
5219,40.9653219428021 -74.0628034498054,1260,Wednesday,2861,Arts & Entertainment,-999,-999.0,Clear,185
5219,40.9654169833333 -74.0629196833333,1260,Wednesday,34964,Outdoors & Recreation,-999,-999.0,Clear,185
5219,40.9602774578663 -74.0671862722177,1320,Wednesday,36101,Travel & Transport,-999,-999.0,Clear,185
5219,40.9652914155792 -74.0627346088532,60,Thursday,9938,Professional & Other Places,-999,-999.0,Clear,185
5219,40.9602774578663 -74.0671862722177,600,Thursday,36101,Travel & Transport,-999,-999.0,Clear,185
5219,40.9654169833333 -74.0629196833333,720,Thursday,34964,Outdoors & Recreation,-999,-999.0,Clear,185
5219,40.9651716251224 -74.062746082347,780,Thursday,12948,Nightlife Spot,3,-999.0,Clouds,185
5219,40.9651716251224 -74.062746082347,1380,Friday,12948,Nightlife Spot,3,-999.0,Clear,185
5219,40.9651716251224 -74.062746082347,1080,Saturday,12948,Nightlife Spot,3,-999.0,Clear,185
5219,40.9041560726231 -74.0622871420537,1140,Saturday,4513,Nightlife Spot,1,6.4,Clear,185
5219,40.9048491166667 -74.0639201,1140,Saturday,35212,Shop & Service,-999,8.3,Clear,185
5219,40.9652914155792 -74.0627346088532,1380,Saturday,9938,Professional & Other Places,-999,-999.0,Clear,185
5219,40.965304565504205 -74.0628722907326,600,Sunday,27547,Professional & Other Places,-999,-999.0,Fog,185
5219,40.96533885740629 -74.06283213352809,840,Sunday,2316,Nightlife Spot,3,-999.0,Clear,185
5219,40.9652914155792 -74.0627346088532,1200,Sunday,9938,Professional & Other Places,-999,-999.0,Clouds,185
5219,40.9645718001334 -74.0664339065552,1320,Sunday,22829,Travel & Transport,-999,-999.0,Clouds,185
5220,40.9681100152221 -74.05938718735509,0,Monday,24621,Residence,-999,-999.0,Clouds,185
5220,40.967786 -74.0736896833333,0,Monday,13429,Food,1,6.8,Clouds,185
5220,40.961784823174895 -74.06776428222659,420,Monday,7421,Professional & Other Places,-999,-999.0,Clear,185
5220,40.9652914155792 -74.0627346088532,600,Monday,9938,Professional & Other Places,-999,-999.0,Clear,185
5220,40.96533885740629 -74.06283213352809,780,Monday,2316,Nightlife Spot,3,-999.0,Clear,185
5220,40.9654169833333 -74.0629196833333,840,Monday,34964,Outdoors & Recreation,-999,-999.0,Clear,185
5220,40.9182189067863 -74.1110433101285,900,Monday,31900,Shop & Service,-999,6.7,Clear,185
5220,40.9478231079536 -74.0698423049737,960,Monday,30342,Shop & Service,-999,7.1,Clear,185
5220,40.9489233795369 -74.069721837773,960,Monday,21313,Professional & Other Places,-999,-999.0,Clear,185
5220,40.9651716251224 -74.062746082347,1140,Monday,12948,Nightlife Spot,3,-999.0,Clear,185
5220,40.965810267788 -74.0676060318947,1260,Monday,26293,Professional & Other Places,-999,-999.0,Clear,185
5220,40.961784823174895 -74.06776428222659,360,Tuesday,7421,Professional & Other Places,-999,-999.0,Clear,185
5220,40.965304565504205 -74.0628722907326,420,Tuesday,27547,Professional & Other Places,-999,-999.0,Clear,185
5220,40.9651716251224 -74.062746082347,960,Tuesday,12948,Nightlife Spot,3,-999.0,Clear,185
5220,40.9478231079536 -74.0698423049737,1260,Tuesday,30342,Shop & Service,-999,7.1,Clear,185
5220,40.9653708323671 -74.06281492329501,1320,Tuesday,5747,Travel & Transport,-999,-999.0,Clear,185
5220,40.9681100152221 -74.05938718735509,0,Wednesday,24621,Residence,-999,-999.0,Clear,185
5220,40.965304565504205 -74.0628722907326,420,Wednesday,27547,Professional & Other Places,-999,-999.0,Clouds,185
5220,40.961784823174895 -74.06776428222659,420,Wednesday,7421,Professional & Other Places,-999,-999.0,Clouds,185
5220,40.9651716251224 -74.062746082347,720,Wednesday,12948,Nightlife Spot,3,-999.0,Fog,185
5220,40.9652292144287 -74.063055866416,1200,Wednesday,13086,Professional & Other Places,-999,-999.0,Clear,185
5220,40.9654182160558 -74.0630788133639,1320,Wednesday,31718,Shop & Service,-999,6.6,Clear,185
5220,40.9652914155792 -74.0627346088532,0,Thursday,9938,Professional & Other Places,-999,-999.0,Clear,185
5220,40.965810267788 -74.0676060318947,60,Thursday,26293,Professional & Other Places,-999,-999.0,Clear,185
5220,40.9681100152221 -74.05938718735509,120,Thursday,24621,Residence,-999,-999.0,Clear,185
5220,40.961784823174895 -74.06776428222659,360,Thursday,7421,Professional & Other Places,-999,-999.0,Clear,185
5220,40.92680715315 -74.0686089466701,1140,Friday,6875,Professional & Other Places,-999,-999.0,Rain,185
5220,40.9652292144287 -74.063055866416,1200,Friday,13086,Professional & Other Places,-999,-999.0,Rain,185
5220,40.9681100152221 -74.05938718735509,240,Saturday,24621,Residence,-999,-999.0,Clouds,185
5220,40.961784823174895 -74.06776428222659,480,Saturday,7421,Professional & Other Places,-999,-999.0,Clouds,185
5220,40.965304565504205 -74.0628722907326,540,Saturday,27547,Professional & Other Places,-999,-999.0,Clouds,185
5220,40.9489233795369 -74.069721837773,780,Saturday,21313,Professional & Other Places,-999,-999.0,Clouds,185
5220,40.9478231079536 -74.0698423049737,780,Saturday,30342,Shop & Service,-999,7.1,Clouds,185
5220,40.9653708323671 -74.06281492329501,900,Saturday,5747,Travel & Transport,-999,-999.0,Clouds,185
5220,40.9652914155792 -74.0627346088532,1140,Saturday,9938,Professional & Other Places,-999,-999.0,Clouds,185
5220,40.96229748893301 -74.0620060405746,0,Sunday,32755,Shop & Service,-999,-999.0,Clouds,185
5220,40.9654464263127 -74.0629640785966,60,Sunday,97,Food,2,-999.0,Clouds,185
5220,40.9599859369998 -74.0671633257678,120,Sunday,30717,Food,2,7.6,Clouds,185
5220,40.9681100152221 -74.05938718735509,180,Sunday,24621,Residence,-999,-999.0,Clouds,185
5220,40.961784823174895 -74.06776428222659,420,Sunday,7421,Professional & Other Places,-999,-999.0,Clouds,185
5220,40.9645718001334 -74.0664339065552,600,Sunday,22829,Travel & Transport,-999,-999.0,Clouds,185
5220,40.9652914155792 -74.0627346088532,600,Sunday,9938,Professional & Other Places,-999,-999.0,Clouds,185
5220,40.9654182160558 -74.0630788133639,840,Sunday,31718,Shop & Service,-999,6.6,Clouds,185
5220,40.9651716251224 -74.062746082347,840,Sunday,12948,Nightlife Spot,3,-999.0,Clouds,185
5220,40.916747697695705 -74.0587245801984,1020,Sunday,9733,Food,2,7.7,Clouds,185
5220,40.9654464263127 -74.0629640785966,1140,Sunday,97,Food,2,-999.0,Clouds,185
5221,40.9653708323671 -74.06281492329501,0,Monday,5747,Travel & Transport,-999,-999.0,Clouds,185
5221,40.9681100152221 -74.05938718735509,60,Monday,24621,Residence,-999,-999.0,Clouds,185
5221,40.9652292144287 -74.063055866416,360,Monday,13086,Professional & Other Places,-999,-999.0,Clouds,185
5221,40.965304565504205 -74.0628722907326,480,Monday,27547,Professional & Other Places,-999,-999.0,Fog,185
5221,40.9602774578663 -74.0671862722177,480,Monday,36101,Travel & Transport,-999,-999.0,Fog,185
5221,40.9653708323671 -74.06281492329501,840,Monday,5747,Travel & Transport,-999,-999.0,Unknown,185
5221,40.977264683333296 -74.0714536166667,1140,Monday,8978,Food,4,6.0,Clouds,185
5221,40.96533885740629 -74.06283213352809,1320,Monday,2316,Nightlife Spot,3,-999.0,Clouds,185
5221,40.9653219428021 -74.0628034498054,1320,Monday,2861,Arts & Entertainment,-999,-999.0,Clouds,185
5221,40.96229748893301 -74.0620060405746,540,Tuesday,32755,Shop & Service,-999,-999.0,Clouds,185
5221,40.9489233795369 -74.069721837773,1080,Tuesday,21313,Professional & Other Places,-999,-999.0,Clouds,185
5221,40.961784823174895 -74.06776428222659,420,Wednesday,7421,Professional & Other Places,-999,-999.0,Rain,185
5221,40.965304565504205 -74.0628722907326,480,Wednesday,27547,Professional & Other Places,-999,-999.0,Clouds,185
5221,40.96533885740629 -74.06283213352809,660,Wednesday,2316,Nightlife Spot,3,-999.0,Clouds,185
5221,40.9651716251224 -74.062746082347,900,Wednesday,12948,Nightlife Spot,3,-999.0,Clouds,185
5221,40.96533795 -74.0628079,1020,Wednesday,37190,Nightlife Spot,-999,-999.0,Clouds,185
5221,40.965810267788 -74.0676060318947,1320,Wednesday,26293,Professional & Other Places,-999,-999.0,Clouds,185
5221,40.9652292144287 -74.063055866416,360,Thursday,13086,Professional & Other Places,-999,-999.0,Clouds,185
5221,40.961784823174895 -74.06776428222659,420,Thursday,7421,Professional & Other Places,-999,-999.0,Clouds,185
5221,40.965304565504205 -74.0628722907326,420,Thursday,27547,Professional & Other Places,-999,-999.0,Clear,185
5221,40.96533795 -74.0628079,960,Thursday,37190,Nightlife Spot,-999,-999.0,Clear,185
5221,40.9651716251224 -74.062746082347,960,Thursday,12948,Nightlife Spot,3,-999.0,Clear,185
5221,40.9653219428021 -74.0628034498054,1020,Thursday,2861,Arts & Entertainment,-999,-999.0,Clear,185
5221,40.9602774578663 -74.0671862722177,1080,Thursday,36101,Travel & Transport,-999,-999.0,Clouds,185
5221,40.965810267788 -74.0676060318947,1080,Thursday,26293,Professional & Other Places,-999,-999.0,Clouds,185
5221,40.9652090450662 -74.06283787027209,1380,Thursday,22524,Nightlife Spot,3,-999.0,Clear,185
5221,40.9602774578663 -74.0671862722177,480,Friday,36101,Travel & Transport,-999,-999.0,Clouds,185
5222,40.9652090450662 -74.06283787027209,120,Monday,22524,Nightlife Spot,3,-999.0,Clear,185
5222,40.9652292144287 -74.063055866416,360,Monday,13086,Professional & Other Places,-999,-999.0,Clear,185
5222,40.965304565504205 -74.0628722907326,480,Monday,27547,Professional & Other Places,-999,-999.0,Clear,185
5222,40.96533795 -74.0628079,600,Monday,37190,Nightlife Spot,-999,-999.0,Clouds,185
5222,40.9653708323671 -74.06281492329501,840,Monday,5747,Travel & Transport,-999,-999.0,Clouds,185
5222,40.96533885740629 -74.06283213352809,960,Monday,2316,Nightlife Spot,3,-999.0,Clouds,185
5222,40.9652090450662 -74.06283787027209,1200,Monday,22524,Nightlife Spot,3,-999.0,Clouds,185
5222,40.96516606425121 -74.0628952377028,1260,Monday,26798,Professional & Other Places,-999,-999.0,Clouds,185
5222,40.9681100152221 -74.05938718735509,1320,Monday,24621,Residence,-999,-999.0,Clouds,185
5222,40.961784823174895 -74.06776428222659,360,Thursday,7421,Professional & Other Places,-999,-999.0,Clouds,185
