tid,lat_lon,date_time,day,poi,category,price,rating,weather,label
8924,40.6728402564456 -73.87072701706309,720,Monday,30364,Food,1,-999.0,Clouds,315
8924,40.6728755110541 -73.8706983047328,720,Monday,18147,Shop & Service,-999,-999.0,Clouds,315
8924,40.672843443958 -73.8706638499309,720,Monday,38095,Food,1,-999.0,Clouds,315
8924,40.672841077323206 -73.8706293951229,720,Monday,33839,Food,1,8.5,Clouds,315
8924,40.6710256041641 -73.87547597866659,300,Tuesday,23486,Shop & Service,-999,-999.0,Clear,315
8924,40.6728402564456 -73.87072701706309,780,Tuesday,30364,Food,1,-999.0,Clouds,315
8924,40.672843443958 -73.8706638499309,780,Tuesday,38095,Food,1,-999.0,Clouds,315
8924,40.672841077323206 -73.8706293951229,840,Tuesday,33839,Food,1,8.5,Clouds,315
8924,40.6728498 -73.87080693,840,Tuesday,37913,Professional & Other Places,-999,-999.0,Clouds,315
8924,40.672881641150106 -73.8707672143185,840,Tuesday,8115,Shop & Service,-999,-999.0,Clouds,315
8924,40.6728562900043 -73.8706983047328,1200,Tuesday,5146,Shop & Service,-999,-999.0,Clear,315
8924,40.672881641150106 -73.8707672143185,1200,Tuesday,8115,Shop & Service,-999,-999.0,Clear,315
8924,40.6728957974228 -73.8707212745974,1200,Tuesday,31474,Food,1,-999.0,Clear,315
8924,40.6728634327554 -73.8728804298613,1200,Tuesday,23655,Food,1,-999.0,Clear,315
8924,40.6728402564456 -73.87072701706309,360,Wednesday,30364,Food,1,-999.0,Clouds,315
8924,40.6728755110541 -73.8706983047328,360,Wednesday,18147,Shop & Service,-999,-999.0,Clouds,315
8924,40.672843443958 -73.8706638499309,360,Wednesday,38095,Food,1,-999.0,Clouds,315
8924,40.672841077323206 -73.8706293951229,360,Wednesday,33839,Food,1,8.5,Clouds,315
8924,40.675020372611606 -73.8717893703308,60,Thursday,4261,Travel & Transport,-999,-999.0,Clouds,315
8924,40.6728312 -73.8705126,60,Thursday,22972,Travel & Transport,-999,-999.0,Clouds,315
8924,40.6728634327554 -73.8728804298613,60,Thursday,23655,Food,1,-999.0,Clouds,315
8924,40.675024039181 -73.87153096060591,60,Thursday,17401,Food,1,-999.0,Clouds,315
8924,40.6738942653882 -73.8733857606402,60,Thursday,29768,Food,1,-999.0,Clouds,315
8924,40.6710256041641 -73.87547597866659,60,Thursday,23486,Shop & Service,-999,-999.0,Clouds,315
8924,40.6710256041641 -73.87547597866659,840,Thursday,23486,Shop & Service,-999,-999.0,Clouds,315
8924,40.6710256041641 -73.87547597866659,1080,Friday,23486,Shop & Service,-999,-999.0,Clear,315
8924,40.6728498 -73.87080693,1080,Friday,37913,Professional & Other Places,-999,-999.0,Clear,315
8924,40.672881641150106 -73.8707672143185,1080,Friday,8115,Shop & Service,-999,-999.0,Clear,315
8924,40.6728887410976 -73.8708878060352,1080,Friday,8746,Shop & Service,-999,-999.0,Clear,315
8924,40.6737375129412 -73.8708648361901,1080,Friday,15285,Shop & Service,-999,-999.0,Clear,315
8924,40.6728957974228 -73.8707212745974,1080,Friday,31474,Food,1,-999.0,Clear,315
8924,40.673996290877206 -73.8721970827602,1080,Friday,13269,Professional & Other Places,-999,-999.0,Clear,315
8924,40.672931479580704 -73.8709682004718,1080,Friday,12373,Outdoors & Recreation,-999,-999.0,Clear,315
8924,40.6740142807085 -73.8708820635741,1140,Friday,23689,Shop & Service,-999,-999.0,Clear,315
8924,40.6620585972299 -73.8926160735304,1140,Friday,13359,Food,1,-999.0,Clear,315
8924,40.6739618499969 -73.8723808401978,1320,Friday,449,Shop & Service,-999,6.4,Clear,315
8924,40.6728267553209 -73.8726282119751,1320,Friday,6921,Professional & Other Places,-999,-999.0,Clear,315
8924,40.6738942653882 -73.8733857606402,1320,Friday,29768,Food,1,-999.0,Clear,315
8924,40.673996290877206 -73.8721970827602,1320,Friday,13269,Professional & Other Places,-999,-999.0,Clear,315
8924,40.675020372611606 -73.8717893703308,1320,Friday,4261,Travel & Transport,-999,-999.0,Clear,315
8924,40.6728562900043 -73.8706983047328,1320,Friday,5146,Shop & Service,-999,-999.0,Clear,315
8924,40.6728312 -73.8705126,1320,Friday,22972,Travel & Transport,-999,-999.0,Clear,315
8924,40.6743728084649 -73.8709115982056,1320,Friday,25762,Food,2,-999.0,Clear,315
8924,40.6710256041641 -73.87547597866659,420,Saturday,23486,Shop & Service,-999,-999.0,Clear,315
8924,40.6743728084649 -73.8709115982056,420,Saturday,25762,Food,2,-999.0,Clear,315
8924,40.6421303409199 -73.8789902510478,840,Saturday,20601,Outdoors & Recreation,-999,-999.0,Clear,315
8924,40.6728402564456 -73.87072701706309,1020,Saturday,30364,Food,1,-999.0,Clear,315
8924,40.6728402564456 -73.87072701706309,1140,Saturday,30364,Food,1,-999.0,Clouds,315
8924,40.6728755110541 -73.8706983047328,1140,Saturday,18147,Shop & Service,-999,-999.0,Clouds,315
8924,40.6728755110541 -73.8706983047328,1200,Saturday,18147,Shop & Service,-999,-999.0,Clear,315
8924,40.6728755110541 -73.8706983047328,1260,Saturday,18147,Shop & Service,-999,-999.0,Clouds,315
8924,40.672843443958 -73.8706638499309,1320,Saturday,38095,Food,1,-999.0,Clouds,315
8924,40.6728755110541 -73.8706983047328,1320,Saturday,18147,Shop & Service,-999,-999.0,Rain,315
8924,40.6728755110541 -73.8706983047328,1380,Saturday,18147,Shop & Service,-999,-999.0,Clouds,315
8924,40.672843443958 -73.8706638499309,1380,Saturday,38095,Food,1,-999.0,Clouds,315
8924,40.672841077323206 -73.8706293951229,1380,Saturday,33839,Food,1,8.5,Clouds,315
8924,40.6728402564456 -73.87072701706309,480,Sunday,30364,Food,1,-999.0,Rain,315
8924,40.6728755110541 -73.8706983047328,600,Sunday,18147,Shop & Service,-999,-999.0,Clear,315
8924,40.6728402564456 -73.87072701706309,600,Sunday,30364,Food,1,-999.0,Clear,315
8924,40.672843443958 -73.8706638499309,960,Sunday,38095,Food,1,-999.0,Clouds,315
8924,40.672841077323206 -73.8706293951229,960,Sunday,33839,Food,1,8.5,Clouds,315
8924,40.6728402564456 -73.87072701706309,960,Sunday,30364,Food,1,-999.0,Clouds,315
8925,40.6728402564456 -73.87072701706309,360,Monday,30364,Food,1,-999.0,Clear,315
8925,40.6728755110541 -73.8706983047328,360,Monday,18147,Shop & Service,-999,-999.0,Clear,315
8925,40.672841077323206 -73.8706293951229,360,Monday,33839,Food,1,8.5,Clear,315
8925,40.6728402564456 -73.87072701706309,420,Tuesday,30364,Food,1,-999.0,Clear,315
8925,40.6728755110541 -73.8706983047328,420,Tuesday,18147,Shop & Service,-999,-999.0,Clear,315
8925,40.6729816058583 -73.8708418663423,420,Tuesday,38095,Food,1,-999.0,Clear,315
8925,40.673052123084 -73.869572778075,420,Tuesday,33839,Food,1,8.5,Clear,315
8925,40.6710256041641 -73.87547597866659,420,Tuesday,23486,Shop & Service,-999,-999.0,Clear,315
8925,40.6876576982578 -73.8527637633197,1140,Wednesday,26266,Outdoors & Recreation,-999,-999.0,Clouds,315
8925,40.6728402564456 -73.87072701706309,840,Thursday,30364,Food,1,-999.0,Clear,315
8925,40.67275736371951 -73.87127829299021,840,Thursday,18147,Shop & Service,-999,-999.0,Clear,315
8925,40.6729816058583 -73.8708418663423,840,Thursday,38095,Food,1,-999.0,Clear,315
8925,40.673052123084 -73.869572778075,840,Thursday,33839,Food,1,8.5,Clear,315
8925,40.6728458105894 -73.87067533486551,840,Thursday,1831,Food,1,-999.0,Clear,315
8925,40.6728402564456 -73.87072701706309,420,Friday,30364,Food,1,-999.0,Clear,315
8925,40.67275736371951 -73.87127829299021,420,Friday,18147,Shop & Service,-999,-999.0,Clear,315
8925,40.673052123084 -73.869572778075,420,Friday,33839,Food,1,8.5,Clear,315
8925,40.6729816058583 -73.8708418663423,420,Friday,38095,Food,1,-999.0,Clear,315
8925,40.6729333734986 -73.8699977225716,420,Friday,8115,Shop & Service,-999,-999.0,Clear,315
8925,40.6710256041641 -73.87547597866659,1380,Friday,23486,Shop & Service,-999,-999.0,Clouds,315
8925,40.675223354958 -73.87300102027909,1380,Friday,23655,Food,1,-999.0,Clouds,315
8925,40.6728312 -73.8705126,1380,Friday,22972,Travel & Transport,-999,-999.0,Clouds,315
8925,40.6740142807085 -73.8708820635741,1380,Friday,23689,Shop & Service,-999,-999.0,Clouds,315
8925,40.674148921541 -73.8708533512665,120,Saturday,32531,Shop & Service,-999,-999.0,Clouds,315
8925,40.673996290877206 -73.8721970827602,120,Saturday,13269,Professional & Other Places,-999,-999.0,Clouds,315
8925,40.67275736371951 -73.87127829299021,600,Saturday,18147,Shop & Service,-999,-999.0,Clear,315
8925,40.6729816058583 -73.8708418663423,600,Saturday,38095,Food,1,-999.0,Clear,315
8925,40.6717202242509 -73.8713759146076,480,Sunday,30364,Food,1,-999.0,Clouds,315
8925,40.67275736371951 -73.87127829299021,480,Sunday,18147,Shop & Service,-999,-999.0,Clouds,315
8925,40.6729816058583 -73.8708418663423,480,Sunday,38095,Food,1,-999.0,Clouds,315
8925,40.673052123084 -73.869572778075,480,Sunday,33839,Food,1,8.5,Clouds,315
8925,40.67418398315221 -73.8708074115656,1380,Sunday,37913,Professional & Other Places,-999,-999.0,Rain,315
8925,40.6729333734986 -73.8699977225716,1380,Sunday,8115,Shop & Service,-999,-999.0,Rain,315
8925,40.6740142807085 -73.8708820635741,1380,Sunday,23689,Shop & Service,-999,-999.0,Rain,315
8925,40.674148921541 -73.8708533512665,1380,Sunday,32531,Shop & Service,-999,-999.0,Rain,315
8927,40.6740837757941 -73.87095097309529,780,Tuesday,14482,Shop & Service,-999,-999.0,Fog,315
8927,40.6729333734986 -73.8699977225716,840,Tuesday,8115,Shop & Service,-999,-999.0,Fog,315
8927,40.6728887410976 -73.8708878060352,840,Tuesday,8746,Shop & Service,-999,-999.0,Clouds,315
8927,40.6737375129412 -73.8708648361901,840,Tuesday,15285,Shop & Service,-999,-999.0,Clouds,315
8927,40.672990507276 -73.8699460401819,60,Wednesday,22972,Travel & Transport,-999,-999.0,Clouds,315
8927,40.6740837757941 -73.87095097309529,60,Wednesday,14482,Shop & Service,-999,-999.0,Clouds,315
8927,40.671983370880206 -73.8746261124865,60,Wednesday,23486,Shop & Service,-999,-999.0,Clouds,315
8927,40.67275736371951 -73.87127829299021,420,Wednesday,18147,Shop & Service,-999,-999.0,Clouds,315
8927,40.6717202242509 -73.8713759146076,420,Wednesday,30364,Food,1,-999.0,Clouds,315
8927,40.673052123084 -73.87015276965879,420,Wednesday,33839,Food,1,8.5,Clouds,315
8927,40.6729816058583 -73.8708418663423,420,Wednesday,38095,Food,1,-999.0,Clouds,315
8927,40.6728771825926 -73.8714965059502,420,Wednesday,5146,Shop & Service,-999,-999.0,Clouds,315
8927,40.671983370880206 -73.8746261124865,420,Wednesday,23486,Shop & Service,-999,-999.0,Clouds,315
8927,40.6717202242509 -73.8713759146076,780,Thursday,30364,Food,1,-999.0,Clouds,315
8927,40.67275736371951 -73.87127829299021,780,Thursday,18147,Shop & Service,-999,-999.0,Clouds,315
8927,40.6729816058583 -73.8708418663423,780,Thursday,38095,Food,1,-999.0,Clouds,315
8927,40.673052123084 -73.87015276965879,780,Thursday,33839,Food,1,8.5,Clouds,315
8927,40.6728771825926 -73.8714965059502,780,Thursday,5146,Shop & Service,-999,-999.0,Clouds,315
8927,40.6670637024394 -73.8706351375913,1020,Thursday,27010,Outdoors & Recreation,-999,-999.0,Fog,315
8927,40.6668350026709 -73.86820605845641,1020,Thursday,32668,Professional & Other Places,-999,-999.0,Fog,315
8927,40.671983370880206 -73.8746261124865,1020,Thursday,23486,Shop & Service,-999,-999.0,Fog,315
8927,40.671983370880206 -73.8746261124865,1140,Thursday,23486,Shop & Service,-999,-999.0,Clouds,315
8927,40.673996290877206 -73.8721970827602,1140,Thursday,13269,Professional & Other Places,-999,-999.0,Clouds,315
8927,40.6717202242509 -73.8713759146076,420,Friday,30364,Food,1,-999.0,Clouds,315
8927,40.67275736371951 -73.87127829299021,420,Friday,18147,Shop & Service,-999,-999.0,Clouds,315
8927,40.67302226535861 -73.87099117030479,420,Friday,31474,Food,1,-999.0,Clouds,315
8927,40.673052123084 -73.87015276965879,420,Friday,33839,Food,1,8.5,Clouds,315
8927,40.6728771825926 -73.8714965059502,420,Friday,5146,Shop & Service,-999,-999.0,Clouds,315
8927,40.6729333734986 -73.8699977225716,1200,Friday,8115,Shop & Service,-999,-999.0,Fog,315
8927,40.67418398315221 -73.8708074115656,1200,Friday,37913,Professional & Other Places,-999,-999.0,Clear,315
8927,40.6729333734986 -73.8699977225716,1200,Friday,8115,Shop & Service,-999,-999.0,Clear,315
8927,40.6749343017967 -73.87130987646,1380,Friday,36555,Residence,-999,-999.0,Clear,315
8927,40.6717202242509 -73.8713759146076,660,Saturday,30364,Food,1,-999.0,Clouds,315
8927,40.6729816058583 -73.8708418663423,660,Saturday,38095,Food,1,-999.0,Clouds,315
8927,40.67302226535861 -73.87099117030479,780,Saturday,31474,Food,1,-999.0,Clouds,315
8927,40.6717202242509 -73.8713759146076,720,Sunday,30364,Food,1,-999.0,Clouds,315
8927,40.67418398315221 -73.8708074115656,900,Sunday,37913,Professional & Other Places,-999,-999.0,Clear,315
8927,40.67275736371951 -73.87127829299021,900,Sunday,18147,Shop & Service,-999,-999.0,Clear,315
8927,40.6729816058583 -73.8708418663423,900,Sunday,38095,Food,1,-999.0,Clear,315
8927,40.673052123084 -73.87015276965879,900,Sunday,33839,Food,1,8.5,Clear,315
8927,40.67302226535861 -73.87099117030479,900,Sunday,31474,Food,1,-999.0,Clear,315
8927,40.6728771825926 -73.8714965059502,900,Sunday,5146,Shop & Service,-999,-999.0,Clear,315
8927,40.8327098648542 -73.92015695571901,960,Sunday,29936,Arts & Entertainment,-999,-999.0,Clear,315
8927,40.6729333734986 -73.8699977225716,960,Sunday,8115,Shop & Service,-999,-999.0,Clear,315
8927,40.6729333734986 -73.8699977225716,1140,Sunday,8115,Shop & Service,-999,-999.0,Clear,315
8928,40.67275736371951 -73.87127829299021,300,Monday,18147,Shop & Service,-999,-999.0,Clouds,315
8928,40.67275736371951 -73.87127829299021,420,Monday,18147,Shop & Service,-999,-999.0,Clouds,315
8928,40.6711958440305 -73.8715252181637,480,Monday,30364,Food,1,-999.0,Clouds,315
8928,40.67275736371951 -73.87127829299021,780,Monday,18147,Shop & Service,-999,-999.0,Clouds,315
8928,40.6737163821384 -73.8707786992471,900,Monday,31474,Food,1,-999.0,Clouds,315
8928,40.673052123084 -73.87015276965879,900,Monday,33839,Food,1,8.5,Clouds,315
8928,40.6740142807085 -73.8708820635741,960,Monday,23689,Shop & Service,-999,-999.0,Clouds,315
8928,40.6729333734986 -73.8699977225716,960,Monday,8115,Shop & Service,-999,-999.0,Clouds,315
8928,40.6728458105894 -73.87067533486551,1020,Monday,1831,Food,1,-999.0,Clouds,315
8928,40.674148921541 -73.8708533512665,1020,Monday,32531,Shop & Service,-999,-999.0,Clouds,315
8928,40.6740837757941 -73.87095097309529,1020,Monday,14482,Shop & Service,-999,-999.0,Clouds,315
8928,40.6737163821384 -73.8707786992471,780,Tuesday,31474,Food,1,-999.0,Clouds,315
8928,40.6730489159415 -73.8713127476843,780,Tuesday,38095,Food,1,-999.0,Clouds,315
8928,40.673052123084 -73.87015276965879,780,Tuesday,33839,Food,1,8.5,Clouds,315
8928,40.67275736371951 -73.87127829299021,780,Tuesday,18147,Shop & Service,-999,-999.0,Clouds,315
8928,40.67418398315221 -73.8708074115656,780,Tuesday,37913,Professional & Other Places,-999,-999.0,Clouds,315
8928,40.6728940457895 -73.8730412170685,780,Tuesday,449,Shop & Service,-999,6.4,Clouds,315
8928,40.6672067777143 -73.8689927847772,900,Tuesday,32668,Professional & Other Places,-999,-999.0,Clouds,315
8928,40.672940676249794 -73.8716411590576,1140,Tuesday,31131,Residence,-999,-999.0,Clouds,315
8928,40.6729333734986 -73.8699977225716,1140,Tuesday,8115,Shop & Service,-999,-999.0,Clouds,315
8928,40.6728940457895 -73.8730412170685,120,Wednesday,449,Shop & Service,-999,6.4,Rain,315
8928,40.672335104712 -73.8745916583745,120,Wednesday,23486,Shop & Service,-999,-999.0,Rain,315
8928,40.6728771825926 -73.8714965059502,120,Wednesday,5146,Shop & Service,-999,-999.0,Rain,315
8928,40.67275736371951 -73.87127829299021,660,Wednesday,18147,Shop & Service,-999,-999.0,Clouds,315
8928,40.6711958440305 -73.8715252181637,660,Wednesday,30364,Food,1,-999.0,Clouds,315
8928,40.673052123084 -73.87015276965879,660,Wednesday,33839,Food,1,8.5,Clouds,315
8928,40.675020372611606 -73.8717893703308,1140,Wednesday,4261,Travel & Transport,-999,-999.0,Clouds,315
8928,40.6742750186589 -73.8807531057754,960,Thursday,16478,Food,1,-999.0,Clouds,315
8928,40.6728940457895 -73.8730412170685,960,Thursday,449,Shop & Service,-999,6.4,Clouds,315
8928,40.673996290877206 -73.8721970827602,960,Thursday,13269,Professional & Other Places,-999,-999.0,Clouds,315
8928,40.6729526302904 -73.8708533512665,360,Friday,30364,Food,1,-999.0,Clear,315
8928,40.67275736371951 -73.87127829299021,360,Friday,18147,Shop & Service,-999,-999.0,Clear,315
8928,40.6729559137599 -73.8708418663423,360,Friday,31474,Food,1,-999.0,Clear,315
8928,40.6729559137599 -73.8708418663423,780,Friday,31474,Food,1,-999.0,Clouds,315
8928,40.6729684719258 -73.8708418663423,960,Friday,33839,Food,1,8.5,Clear,315
8928,40.6729559137599 -73.8708418663423,960,Friday,31474,Food,1,-999.0,Clear,315
8928,40.6730489159415 -73.8713127476843,960,Friday,38095,Food,1,-999.0,Clear,315
8928,40.674148921541 -73.8708533512665,1020,Friday,32531,Shop & Service,-999,-999.0,Clear,315
8928,40.6728940457895 -73.8730412170685,1020,Friday,449,Shop & Service,-999,6.4,Clear,315
8928,40.675223354958 -73.87300102027909,1020,Friday,23655,Food,1,-999.0,Clear,315
8928,40.675536508907705 -73.8717549157205,1140,Friday,34228,Travel & Transport,-999,-999.0,Clear,315
8928,40.675536508907705 -73.8717549157205,1260,Friday,34228,Travel & Transport,-999,-999.0,Clear,315
8928,40.675536508907705 -73.8717549157205,60,Saturday,34228,Travel & Transport,-999,-999.0,Clear,315
8928,40.673996290877206 -73.8721970827602,60,Saturday,13269,Professional & Other Places,-999,-999.0,Clear,315
8928,40.675223354958 -73.87300102027909,60,Saturday,23655,Food,1,-999.0,Clear,315
8928,40.67275736371951 -73.87127829299021,360,Saturday,18147,Shop & Service,-999,-999.0,Clear,315
8928,40.6729559137599 -73.8708418663423,360,Saturday,31474,Food,1,-999.0,Clear,315
8928,40.6729526302904 -73.8708533512665,360,Saturday,30364,Food,1,-999.0,Clear,315
8928,40.6730489159415 -73.8713127476843,360,Saturday,38095,Food,1,-999.0,Clear,315
8928,40.6729684719258 -73.8708418663423,360,Saturday,33839,Food,1,8.5,Clear,315
8928,40.6728516527268 -73.87068107733259,1380,Saturday,22972,Travel & Transport,-999,-999.0,Clear,315
8928,40.6729333734986 -73.8699977225716,1380,Saturday,8115,Shop & Service,-999,-999.0,Clear,315
8928,40.6728887410976 -73.8708878060352,1380,Saturday,8746,Shop & Service,-999,-999.0,Clear,315
8928,40.6729526302904 -73.8708533512665,660,Sunday,30364,Food,1,-999.0,Clear,315
8928,40.67275736371951 -73.87127829299021,660,Sunday,18147,Shop & Service,-999,-999.0,Clear,315
8928,40.6729559137599 -73.8708418663423,660,Sunday,31474,Food,1,-999.0,Clear,315
8928,40.6729684719258 -73.8708418663423,660,Sunday,33839,Food,1,8.5,Clear,315
8928,40.6729333734986 -73.8699977225716,660,Sunday,8115,Shop & Service,-999,-999.0,Clear,315
8928,40.67418398315221 -73.8708074115656,660,Sunday,37913,Professional & Other Places,-999,-999.0,Clear,315
8928,40.673996290877206 -73.8721970827602,840,Sunday,13269,Professional & Other Places,-999,-999.0,Clear,315
8928,40.6740142807085 -73.8709624580131,1140,Sunday,12373,Outdoors & Recreation,-999,-999.0,Clear,315
8928,40.67418398315221 -73.8708074115656,1140,Sunday,37913,Professional & Other Places,-999,-999.0,Clear,315
8928,40.67418398315221 -73.8708074115656,1260,Sunday,37913,Professional & Other Places,-999,-999.0,Clear,315
8928,40.6740142807085 -73.8708820635741,1260,Sunday,23689,Shop & Service,-999,-999.0,Clear,315
8928,40.6728940457895 -73.8730412170685,1260,Sunday,449,Shop & Service,-999,6.4,Clear,315
8928,40.6728267553209 -73.8726282119751,1260,Sunday,6921,Professional & Other Places,-999,-999.0,Clear,315
8928,40.673996290877206 -73.8721970827602,1260,Sunday,13269,Professional & Other Places,-999,-999.0,Clear,315
8928,40.675223354958 -73.87300102027909,1260,Sunday,23655,Food,1,-999.0,Clear,315
8928,40.6740837757941 -73.87095097309529,1260,Sunday,14482,Shop & Service,-999,-999.0,Clear,315
8928,40.674148921541 -73.8708533512665,1380,Sunday,32531,Shop & Service,-999,-999.0,Clouds,315
8928,40.6743728084649 -73.8709115982056,1380,Sunday,25762,Food,2,-999.0,Clouds,315
8929,40.672874445225794 -73.8708188964918,60,Monday,5146,Shop & Service,-999,-999.0,Clouds,315
8929,40.6740837757941 -73.87095097309529,60,Monday,14482,Shop & Service,-999,-999.0,Clouds,315
8929,40.6749343017967 -73.87130987646,60,Monday,36555,Residence,-999,-999.0,Clouds,315
8929,40.6737375129412 -73.8708648361901,60,Monday,15285,Shop & Service,-999,-999.0,Clouds,315
8929,40.6729526302904 -73.8708533512665,480,Monday,30364,Food,1,-999.0,Clouds,315
8929,40.6729559137599 -73.8708418663423,780,Monday,31474,Food,1,-999.0,Clouds,315
8929,40.6729559137599 -73.87083612387991,1020,Monday,38095,Food,1,-999.0,Clouds,315
8929,40.6729559137599 -73.8708418663423,1020,Monday,31474,Food,1,-999.0,Clouds,315
8929,40.6729333734986 -73.8699977225716,1020,Monday,8115,Shop & Service,-999,-999.0,Clouds,315
8929,40.6728887410976 -73.8708878060352,1020,Monday,8746,Shop & Service,-999,-999.0,Clouds,315
8929,40.6728887410976 -73.8708878060352,1320,Monday,8746,Shop & Service,-999,-999.0,Clouds,315
8929,40.6729684719258 -73.8708418663423,1320,Monday,33839,Food,1,8.5,Clouds,315
8929,40.6740142807085 -73.8708820635741,1320,Monday,23689,Shop & Service,-999,-999.0,Clouds,315
8929,40.67418398315221 -73.8708074115656,1320,Monday,37913,Professional & Other Places,-999,-999.0,Clouds,315
8929,40.6728516527268 -73.87068107733259,1320,Monday,22972,Travel & Transport,-999,-999.0,Clouds,315
8929,40.672874445225794 -73.8708188964918,0,Tuesday,5146,Shop & Service,-999,-999.0,Rain,315
8929,40.6728267553209 -73.8726282119751,0,Tuesday,6921,Professional & Other Places,-999,-999.0,Rain,315
8929,40.675223961251504 -73.87262776398359,0,Tuesday,29768,Food,1,-999.0,Rain,315
8929,40.6743728084649 -73.8709115982056,0,Tuesday,25762,Food,2,-999.0,Rain,315
8929,40.672940676249794 -73.8716411590576,0,Tuesday,31131,Residence,-999,-999.0,Rain,315
8929,40.6737375129412 -73.8708648361901,60,Tuesday,15285,Shop & Service,-999,-999.0,Rain,315
8929,40.6729559137599 -73.8708418663423,360,Tuesday,31474,Food,1,-999.0,Clouds,315
8929,40.6729526302904 -73.8708533512665,360,Tuesday,30364,Food,1,-999.0,Clouds,315
8929,40.67275736371951 -73.87127829299021,360,Tuesday,18147,Shop & Service,-999,-999.0,Clouds,315
8929,40.6728267553209 -73.8726282119751,840,Tuesday,6921,Professional & Other Places,-999,-999.0,Rain,315
8929,40.67275736371951 -73.87127829299021,840,Tuesday,18147,Shop & Service,-999,-999.0,Rain,315
8929,40.6729684719258 -73.8708418663423,840,Tuesday,33839,Food,1,8.5,Rain,315
8929,40.6729684719258 -73.8708418663423,1080,Tuesday,33839,Food,1,8.5,Clouds,315
8929,40.67418398315221 -73.8708074115656,1080,Tuesday,37913,Professional & Other Places,-999,-999.0,Clouds,315
8929,40.672874445225794 -73.8708188964918,1080,Tuesday,5146,Shop & Service,-999,-999.0,Clouds,315
8929,40.6676832025921 -73.88226329118109,1080,Tuesday,10830,Nightlife Spot,3,-999.0,Clouds,315
8929,40.676513301561606 -73.8581908144639,1080,Tuesday,23889,Nightlife Spot,1,-999.0,Clouds,315
8929,40.678276069327296 -73.8700666324033,1080,Tuesday,28600,Nightlife Spot,1,6.6,Clouds,315
8929,40.6729559137599 -73.8708418663423,420,Wednesday,31474,Food,1,-999.0,Rain,315
8929,40.67275736371951 -73.87127829299021,420,Wednesday,18147,Shop & Service,-999,-999.0,Rain,315
8929,40.6729526302904 -73.8708533512665,420,Wednesday,30364,Food,1,-999.0,Rain,315
8929,40.6729559137599 -73.87083612387991,420,Wednesday,38095,Food,1,-999.0,Rain,315
8929,40.6729684719258 -73.8708418663423,420,Wednesday,33839,Food,1,8.5,Rain,315
8929,40.67418398315221 -73.8708074115656,420,Wednesday,37913,Professional & Other Places,-999,-999.0,Rain,315
8929,40.678490017231205 -73.86975288391109,420,Wednesday,7213,Shop & Service,-999,-999.0,Rain,315
8929,40.67545412 -73.8700425624847,420,Wednesday,12383,Shop & Service,-999,-999.0,Rain,315
8929,40.6728940457895 -73.8730412170685,420,Wednesday,449,Shop & Service,-999,6.4,Clouds,315
8929,40.6686060535742 -73.86195807621591,900,Wednesday,33512,Arts & Entertainment,-999,6.3,Clear,315
8929,40.679517007668096 -73.88040857515409,900,Wednesday,33114,Food,1,6.9,Clear,315
8929,40.679383 -73.877585,900,Wednesday,24003,Nightlife Spot,3,-999.0,Clear,315
8929,40.66665135 -73.86812085,900,Wednesday,2282,Residence,-999,-999.0,Clear,315
8929,40.684672206942295 -73.86120003544471,900,Wednesday,37606,Nightlife Spot,3,-999.0,Clear,315
8929,40.676513301561606 -73.8581908144639,900,Wednesday,23889,Nightlife Spot,1,-999.0,Clear,315
8929,40.674267922816206 -73.86984267536191,900,Wednesday,29583,Outdoors & Recreation,-999,-999.0,Clear,315
8929,40.6699638366699 -73.8580093383789,1080,Wednesday,22303,Food,1,-999.0,Clear,315
8929,40.675682207713 -73.8668163590047,60,Thursday,24601,Food,1,5.0,Clouds,315
8929,40.673062157042 -73.87441938772359,60,Thursday,33402,Food,2,-999.0,Clouds,315
8929,40.676513301561606 -73.8581908144639,60,Thursday,23889,Nightlife Spot,1,-999.0,Clouds,315
8929,40.6676832025921 -73.88226329118109,60,Thursday,10830,Nightlife Spot,3,-999.0,Clouds,315
8929,40.666672529945394 -73.86817160321701,60,Thursday,31204,Nightlife Spot,3,-999.0,Clouds,315
8929,40.6729526302904 -73.8708533512665,300,Thursday,30364,Food,1,-999.0,Clear,315
8929,40.6729684719258 -73.8708418663423,300,Thursday,33839,Food,1,8.5,Clear,315
8929,40.6729559137599 -73.8708418663423,300,Thursday,31474,Food,1,-999.0,Clear,315
8929,40.6729559137599 -73.87083612387991,300,Thursday,38095,Food,1,-999.0,Clear,315
8929,40.67275736371951 -73.87127829299021,300,Thursday,18147,Shop & Service,-999,-999.0,Clear,315
8929,40.6728267553209 -73.8726282119751,300,Thursday,6921,Professional & Other Places,-999,-999.0,Clear,315
8929,40.6740837757941 -73.87095097309529,300,Thursday,14482,Shop & Service,-999,-999.0,Clear,315
8929,40.6728887410976 -73.8708878060352,300,Thursday,8746,Shop & Service,-999,-999.0,Clear,315
8929,40.6728940457895 -73.8730412170685,1200,Friday,449,Shop & Service,-999,6.4,Clear,315
8929,40.673996290877206 -73.8721970827602,1200,Friday,13269,Professional & Other Places,-999,-999.0,Clear,315
8929,40.676513301561606 -73.8581908144639,1200,Friday,23889,Nightlife Spot,1,-999.0,Clear,315
8929,40.676804 -73.873009,1200,Friday,20360,Nightlife Spot,3,-999.0,Clear,315
8929,40.6753628006973 -73.8706638499309,1200,Friday,28918,Nightlife Spot,3,-999.0,Clear,315
8929,40.6708560890661 -73.8755965674883,1200,Friday,13414,Residence,-999,-999.0,Clear,315
8929,40.6729559137599 -73.8708418663423,540,Saturday,31474,Food,1,-999.0,Clear,315
8929,40.6729684719258 -73.8708418663423,540,Saturday,33839,Food,1,8.5,Clear,315
8929,40.6729559137599 -73.87083612387991,540,Saturday,38095,Food,1,-999.0,Clear,315
8929,40.672940676249794 -73.8716411590576,780,Saturday,31131,Residence,-999,-999.0,Clear,315
8931,40.6729526302904 -73.8708533512665,360,Monday,30364,Food,1,-999.0,Clear,315
8931,40.6729526302904 -73.8708533512665,720,Monday,30364,Food,1,-999.0,Clear,315
8931,40.6729684719258 -73.8708418663423,720,Monday,33839,Food,1,8.5,Clear,315
8931,40.6727858765908 -73.870790184175,720,Monday,18147,Shop & Service,-999,-999.0,Clear,315
8931,40.6729559137599 -73.87083612387991,720,Monday,38095,Food,1,-999.0,Clear,315
8931,40.6729559137599 -73.8708418663423,720,Monday,31474,Food,1,-999.0,Clear,315
8931,40.6728516527268 -73.87068107733259,720,Monday,22972,Travel & Transport,-999,-999.0,Clear,315
8931,40.672894583166 -73.8707672143185,720,Monday,8115,Shop & Service,-999,-999.0,Clear,315
8931,40.7564573646771 -73.84606361389159,900,Monday,32360,Arts & Entertainment,-999,9.3,Clear,315
8931,40.6727858765908 -73.870790184175,360,Tuesday,18147,Shop & Service,-999,-999.0,Clear,315
8931,40.6729526302904 -73.8708533512665,360,Tuesday,30364,Food,1,-999.0,Clear,315
8931,40.6729559137599 -73.87083612387991,360,Tuesday,38095,Food,1,-999.0,Clear,315
8931,40.6729684719258 -73.8708418663423,360,Tuesday,33839,Food,1,8.5,Clear,315
8931,40.6729559137599 -73.8708418663423,360,Tuesday,31474,Food,1,-999.0,Clear,315
8931,40.672894583166 -73.8707672143185,360,Tuesday,8115,Shop & Service,-999,-999.0,Clear,315
8931,40.7464825118961 -74.0013013289625,540,Tuesday,20712,Food,1,7.5,Clear,315
8931,40.74185966827029 -74.0042924880981,540,Tuesday,32904,Professional & Other Places,-999,-999.0,Clear,315
8931,40.7419565092575 -74.0048362729697,900,Tuesday,19056,Shop & Service,-999,9.5,Clear,315
8931,40.7421210636326 -74.0050600740452,900,Tuesday,18727,Professional & Other Places,-999,7.4,Clear,315
8931,40.7418428144898 -74.0048821809039,900,Tuesday,22120,Food,2,-999.0,Clear,315
8931,40.7416954411829 -74.00501416615359,900,Tuesday,9720,Shop & Service,-999,8.7,Clear,315
8931,40.74195129928071 -74.00576590649179,900,Tuesday,32919,Professional & Other Places,-999,-999.0,Clear,315
8931,40.74185966827029 -74.0042924880981,900,Tuesday,32904,Professional & Other Places,-999,-999.0,Clear,315
8931,40.672894583166 -73.8707672143185,1260,Tuesday,8115,Shop & Service,-999,-999.0,Rain,315
8931,40.6728887410976 -73.8708878060352,1260,Tuesday,8746,Shop & Service,-999,-999.0,Rain,315
8931,40.6740142807085 -73.8708820635741,1260,Tuesday,23689,Shop & Service,-999,-999.0,Rain,315
8931,40.6729826185949 -73.8728632026527,1260,Tuesday,449,Shop & Service,-999,6.4,Rain,315
8931,40.675020372611606 -73.8717893703308,1260,Tuesday,4261,Travel & Transport,-999,-999.0,Rain,315
8931,40.7418428144898 -74.0048821809039,840,Thursday,22120,Food,2,-999.0,Clear,315
8931,40.7416954411829 -74.00501416615359,840,Thursday,9720,Shop & Service,-999,8.7,Clear,315
8931,40.7410741466322 -74.00514081631609,840,Thursday,2455,Shop & Service,-999,8.8,Clear,315
8931,40.741347 -74.00501469,840,Thursday,16070,Food,2,-999.0,Clear,315
8931,40.7419613348665 -74.0051059819258,840,Thursday,19056,Shop & Service,-999,9.5,Clear,315
8931,40.7421210636326 -74.0050600740452,840,Thursday,18727,Professional & Other Places,-999,7.4,Clear,315
8931,40.7376071404615 -73.99676778253321,900,Thursday,23848,Food,1,6.3,Clear,315
8931,40.6729526302904 -73.8708533512665,540,Friday,30364,Food,1,-999.0,Clear,315
8931,40.6729559137599 -73.8708418663423,540,Friday,31474,Food,1,-999.0,Clear,315
8931,40.6729559137599 -73.8708418663423,600,Friday,31474,Food,1,-999.0,Clear,315
8931,40.6729559137599 -73.8708418663423,780,Friday,31474,Food,1,-999.0,Clouds,315
8931,40.6729526302904 -73.8708533512665,1020,Saturday,30364,Food,1,-999.0,Clouds,315
8931,40.6729559137599 -73.8708418663423,1020,Saturday,31474,Food,1,-999.0,Clouds,315
8931,40.6727858765908 -73.870790184175,1020,Saturday,18147,Shop & Service,-999,-999.0,Clouds,315
8931,40.6729559137599 -73.87083612387991,1140,Saturday,38095,Food,1,-999.0,Clear,315
8931,40.6729684719258 -73.8708418663423,1260,Saturday,33839,Food,1,8.5,Clear,315
8931,40.6743728084649 -73.8709115982056,1260,Saturday,25762,Food,2,-999.0,Clear,315
8931,40.6729559137599 -73.87083612387991,1260,Saturday,38095,Food,1,-999.0,Clear,315
8931,40.6749343017967 -73.87130987646,1320,Saturday,36555,Residence,-999,-999.0,Clear,315
8931,40.6729559137599 -73.87083612387991,0,Sunday,38095,Food,1,-999.0,Clear,315
8931,40.6729559137599 -73.8708418663423,480,Sunday,31474,Food,1,-999.0,Clear,315
8931,40.6729526302904 -73.8708533512665,480,Sunday,30364,Food,1,-999.0,Clear,315
8931,40.6729559137599 -73.87083612387991,480,Sunday,38095,Food,1,-999.0,Clear,315
8931,40.6727858765908 -73.870790184175,480,Sunday,18147,Shop & Service,-999,-999.0,Clear,315
8931,40.6729684719258 -73.8708418663423,480,Sunday,33839,Food,1,8.5,Clear,315
8931,40.672894583166 -73.8707672143185,480,Sunday,8115,Shop & Service,-999,-999.0,Clear,315
8931,40.672874445225794 -73.8708188964918,480,Sunday,5146,Shop & Service,-999,-999.0,Clear,315
8931,40.6729826185949 -73.8728632026527,540,Sunday,449,Shop & Service,-999,6.4,Clear,315
8931,40.673996290877206 -73.8721970827602,540,Sunday,13269,Professional & Other Places,-999,-999.0,Clear,315
8932,40.6729559137599 -73.87083612387991,360,Monday,38095,Food,1,-999.0,Clouds,315
8932,40.6729526302904 -73.8708533512665,1140,Monday,30364,Food,1,-999.0,Clouds,315
8932,40.6729526302904 -73.8708533512665,1260,Monday,30364,Food,1,-999.0,Clouds,315
8932,40.6729559137599 -73.8708418663423,1260,Monday,31474,Food,1,-999.0,Clouds,315
8932,40.6727858765908 -73.870790184175,1260,Monday,18147,Shop & Service,-999,-999.0,Clouds,315
8932,40.6729559137599 -73.87083612387991,1260,Monday,38095,Food,1,-999.0,Clouds,315
8932,40.6729684719258 -73.8708418663423,1260,Monday,33839,Food,1,8.5,Clouds,315
8932,40.6729526302904 -73.8708533512665,360,Tuesday,30364,Food,1,-999.0,Clouds,315
8932,40.6729559137599 -73.8708418663423,360,Tuesday,31474,Food,1,-999.0,Clouds,315
8932,40.6727858765908 -73.870790184175,360,Tuesday,18147,Shop & Service,-999,-999.0,Clouds,315
8932,40.6729526302904 -73.8708533512665,360,Wednesday,30364,Food,1,-999.0,Clouds,315
8932,40.6727858765908 -73.870790184175,360,Wednesday,18147,Shop & Service,-999,-999.0,Clouds,315
8932,40.6729684719258 -73.8708418663423,360,Wednesday,33839,Food,1,8.5,Clouds,315
8932,40.6729559137599 -73.8708418663423,360,Wednesday,31474,Food,1,-999.0,Clouds,315
8932,40.6729535470957 -73.870893548496,360,Wednesday,23655,Food,1,-999.0,Clouds,315
8932,40.675024039181 -73.87153096060591,360,Wednesday,17401,Food,1,-999.0,Clouds,315
8932,40.6743728084649 -73.8709115982056,360,Wednesday,25762,Food,2,-999.0,Clouds,315
8932,40.675223961251504 -73.87262776398359,360,Wednesday,29768,Food,1,-999.0,Clouds,315
8932,40.7422808184435 -74.0051863206903,840,Wednesday,19056,Shop & Service,-999,9.5,Clouds,315
8932,40.7418428144898 -74.0048821809039,840,Wednesday,22120,Food,2,-999.0,Clouds,315
8932,40.7419653423971 -74.0048289299011,900,Wednesday,10163,Food,2,8.3,Clouds,315
8932,40.7416954411829 -74.00501416615359,900,Wednesday,9720,Shop & Service,-999,8.7,Clouds,315
8932,40.74195129928071 -74.00576590649179,900,Wednesday,32919,Professional & Other Places,-999,-999.0,Clouds,315
8932,40.7410741466322 -74.00514081631609,900,Wednesday,2455,Shop & Service,-999,8.8,Clouds,315
8932,40.73719 -73.996953,900,Wednesday,10641,Food,1,7.9,Clouds,315
8932,40.7371068774735 -73.99720966456209,900,Wednesday,19552,Food,1,6.7,Clouds,315
8932,40.685755630890895 -73.9167933955892,960,Wednesday,28254,Professional & Other Places,-999,-999.0,Clouds,315
8932,40.6740370727108 -73.87092800325759,1020,Wednesday,15285,Shop & Service,-999,-999.0,Clouds,315
8932,40.6741432715078 -73.8709624580131,1380,Wednesday,29583,Outdoors & Recreation,-999,-999.0,Clouds,315
8932,40.674148921541 -73.8708533512665,1380,Wednesday,32531,Shop & Service,-999,-999.0,Clouds,315
8932,40.6740142807085 -73.8708820635741,1380,Wednesday,23689,Shop & Service,-999,-999.0,Clouds,315
8932,40.672894583166 -73.8707672143185,1380,Wednesday,8115,Shop & Service,-999,-999.0,Clouds,315
8932,40.6729526302904 -73.8708533512665,360,Thursday,30364,Food,1,-999.0,Clear,315
8932,40.6729684719258 -73.8708418663423,360,Thursday,33839,Food,1,8.5,Clear,315
8932,40.6729559137599 -73.8708418663423,420,Thursday,31474,Food,1,-999.0,Clear,315
8932,40.7418428144898 -74.0048821809039,840,Thursday,22120,Food,2,-999.0,Clouds,315
8932,40.7422808184435 -74.0051863206903,840,Thursday,19056,Shop & Service,-999,9.5,Clouds,315
8932,40.7421210636326 -74.0050600740452,840,Thursday,18727,Professional & Other Places,-999,7.4,Clouds,315
8932,40.7424825172333 -74.0063225367474,840,Thursday,25202,Shop & Service,-999,9.4,Clouds,315
8932,40.7330800006297 -74.1708254814148,1020,Thursday,19788,Arts & Entertainment,-999,8.7,Clouds,315
8932,40.7347709896724 -74.16970968246459,1020,Thursday,27850,Food,2,8.1,Clouds,315
8932,40.7343807652464 -74.1706538200378,1020,Thursday,37311,Food,2,6.0,Clouds,315
8932,40.7343217452485 -74.1702621349741,1020,Thursday,35399,Nightlife Spot,2,7.1,Clouds,315
8932,40.6727858765908 -73.870790184175,1200,Thursday,18147,Shop & Service,-999,-999.0,Clear,315
8932,40.675020372611606 -73.8717893703308,780,Friday,4261,Travel & Transport,-999,-999.0,Clouds,315
8932,40.6729535470957 -73.870893548496,1260,Friday,23655,Food,1,-999.0,Clouds,315
8932,40.6729526302904 -73.8708533512665,480,Saturday,30364,Food,1,-999.0,Clouds,315
8932,40.6729559137599 -73.87083612387991,480,Saturday,38095,Food,1,-999.0,Clouds,315
8932,40.6729684719258 -73.8708418663423,480,Saturday,33839,Food,1,8.5,Clouds,315
8932,40.6727858765908 -73.870790184175,480,Saturday,18147,Shop & Service,-999,-999.0,Clouds,315
8932,40.6729559137599 -73.8708418663423,480,Saturday,31474,Food,1,-999.0,Clouds,315
8932,40.6729526302904 -73.8708533512665,600,Sunday,30364,Food,1,-999.0,Clear,315
8932,40.6729559137599 -73.87083612387991,600,Sunday,38095,Food,1,-999.0,Clear,315
8932,40.6729684719258 -73.8708418663423,600,Sunday,33839,Food,1,8.5,Clear,315
8932,40.6727858765908 -73.870790184175,600,Sunday,18147,Shop & Service,-999,-999.0,Clear,315
8932,40.6729684719258 -73.8708418663423,1020,Sunday,33839,Food,1,8.5,Clouds,315
8932,40.6729559137599 -73.8708418663423,1020,Sunday,31474,Food,1,-999.0,Clouds,315
8932,40.6729535470957 -73.870893548496,1020,Sunday,23655,Food,1,-999.0,Clouds,315
8932,40.673996290877206 -73.8721970827602,1320,Sunday,13269,Professional & Other Places,-999,-999.0,Clouds,315
8934,40.6729559137599 -73.8708418663423,300,Monday,31474,Food,1,-999.0,Clouds,315
8934,40.6729526302904 -73.8708533512665,300,Monday,30364,Food,1,-999.0,Clouds,315
8934,40.6727858765908 -73.870790184175,300,Monday,18147,Shop & Service,-999,-999.0,Clouds,315
8934,40.6729559137599 -73.87083612387991,300,Monday,38095,Food,1,-999.0,Clouds,315
8934,40.6623206846752 -73.8919557626784,780,Monday,31888,Shop & Service,-999,-999.0,Clouds,315
8934,40.6624664880363 -73.89056623168591,840,Monday,21964,Professional & Other Places,-999,-999.0,Clouds,315
8934,40.6729559137599 -73.8708418663423,360,Thursday,31474,Food,1,-999.0,Clear,315
8934,40.6727858765908 -73.870790184175,360,Thursday,18147,Shop & Service,-999,-999.0,Clear,315
8934,40.6729559137599 -73.8708418663423,480,Thursday,31474,Food,1,-999.0,Clear,315
8934,40.6727858765908 -73.870790184175,480,Thursday,18147,Shop & Service,-999,-999.0,Clear,315
8936,40.6729559137599 -73.8708418663423,360,Monday,31474,Food,1,-999.0,Clear,315
8936,40.6729526302904 -73.8708533512665,360,Monday,30364,Food,1,-999.0,Clear,315
8936,40.6727858765908 -73.870790184175,360,Monday,18147,Shop & Service,-999,-999.0,Clear,315
8936,40.672955092893 -73.8708418663423,360,Monday,7253,Food,2,-999.0,Clear,315
8936,40.6729684719258 -73.8708418663423,360,Monday,33839,Food,1,8.5,Clear,315
8936,40.6729559137599 -73.87083612387991,360,Monday,38095,Food,1,-999.0,Clear,315
8936,40.6729526302904 -73.8708533512665,300,Tuesday,30364,Food,1,-999.0,Clear,315
8936,40.6727858765908 -73.870790184175,300,Tuesday,18147,Shop & Service,-999,-999.0,Clear,315
8936,40.6729559137599 -73.8708418663423,300,Tuesday,31474,Food,1,-999.0,Clear,315
8936,40.6729684719258 -73.8708418663423,300,Tuesday,33839,Food,1,8.5,Clear,315
8936,40.6729559137599 -73.8708418663423,300,Wednesday,31474,Food,1,-999.0,Clouds,315
8936,40.6729526302904 -73.8708533512665,720,Wednesday,30364,Food,1,-999.0,Clear,315
8936,40.6729559137599 -73.8708418663423,720,Wednesday,31474,Food,1,-999.0,Clear,315
8936,40.6727858765908 -73.870790184175,720,Wednesday,18147,Shop & Service,-999,-999.0,Clear,315
8936,40.672955092893 -73.8708418663423,720,Wednesday,7253,Food,2,-999.0,Clear,315
8936,40.6729559137599 -73.87083612387991,720,Wednesday,38095,Food,1,-999.0,Clear,315
8936,40.6729684719258 -73.8708418663423,720,Wednesday,33839,Food,1,8.5,Clear,315
8936,40.7105682803383 -74.0110681742743,1140,Wednesday,15258,Shop & Service,-999,8.0,Clear,315
8936,40.7091983224544 -74.0111857652664,1140,Wednesday,10481,Outdoors & Recreation,-999,8.1,Clear,315
8936,40.737518755202295 -73.9974689483643,1320,Wednesday,33370,Shop & Service,-999,5.6,Clear,315
8936,40.6729684719258 -73.8708418663423,480,Thursday,33839,Food,1,8.5,Clear,315
8936,40.6729559137599 -73.8708418663423,660,Thursday,31474,Food,1,-999.0,Clouds,315
8936,40.6727858765908 -73.870790184175,660,Thursday,18147,Shop & Service,-999,-999.0,Clouds,315
8936,40.6729526302904 -73.8708533512665,900,Thursday,30364,Food,1,-999.0,Clear,315
8936,40.672955092893 -73.8708418663423,1260,Thursday,7253,Food,2,-999.0,Clear,315
8936,40.6729559137599 -73.87083612387991,1260,Thursday,38095,Food,1,-999.0,Clear,315
8936,40.6728458105894 -73.87067533486551,1260,Thursday,1831,Food,1,-999.0,Clear,315
8936,40.673996290877206 -73.8721970827602,1260,Thursday,25698,Shop & Service,-999,-999.0,Clear,315
8936,40.67288482867461 -73.870790184175,1260,Thursday,37913,Professional & Other Places,-999,-999.0,Clear,315
8936,40.6729702096424 -73.87097394293029,1260,Thursday,449,Shop & Service,-999,6.4,Clear,315
8936,40.6729559137599 -73.8708418663423,540,Friday,31474,Food,1,-999.0,Clear,315
8936,40.6729526302904 -73.8708533512665,540,Friday,30364,Food,1,-999.0,Clear,315
8936,40.6727858765908 -73.870790184175,540,Friday,18147,Shop & Service,-999,-999.0,Clear,315
8936,40.6729559137599 -73.87083612387991,540,Friday,38095,Food,1,-999.0,Clear,315
8936,40.6729702096424 -73.87097394293029,540,Friday,449,Shop & Service,-999,6.4,Clear,315
8936,40.6729535470957 -73.870893548496,540,Friday,23655,Food,1,-999.0,Clear,315
8936,40.6741432715078 -73.8709624580131,1080,Friday,29583,Outdoors & Recreation,-999,-999.0,Clear,315
8936,40.672894583166 -73.8707672143185,1080,Friday,8115,Shop & Service,-999,-999.0,Clear,315
8936,40.6728887410976 -73.8708878060352,1080,Friday,8746,Shop & Service,-999,-999.0,Clear,315
8936,40.674148921541 -73.8708533512665,1080,Friday,32531,Shop & Service,-999,-999.0,Clear,315
8936,40.6740142807085 -73.8708820635741,1080,Friday,23689,Shop & Service,-999,-999.0,Clear,315
8936,40.6728516527268 -73.87068107733259,1080,Friday,22972,Travel & Transport,-999,-999.0,Clear,315
8936,40.6739930343562 -73.87087057865159,1080,Friday,13117,Outdoors & Recreation,-999,-999.0,Clear,315
8936,40.6729559137599 -73.8708418663423,600,Saturday,31474,Food,1,-999.0,Clear,315
8936,40.6727858765908 -73.870790184175,600,Saturday,18147,Shop & Service,-999,-999.0,Clear,315
8936,40.672955092893 -73.8708418663423,960,Saturday,7253,Food,2,-999.0,Clear,315
8936,40.6729684719258 -73.8708418663423,960,Saturday,33839,Food,1,8.5,Clear,315
8936,40.67288482867461 -73.870790184175,960,Saturday,37913,Professional & Other Places,-999,-999.0,Clear,315
8936,40.672894583166 -73.8707672143185,960,Saturday,8115,Shop & Service,-999,-999.0,Clear,315
8936,40.6728887410976 -73.8708878060352,960,Saturday,8746,Shop & Service,-999,-999.0,Clear,315
8936,40.6740142807085 -73.8708820635741,1020,Saturday,23689,Shop & Service,-999,-999.0,Clear,315
8936,40.674148921541 -73.8708533512665,1020,Saturday,32531,Shop & Service,-999,-999.0,Clear,315
8936,40.673996290877206 -73.8721970827602,1080,Saturday,25698,Shop & Service,-999,-999.0,Clear,315
8936,40.6749343017967 -73.87130987646,1080,Saturday,36555,Residence,-999,-999.0,Clear,315
8936,40.675223961251504 -73.87262776398359,1260,Saturday,29768,Food,1,-999.0,Clear,315
8936,40.675024039181 -73.87153096060591,1260,Saturday,17401,Food,1,-999.0,Clear,315
8936,40.6729526302904 -73.8708533512665,660,Sunday,30364,Food,1,-999.0,Clouds,315
8936,40.6729559137599 -73.8708418663423,660,Sunday,31474,Food,1,-999.0,Clouds,315
8936,40.672955092893 -73.8708418663423,660,Sunday,7253,Food,2,-999.0,Clouds,315
8936,40.6729559137599 -73.87083612387991,660,Sunday,38095,Food,1,-999.0,Clouds,315
8936,40.672894583166 -73.8707672143185,660,Sunday,8115,Shop & Service,-999,-999.0,Clouds,315
8936,40.672894583166 -73.8707672143185,780,Sunday,8115,Shop & Service,-999,-999.0,Clear,315
8936,40.6740142807085 -73.8708820635741,780,Sunday,23689,Shop & Service,-999,-999.0,Clear,315
8936,40.674148921541 -73.8708533512665,780,Sunday,32531,Shop & Service,-999,-999.0,Clear,315
8936,40.6729702096424 -73.87097394293029,780,Sunday,449,Shop & Service,-999,6.4,Clear,315
8937,40.6729559137599 -73.8708418663423,300,Monday,31474,Food,1,-999.0,Clear,315
8937,40.6729559137599 -73.8708418663423,420,Monday,31474,Food,1,-999.0,Clouds,315
8937,40.7418428144898 -74.0048821809039,900,Monday,22120,Food,2,-999.0,Clouds,315
8937,40.7419308534837 -74.0049854737158,900,Monday,19056,Shop & Service,-999,9.5,Clouds,315
8937,40.7424825172333 -74.0063225367474,900,Monday,25202,Shop & Service,-999,9.4,Clouds,315
8937,40.672955092893 -73.8708418663423,1080,Monday,7253,Food,2,-999.0,Clouds,315
8937,40.6729526302904 -73.8708533512665,1080,Monday,30364,Food,1,-999.0,Clouds,315
8937,40.6729559137599 -73.8708418663423,1080,Monday,31474,Food,1,-999.0,Clouds,315
8937,40.6727858765908 -73.870790184175,1080,Monday,18147,Shop & Service,-999,-999.0,Clouds,315
8937,40.6729559137599 -73.87083612387991,1080,Monday,38095,Food,1,-999.0,Clouds,315
8937,40.6729684719258 -73.8708418663423,1080,Monday,33839,Food,1,8.5,Clouds,315
8937,40.67288482867461 -73.870790184175,1080,Monday,37913,Professional & Other Places,-999,-999.0,Clouds,315
8937,40.672874445225794 -73.8708188964918,1080,Monday,5146,Shop & Service,-999,-999.0,Clouds,315
8937,40.6743728084649 -73.8709115982056,1200,Monday,25762,Food,2,-999.0,Clouds,315
8937,40.6729559137599 -73.8708418663423,180,Wednesday,31474,Food,1,-999.0,Clouds,315
8937,40.6729559137599 -73.8708418663423,540,Wednesday,31474,Food,1,-999.0,Clouds,315
8937,40.6729684719258 -73.8708418663423,540,Wednesday,33839,Food,1,8.5,Clouds,315
8937,40.672955092893 -73.8708418663423,540,Wednesday,7253,Food,2,-999.0,Clouds,315
8937,40.67288482867461 -73.870790184175,780,Wednesday,37913,Professional & Other Places,-999,-999.0,Clear,315
8937,40.672894583166 -73.8707672143185,780,Wednesday,8115,Shop & Service,-999,-999.0,Clear,315
8937,40.672940676249794 -73.8716411590576,780,Wednesday,31131,Residence,-999,-999.0,Clear,315
8937,40.6739930343562 -73.87087057865159,780,Wednesday,13117,Outdoors & Recreation,-999,-999.0,Clear,315
8937,40.673996290877206 -73.8721970827602,780,Wednesday,25698,Shop & Service,-999,-999.0,Clear,315
8937,40.6743728084649 -73.8709115982056,1380,Wednesday,25762,Food,2,-999.0,Clear,315
8937,40.675223961251504 -73.87262776398359,1380,Wednesday,29768,Food,1,-999.0,Clear,315
8937,40.6749343017967 -73.87130987646,0,Thursday,36555,Residence,-999,-999.0,Clear,315
8937,40.6743728084649 -73.8709115982056,720,Thursday,25762,Food,2,-999.0,Clear,315
8937,40.6729559137599 -73.8708418663423,720,Thursday,31474,Food,1,-999.0,Clear,315
8937,40.6729684719258 -73.8708418663423,720,Thursday,33839,Food,1,8.5,Clear,315
8937,40.6727858765908 -73.870790184175,720,Thursday,18147,Shop & Service,-999,-999.0,Clear,315
8937,40.6741432715078 -73.8709624580131,780,Thursday,29583,Outdoors & Recreation,-999,-999.0,Clear,315
8937,40.6727858765908 -73.870790184175,780,Thursday,18147,Shop & Service,-999,-999.0,Clear,315
8937,40.6729559137599 -73.87083612387991,840,Thursday,38095,Food,1,-999.0,Clear,315
8937,40.6729535470957 -73.870893548496,840,Thursday,23655,Food,1,-999.0,Clear,315
8937,40.6729684719258 -73.8708418663423,960,Thursday,33839,Food,1,8.5,Clear,315
8937,40.672894583166 -73.8707672143185,960,Thursday,8115,Shop & Service,-999,-999.0,Clear,315
8937,40.6729559137599 -73.8708418663423,660,Friday,31474,Food,1,-999.0,Clear,315
8937,40.672955092893 -73.8708418663423,720,Friday,7253,Food,2,-999.0,Clear,315
8937,40.6729526302904 -73.8708533512665,720,Friday,30364,Food,1,-999.0,Clear,315
8937,40.6729559137599 -73.87083612387991,900,Friday,38095,Food,1,-999.0,Clear,315
8937,40.6729559137599 -73.87083612387991,900,Friday,38095,Food,1,-999.0,Clear,315
8937,40.67288482867461 -73.870790184175,1020,Friday,37913,Professional & Other Places,-999,-999.0,Clear,315
8937,40.672940676249794 -73.8716411590576,1140,Friday,31131,Residence,-999,-999.0,Clear,315
8937,40.68492365 -73.84148908,1200,Friday,3511,Outdoors & Recreation,-999,6.6,Clear,315
8937,40.6849699716703 -73.84007004449691,1200,Friday,33544,Food,2,-999.0,Clear,315
8937,40.68552780151371 -73.8299179077148,1260,Friday,21498,Shop & Service,-999,-999.0,Clouds,315
8937,40.687342409986 -73.81993984299379,1260,Friday,28546,Food,1,6.4,Clouds,315
8937,40.6866710630125 -73.82340341147079,1260,Friday,16877,Shop & Service,-999,5.7,Clouds,315
8937,40.6729559137599 -73.8708418663423,360,Sunday,31474,Food,1,-999.0,Clouds,315
8937,40.672955092893 -73.8708418663423,360,Sunday,7253,Food,2,-999.0,Clouds,315
8937,40.6729526302904 -73.8708533512665,360,Sunday,30364,Food,1,-999.0,Clouds,315
8937,40.6729684719258 -73.8708418663423,720,Sunday,33839,Food,1,8.5,Clouds,315
8937,40.6729559137599 -73.87083612387991,720,Sunday,38095,Food,1,-999.0,Clouds,315
8937,40.6727858765908 -73.870790184175,720,Sunday,18147,Shop & Service,-999,-999.0,Clouds,315
8937,40.6740142807085 -73.8708820635741,720,Sunday,23689,Shop & Service,-999,-999.0,Clouds,315
8937,40.672940676249794 -73.8716411590576,1200,Sunday,31131,Residence,-999,-999.0,Clouds,315
8937,40.67288482867461 -73.870790184175,1260,Sunday,37913,Professional & Other Places,-999,-999.0,Rain,315
8937,40.675223961251504 -73.87262776398359,1260,Sunday,29768,Food,1,-999.0,Rain,315
8937,40.6729535470957 -73.870893548496,1260,Sunday,23655,Food,1,-999.0,Rain,315
8940,40.6729526302904 -73.8708533512665,540,Monday,30364,Food,1,-999.0,Clouds,315
8940,40.6729684719258 -73.8708418663423,540,Monday,33839,Food,1,8.5,Clouds,315
8940,40.6729559137599 -73.87083612387991,540,Monday,38095,Food,1,-999.0,Clouds,315
8940,40.6729559137599 -73.8708418663423,540,Monday,31474,Food,1,-999.0,Clouds,315
8940,40.6729750389026 -73.8707786992471,540,Monday,18147,Shop & Service,-999,-999.0,Clouds,315
8940,40.6728516527268 -73.87068107733259,540,Monday,22972,Travel & Transport,-999,-999.0,Clouds,315
8940,40.6729702096424 -73.87097394293029,540,Monday,449,Shop & Service,-999,6.4,Clouds,315
8940,40.6729526302904 -73.8708533512665,900,Sunday,30364,Food,1,-999.0,Clouds,315
8940,40.6729559137599 -73.87083612387991,900,Sunday,38095,Food,1,-999.0,Clouds,315
8940,40.6729750389026 -73.8707786992471,900,Sunday,18147,Shop & Service,-999,-999.0,Clouds,315
8940,40.6728516527268 -73.87068107733259,900,Sunday,22972,Travel & Transport,-999,-999.0,Clouds,315
8941,40.672955092893 -73.8708418663423,240,Monday,7253,Food,2,-999.0,Clouds,315
8941,40.6729526302904 -73.8708533512665,540,Monday,30364,Food,1,-999.0,Clouds,315
8941,40.6729684719258 -73.8708418663423,540,Monday,33839,Food,1,8.5,Clouds,315
8941,40.672955092893 -73.8708418663423,1080,Thursday,7253,Food,2,-999.0,Clear,315
8941,40.6729526302904 -73.8708533512665,1080,Thursday,30364,Food,1,-999.0,Clear,315
8941,40.6729684719258 -73.8708418663423,1140,Thursday,33839,Food,1,8.5,Clear,315
8941,40.6729559137599 -73.8708418663423,1140,Thursday,31474,Food,1,-999.0,Clouds,315
8941,40.6729526302904 -73.8708533512665,720,Saturday,30364,Food,1,-999.0,Clouds,315
8941,40.672955092893 -73.8708418663423,720,Saturday,7253,Food,2,-999.0,Clouds,315
8941,40.6729684719258 -73.8708418663423,780,Saturday,33839,Food,1,8.5,Clouds,315
8941,40.6729559137599 -73.87083612387991,780,Saturday,38095,Food,1,-999.0,Clouds,315
8941,40.6729750389026 -73.8707786992471,780,Saturday,18147,Shop & Service,-999,-999.0,Clouds,315
8941,40.6729057874826 -73.8708131540288,780,Saturday,20239,Outdoors & Recreation,-999,-999.0,Clouds,315
8941,40.6729559137599 -73.8708418663423,600,Sunday,31474,Food,1,-999.0,Clear,315
8941,40.672955092893 -73.8708418663423,600,Sunday,7253,Food,2,-999.0,Clear,315
8941,40.6729750389026 -73.8707786992471,600,Sunday,18147,Shop & Service,-999,-999.0,Clear,315
8941,40.6729526302904 -73.8708533512665,600,Sunday,30364,Food,1,-999.0,Clear,315
8943,40.672955092893 -73.8708418663423,360,Wednesday,7253,Food,2,-999.0,Clouds,315
8943,40.6729559137599 -73.8708418663423,360,Wednesday,31474,Food,1,-999.0,Clouds,315
8943,40.6729526302904 -73.8708533512665,360,Wednesday,30364,Food,1,-999.0,Clouds,315
8943,40.6729750389026 -73.8707786992471,360,Wednesday,18147,Shop & Service,-999,-999.0,Clouds,315
8943,40.6729684719258 -73.8708418663423,660,Wednesday,33839,Food,1,8.5,Clouds,315
8943,40.6729057874826 -73.8708131540288,660,Wednesday,20239,Outdoors & Recreation,-999,-999.0,Clouds,315
8943,40.675020372611606 -73.8717893703308,660,Wednesday,4261,Travel & Transport,-999,-999.0,Clouds,315
8943,40.6728887410976 -73.8708878060352,660,Wednesday,8746,Shop & Service,-999,-999.0,Clouds,315
8943,40.6728887410976 -73.8708878060352,1260,Wednesday,8746,Shop & Service,-999,-999.0,Clear,315
8943,40.672874445225794 -73.8708188964918,1260,Wednesday,5146,Shop & Service,-999,-999.0,Clear,315
8943,40.6729559137599 -73.8708418663423,780,Sunday,31474,Food,1,-999.0,Clear,315
8943,40.672955092893 -73.8708418663423,780,Sunday,7253,Food,2,-999.0,Clear,315
8943,40.6729526302904 -73.8708533512665,780,Sunday,30364,Food,1,-999.0,Clear,315
8943,40.6729057874826 -73.8708131540288,780,Sunday,20239,Outdoors & Recreation,-999,-999.0,Clear,315
8944,40.672955092893 -73.8708418663423,540,Thursday,7253,Food,2,-999.0,Clear,315
8944,40.6729559137599 -73.8708418663423,540,Thursday,31474,Food,1,-999.0,Clear,315
8944,40.6729684719258 -73.8708418663423,780,Thursday,33839,Food,1,8.5,Clear,315
8944,40.6729750389026 -73.8707786992471,780,Thursday,18147,Shop & Service,-999,-999.0,Clear,315
8944,40.6728887410976 -73.8708878060352,780,Thursday,8746,Shop & Service,-999,-999.0,Clear,315
8944,40.672874445225794 -73.8708188964918,780,Thursday,5146,Shop & Service,-999,-999.0,Clear,315
8944,40.6729750389026 -73.8707786992471,720,Friday,18147,Shop & Service,-999,-999.0,Clear,315
8944,40.6729684719258 -73.8708418663423,720,Friday,33839,Food,1,8.5,Clear,315
8944,40.6729526302904 -73.8708533512665,720,Friday,30364,Food,1,-999.0,Clear,315
8944,40.6729057874826 -73.8708131540288,720,Friday,20239,Outdoors & Recreation,-999,-999.0,Clear,315
8944,40.675020372611606 -73.8717893703308,840,Friday,4261,Travel & Transport,-999,-999.0,Clear,315
8944,40.6729702096424 -73.87097394293029,0,Saturday,449,Shop & Service,-999,6.4,Clear,315
8944,40.6729559137599 -73.8708418663423,360,Saturday,31474,Food,1,-999.0,Clouds,315
8944,40.672955092893 -73.8708418663423,360,Saturday,7253,Food,2,-999.0,Clouds,315
8944,40.672955092893 -73.8708418663423,840,Saturday,7253,Food,2,-999.0,Clear,315
8944,40.6729526302904 -73.8708533512665,840,Saturday,30364,Food,1,-999.0,Clear,315
8944,40.6729559137599 -73.87083612387991,840,Saturday,38095,Food,1,-999.0,Clear,315
8944,40.6728887410976 -73.8708878060352,1380,Saturday,8746,Shop & Service,-999,-999.0,Clear,315
8944,40.67288482867461 -73.870790184175,1380,Saturday,37913,Professional & Other Places,-999,-999.0,Clear,315
8944,40.6728458105894 -73.87067533486551,1380,Saturday,1831,Food,1,-999.0,Clear,315
8944,40.672874445225794 -73.8708188964918,1380,Saturday,5146,Shop & Service,-999,-999.0,Clear,315
8944,40.675020372611606 -73.8717893703308,1380,Saturday,4261,Travel & Transport,-999,-999.0,Clear,315
8944,40.6729702096424 -73.87097394293029,1380,Saturday,449,Shop & Service,-999,6.4,Clear,315
8946,40.672955092893 -73.8708418663423,420,Tuesday,7253,Food,2,-999.0,Clear,315
8946,40.6729559137599 -73.8708418663423,420,Tuesday,31474,Food,1,-999.0,Clear,315
8946,40.6729750389026 -73.8707786992471,420,Tuesday,18147,Shop & Service,-999,-999.0,Clear,315
8946,40.6729684719258 -73.8708418663423,840,Tuesday,33839,Food,1,8.5,Clear,315
8946,40.6729559137599 -73.87083612387991,840,Tuesday,38095,Food,1,-999.0,Clear,315
8946,40.6729702096424 -73.87097394293029,840,Tuesday,449,Shop & Service,-999,6.4,Clear,315
8946,40.6729825226668 -73.8707097896654,840,Tuesday,25168,Shop & Service,-999,6.1,Clear,315
8946,40.6729057874826 -73.8708131540288,300,Wednesday,20239,Outdoors & Recreation,-999,-999.0,Clear,315
8946,40.672955092893 -73.8708418663423,300,Wednesday,7253,Food,2,-999.0,Clear,315
8946,40.6729526302904 -73.8708533512665,300,Wednesday,30364,Food,1,-999.0,Clear,315
8946,40.6729559137599 -73.8708418663423,300,Wednesday,31474,Food,1,-999.0,Clear,315
8946,40.6729750389026 -73.8707786992471,300,Wednesday,18147,Shop & Service,-999,-999.0,Clear,315
8946,40.6729684719258 -73.8708418663423,720,Friday,33839,Food,1,8.5,Rain,315
8946,40.6729702096424 -73.87097394293029,720,Friday,449,Shop & Service,-999,6.4,Rain,315
8948,40.6728887410976 -73.8708878060352,480,Monday,8746,Shop & Service,-999,-999.0,Rain,315
8948,40.6729559137599 -73.87083612387991,480,Monday,38095,Food,1,-999.0,Rain,315
8948,40.6729559137599 -73.8708418663423,480,Monday,31474,Food,1,-999.0,Rain,315
8948,40.672955092893 -73.8708418663423,720,Tuesday,7253,Food,2,-999.0,Clouds,315
8948,40.6728887410976 -73.8708878060352,720,Tuesday,8746,Shop & Service,-999,-999.0,Clouds,315
8948,40.6729526302904 -73.8708533512665,720,Tuesday,30364,Food,1,-999.0,Clouds,315
8948,40.6729559137599 -73.8708418663423,720,Tuesday,31474,Food,1,-999.0,Clouds,315
8948,40.6729750389026 -73.8707786992471,720,Tuesday,18147,Shop & Service,-999,-999.0,Clouds,315
8948,40.6729559137599 -73.87083612387991,720,Tuesday,38095,Food,1,-999.0,Clouds,315
8948,40.6729684719258 -73.8708418663423,720,Tuesday,33839,Food,1,8.5,Clouds,315
8948,40.6729559137599 -73.8708418663423,1320,Tuesday,31474,Food,1,-999.0,Clouds,315
8948,40.6728887410976 -73.8708878060352,1380,Tuesday,8746,Shop & Service,-999,-999.0,Clouds,315
8948,40.6729825226668 -73.87099117030479,1380,Tuesday,25698,Shop & Service,-999,-999.0,Clouds,315
8948,40.6729702096424 -73.87097394293029,1380,Tuesday,449,Shop & Service,-999,6.4,Clouds,315
8948,40.6740142807085 -73.8709624580131,1380,Tuesday,12373,Outdoors & Recreation,-999,-999.0,Clouds,315
8948,40.6729559137599 -73.8708418663423,540,Wednesday,31474,Food,1,-999.0,Clouds,315
8948,40.6729057874826 -73.8708131540288,540,Wednesday,20239,Outdoors & Recreation,-999,-999.0,Clouds,315
8948,40.672955092893 -73.8708418663423,540,Wednesday,7253,Food,2,-999.0,Clouds,315
8948,40.6729526302904 -73.8708533512665,540,Wednesday,30364,Food,1,-999.0,Clouds,315
8948,40.6729684719258 -73.8708418663423,540,Wednesday,33839,Food,1,8.5,Clouds,315
8948,40.6728887410976 -73.8708878060352,540,Wednesday,8746,Shop & Service,-999,-999.0,Clouds,315
8948,40.6728887410976 -73.8708878060352,1020,Wednesday,8746,Shop & Service,-999,-999.0,Clouds,315
8948,40.6729535470957 -73.870893548496,1020,Wednesday,23655,Food,1,-999.0,Clouds,315
8948,40.6729702096424 -73.87097394293029,1020,Wednesday,449,Shop & Service,-999,6.4,Clouds,315
8948,40.6729825226668 -73.87099117030479,1020,Wednesday,25698,Shop & Service,-999,-999.0,Clouds,315
8948,40.6729825226668 -73.8707097896654,1020,Wednesday,25168,Shop & Service,-999,6.1,Clouds,315
8948,40.675020372611606 -73.8717893703308,1020,Wednesday,4261,Travel & Transport,-999,-999.0,Clouds,315
8948,40.6731324862682 -73.8709624580131,1320,Wednesday,23759,Food,1,-999.0,Clouds,315
8948,40.6729057874826 -73.8708131540288,300,Thursday,20239,Outdoors & Recreation,-999,-999.0,Clear,315
8948,40.6729526302904 -73.8708533512665,300,Thursday,30364,Food,1,-999.0,Clear,315
8948,40.6729559137599 -73.8708418663423,300,Thursday,31474,Food,1,-999.0,Clear,315
8948,40.6729750389026 -73.8707786992471,300,Thursday,18147,Shop & Service,-999,-999.0,Clear,315
8948,40.6729559137599 -73.87083612387991,660,Thursday,38095,Food,1,-999.0,Clouds,315
8948,40.6729750389026 -73.8707786992471,1020,Thursday,18147,Shop & Service,-999,-999.0,Clouds,315
8948,40.6728887410976 -73.8708878060352,1020,Thursday,8746,Shop & Service,-999,-999.0,Clouds,315
8948,40.6729825226668 -73.8707097896654,1020,Thursday,25168,Shop & Service,-999,6.1,Clouds,315
8949,40.6729057874826 -73.8708131540288,480,Monday,20239,Outdoors & Recreation,-999,-999.0,Clouds,315
8949,40.672955092893 -73.8708418663423,480,Monday,7253,Food,2,-999.0,Clouds,315
8949,40.6729526302904 -73.8708533512665,480,Monday,30364,Food,1,-999.0,Clouds,315
8949,40.6729559137599 -73.8708418663423,480,Monday,31474,Food,1,-999.0,Clouds,315
8949,40.6729750389026 -73.8707786992471,480,Monday,18147,Shop & Service,-999,-999.0,Clouds,315
8949,40.6729535470957 -73.870893548496,960,Monday,23655,Food,1,-999.0,Clear,315
8949,40.6729825226668 -73.87099117030479,960,Monday,25698,Shop & Service,-999,-999.0,Clear,315
8949,40.6729825226668 -73.8707097896654,960,Monday,25168,Shop & Service,-999,6.1,Clear,315
8949,40.6728516527268 -73.87068107733259,1020,Monday,22972,Travel & Transport,-999,-999.0,Clear,315
8949,40.674148921541 -73.8708533512665,1080,Monday,32531,Shop & Service,-999,-999.0,Clear,315
8949,40.6729057874826 -73.8708131540288,300,Tuesday,20239,Outdoors & Recreation,-999,-999.0,Clear,315
8949,40.672955092893 -73.8708418663423,300,Tuesday,7253,Food,2,-999.0,Clear,315
8949,40.6729526302904 -73.8708533512665,300,Tuesday,30364,Food,1,-999.0,Clear,315
8949,40.6729559137599 -73.8708418663423,300,Tuesday,31474,Food,1,-999.0,Clear,315
8949,40.6728887410976 -73.8708878060352,1080,Tuesday,8746,Shop & Service,-999,-999.0,Clear,315
8949,40.6729535470957 -73.870893548496,1080,Tuesday,23655,Food,1,-999.0,Clear,315
8949,40.6743728084649 -73.8709115982056,1080,Tuesday,25762,Food,2,-999.0,Clear,315
8949,40.6729559137599 -73.8708418663423,540,Wednesday,31474,Food,1,-999.0,Clouds,315
8949,40.6729750389026 -73.8707786992471,540,Wednesday,18147,Shop & Service,-999,-999.0,Clouds,315
8949,40.6729684719258 -73.8708418663423,540,Wednesday,33839,Food,1,8.5,Clouds,315
8949,40.6729057874826 -73.8708131540288,420,Friday,20239,Outdoors & Recreation,-999,-999.0,Clear,315
8949,40.672955092893 -73.8708418663423,420,Friday,7253,Food,2,-999.0,Clear,315
8949,40.6729526302904 -73.8708533512665,420,Friday,30364,Food,1,-999.0,Clear,315
8949,40.6729559137599 -73.8708418663423,420,Friday,31474,Food,1,-999.0,Clear,315
8949,40.6729750389026 -73.8707786992471,420,Friday,18147,Shop & Service,-999,-999.0,Clear,315
8949,40.6729559137599 -73.87083612387991,420,Friday,38095,Food,1,-999.0,Clear,315
8949,40.6729684719258 -73.8708418663423,420,Friday,33839,Food,1,8.5,Clear,315
8949,40.6729057874826 -73.8708131540288,840,Saturday,20239,Outdoors & Recreation,-999,-999.0,Clouds,315
8949,40.6729559137599 -73.8708418663423,1020,Saturday,31474,Food,1,-999.0,Clouds,315
8949,40.6729750389026 -73.8707786992471,1020,Saturday,18147,Shop & Service,-999,-999.0,Clouds,315
8949,40.6729825226668 -73.8707097896654,1020,Saturday,25168,Shop & Service,-999,6.1,Clouds,315
8949,40.7247057196214 -73.9851951599121,1200,Saturday,9485,Professional & Other Places,-999,-999.0,Clouds,315
8949,40.6741432715078 -73.8709624580131,1200,Saturday,29583,Outdoors & Recreation,-999,-999.0,Clouds,315
8949,40.672940676249794 -73.8716411590576,1200,Saturday,31131,Residence,-999,-999.0,Clouds,315
8949,40.6728887410976 -73.8708878060352,1320,Saturday,8746,Shop & Service,-999,-999.0,Fog,315
8949,40.6729057874826 -73.8708131540288,600,Sunday,20239,Outdoors & Recreation,-999,-999.0,Fog,315
8949,40.6729526302904 -73.8708533512665,600,Sunday,30364,Food,1,-999.0,Fog,315
8949,40.675024039181 -73.87153096060591,660,Sunday,17401,Food,1,-999.0,Clear,315
8949,40.6729559137599 -73.87083612387991,660,Sunday,38095,Food,1,-999.0,Clear,315
8949,40.672955092893 -73.8708418663423,660,Sunday,7253,Food,2,-999.0,Clear,315
8954,40.6729057874826 -73.8708131540288,840,Monday,20239,Outdoors & Recreation,-999,-999.0,Clouds,315
8954,40.6729559137599 -73.8708418663423,840,Monday,31474,Food,1,-999.0,Clouds,315
8954,40.6728887410976 -73.8708878060352,840,Monday,8746,Shop & Service,-999,-999.0,Clouds,315
8954,40.672894583166 -73.8707672143185,840,Monday,8115,Shop & Service,-999,-999.0,Clouds,315
8954,40.672894583166 -73.8707672143185,1140,Monday,8115,Shop & Service,-999,-999.0,Clouds,315
8954,40.6729559137599 -73.8708418663423,1140,Monday,31474,Food,1,-999.0,Clouds,315
8954,40.6729535470957 -73.870893548496,1140,Monday,23655,Food,1,-999.0,Clouds,315
8954,40.67288482867461 -73.870790184175,1200,Monday,37913,Professional & Other Places,-999,-999.0,Clouds,315
8954,40.6729702096424 -73.87097394293029,60,Tuesday,449,Shop & Service,-999,6.4,Clouds,315
8954,40.6729825226668 -73.87099117030479,60,Tuesday,25698,Shop & Service,-999,-999.0,Clouds,315
8954,40.672940676249794 -73.8716411590576,60,Tuesday,31131,Residence,-999,-999.0,Clouds,315
8954,40.6743728084649 -73.8709115982056,60,Tuesday,25762,Food,2,-999.0,Clouds,315
8954,40.6728887410976 -73.8708878060352,540,Tuesday,8746,Shop & Service,-999,-999.0,Clouds,315
8954,40.6731 -73.870697,540,Tuesday,21689,Shop & Service,-999,-999.0,Clouds,315
8954,40.6729825226668 -73.87099117030479,540,Tuesday,25698,Shop & Service,-999,-999.0,Clouds,315
8954,40.6729684719258 -73.8708418663423,720,Wednesday,33839,Food,1,8.5,Clear,315
8954,40.6729535470957 -73.870893548496,720,Wednesday,23655,Food,1,-999.0,Clear,315
8954,40.6729526302904 -73.8708533512665,360,Thursday,30364,Food,1,-999.0,Clear,315
8954,40.6729057874826 -73.8708131540288,900,Friday,20239,Outdoors & Recreation,-999,-999.0,Clear,315
8954,40.6729057874826 -73.8708131540288,1020,Friday,20239,Outdoors & Recreation,-999,-999.0,Clear,315
8954,40.6729526302904 -73.8708533512665,1020,Friday,30364,Food,1,-999.0,Clear,315
8954,40.6729825226668 -73.8707097896654,1140,Friday,25168,Shop & Service,-999,6.1,Clear,315
8954,40.6729526302904 -73.8708533512665,1260,Friday,30364,Food,1,-999.0,Clear,315
8954,40.6729057874826 -73.8708131540288,0,Saturday,20239,Outdoors & Recreation,-999,-999.0,Clear,315
8954,40.672955092893 -73.8708418663423,0,Saturday,7253,Food,2,-999.0,Clear,315
8954,40.6729526302904 -73.8708533512665,0,Saturday,30364,Food,1,-999.0,Clear,315
8954,40.6729825226668 -73.8707097896654,60,Saturday,25168,Shop & Service,-999,6.1,Clear,315
8954,40.6728887410976 -73.8708878060352,60,Saturday,8746,Shop & Service,-999,-999.0,Clear,315
8954,40.6731 -73.870697,60,Saturday,21689,Shop & Service,-999,-999.0,Clear,315
8954,40.6729825226668 -73.87099117030479,60,Saturday,25698,Shop & Service,-999,-999.0,Clear,315
8954,40.6729702096424 -73.87097394293029,120,Saturday,449,Shop & Service,-999,6.4,Clear,315
8954,40.6729702096424 -73.87097394293029,180,Saturday,449,Shop & Service,-999,6.4,Clear,315
8954,40.6729825226668 -73.8707097896654,480,Saturday,25168,Shop & Service,-999,6.1,Clear,315
8954,40.672955092893 -73.8708418663423,480,Saturday,7253,Food,2,-999.0,Clear,315
8954,40.6729559137599 -73.8708418663423,480,Saturday,31474,Food,1,-999.0,Clear,315
8954,40.6728887410976 -73.8708878060352,480,Saturday,8746,Shop & Service,-999,-999.0,Clear,315
8954,40.6729825226668 -73.8707097896654,840,Saturday,25168,Shop & Service,-999,6.1,Clear,315
8954,40.6729526302904 -73.8708533512665,840,Saturday,30364,Food,1,-999.0,Clear,315
8954,40.6729684719258 -73.8708418663423,840,Saturday,33839,Food,1,8.5,Clear,315
8954,40.6738976344246 -73.8707557293892,1080,Saturday,18147,Shop & Service,-999,-999.0,Clear,315
8954,40.6729702096424 -73.87097394293029,180,Sunday,449,Shop & Service,-999,6.4,Clouds,315
8954,40.6729526302904 -73.8708533512665,180,Sunday,30364,Food,1,-999.0,Clouds,315
8954,40.6729526302904 -73.8708533512665,360,Sunday,30364,Food,1,-999.0,Clouds,315
8954,40.6738976344246 -73.8707557293892,360,Sunday,18147,Shop & Service,-999,-999.0,Clouds,315
8954,40.6729057874826 -73.8708131540288,360,Sunday,20239,Outdoors & Recreation,-999,-999.0,Clouds,315
8954,40.6729825226668 -73.8707097896654,360,Sunday,25168,Shop & Service,-999,6.1,Clouds,315
8954,40.6729825226668 -73.8707097896654,1080,Sunday,25168,Shop & Service,-999,6.1,Clouds,315
8954,40.6729684719258 -73.8708418663423,1080,Sunday,33839,Food,1,8.5,Clouds,315
8954,40.6729825226668 -73.87099117030479,1080,Sunday,25698,Shop & Service,-999,-999.0,Clouds,315
8954,40.6729535470957 -73.870893548496,1080,Sunday,23655,Food,1,-999.0,Clouds,315
8954,40.6731 -73.870697,1080,Sunday,21689,Shop & Service,-999,-999.0,Clouds,315
8954,40.674148921541 -73.8708533512665,1080,Sunday,32531,Shop & Service,-999,-999.0,Clouds,315
8955,40.6729684719258 -73.8708418663423,60,Monday,33839,Food,1,8.5,Rain,315
8955,40.6730639874581 -73.8737590154932,60,Monday,33402,Food,2,-999.0,Rain,315
8955,40.6740142807085 -73.8708820635741,60,Monday,23689,Shop & Service,-999,-999.0,Rain,315
8955,40.672894583166 -73.8707672143185,60,Monday,8115,Shop & Service,-999,-999.0,Rain,315
8955,40.6749343017967 -73.87130987646,60,Monday,36555,Residence,-999,-999.0,Rain,315
8955,40.672955092893 -73.8708418663423,360,Monday,7253,Food,2,-999.0,Clouds,315
8955,40.6729526302904 -73.8708533512665,420,Monday,30364,Food,1,-999.0,Clouds,315
8955,40.6729559137599 -73.8708418663423,420,Monday,31474,Food,1,-999.0,Clouds,315
8955,40.6729559137599 -73.87083612387991,420,Monday,38095,Food,1,-999.0,Clouds,315
8955,40.6729684719258 -73.8708418663423,420,Monday,33839,Food,1,8.5,Clouds,315
8955,40.6731 -73.870697,420,Monday,21689,Shop & Service,-999,-999.0,Clouds,315
8955,40.6728887410976 -73.8708878060352,1020,Monday,8746,Shop & Service,-999,-999.0,Clouds,315
8955,40.672940676249794 -73.8716411590576,1020,Monday,31131,Residence,-999,-999.0,Clouds,315
8955,40.6729057874826 -73.8708131540288,420,Tuesday,20239,Outdoors & Recreation,-999,-999.0,Clouds,315
8955,40.6729057874826 -73.8708131540288,780,Tuesday,20239,Outdoors & Recreation,-999,-999.0,Clouds,315
8955,40.672955092893 -73.8708418663423,780,Tuesday,7253,Food,2,-999.0,Clouds,315
8955,40.6729559137599 -73.8708418663423,780,Tuesday,31474,Food,1,-999.0,Clouds,315
8955,40.6729825226668 -73.87099117030479,1080,Tuesday,25698,Shop & Service,-999,-999.0,Clouds,315
8955,40.6740142807085 -73.8708820635741,1080,Tuesday,23689,Shop & Service,-999,-999.0,Clouds,315
8955,40.672894583166 -73.8707672143185,1080,Tuesday,8115,Shop & Service,-999,-999.0,Clouds,315
8955,40.6729526302904 -73.8708533512665,420,Wednesday,30364,Food,1,-999.0,Clouds,315
8955,40.6729057874826 -73.8708131540288,420,Wednesday,20239,Outdoors & Recreation,-999,-999.0,Clouds,315
8955,40.6729559137599 -73.87083612387991,420,Wednesday,38095,Food,1,-999.0,Clouds,315
8955,40.674148921541 -73.8708533512665,480,Wednesday,32531,Shop & Service,-999,-999.0,Clouds,315
8955,40.6729559137599 -73.87083612387991,480,Wednesday,38095,Food,1,-999.0,Clouds,315
8955,40.6728887410976 -73.8708878060352,1260,Wednesday,8746,Shop & Service,-999,-999.0,Clear,315
8955,40.6729825226668 -73.8707097896654,1260,Wednesday,25168,Shop & Service,-999,6.1,Clear,315
8955,40.6731 -73.870697,1260,Wednesday,21689,Shop & Service,-999,-999.0,Clear,315
8955,40.6729825226668 -73.87099117030479,1320,Wednesday,25698,Shop & Service,-999,-999.0,Clear,315
8955,40.6749343017967 -73.87130987646,1320,Wednesday,36555,Residence,-999,-999.0,Clear,315
8955,40.734727 -74.000501,1080,Thursday,6690,Professional & Other Places,-999,-999.0,Clouds,315
8955,40.7357140225861 -74.0019536018372,1140,Thursday,36221,Shop & Service,-999,8.9,Clouds,315
8955,40.6738976344246 -73.8707557293892,720,Friday,18147,Shop & Service,-999,-999.0,Clouds,315
8955,40.6729684719258 -73.8708418663423,120,Saturday,33839,Food,1,8.5,Clouds,315
8955,40.6728887410976 -73.8708878060352,120,Saturday,8746,Shop & Service,-999,-999.0,Clouds,315
8955,40.6743728084649 -73.8709115982056,120,Saturday,25762,Food,2,-999.0,Clouds,315
8955,40.6729526302904 -73.8708533512665,480,Saturday,30364,Food,1,-999.0,Clouds,315
8955,40.6729684719258 -73.8708418663423,480,Saturday,33839,Food,1,8.5,Clouds,315
8955,40.6729559137599 -73.8708418663423,480,Saturday,31474,Food,1,-999.0,Clouds,315
8955,40.6729526302904 -73.8708533512665,1200,Saturday,30364,Food,1,-999.0,Clouds,315
8955,40.6729825226668 -73.87099117030479,120,Sunday,25698,Shop & Service,-999,-999.0,Clouds,315
8955,40.6729535470957 -73.870893548496,120,Sunday,23655,Food,1,-999.0,Clouds,315
8955,40.6743728084649 -73.8709115982056,120,Sunday,25762,Food,2,-999.0,Clouds,315
8955,40.6729702096424 -73.87097394293029,120,Sunday,449,Shop & Service,-999,6.4,Clouds,315
8955,40.6783761057844 -73.9033985137939,120,Sunday,12392,Travel & Transport,-999,-999.0,Clouds,315
8955,40.6729526302904 -73.8708533512665,360,Sunday,30364,Food,1,-999.0,Clouds,315
8955,40.6729559137599 -73.87083612387991,360,Sunday,38095,Food,1,-999.0,Clouds,315
8955,40.6729057874826 -73.8708131540288,360,Sunday,20239,Outdoors & Recreation,-999,-999.0,Clouds,315
8955,40.6729684719258 -73.8708418663423,480,Sunday,33839,Food,1,8.5,Clear,315
8955,40.6731 -73.870697,480,Sunday,21689,Shop & Service,-999,-999.0,Clear,315
8955,40.6729825226668 -73.8707097896654,480,Sunday,25168,Shop & Service,-999,6.1,Clear,315
8955,40.6729825226668 -73.87099117030479,480,Sunday,25698,Shop & Service,-999,-999.0,Clear,315
8955,40.6729702096424 -73.87097394293029,480,Sunday,449,Shop & Service,-999,6.4,Clear,315
8955,40.6729535470957 -73.870893548496,480,Sunday,23655,Food,1,-999.0,Clear,315
8956,40.6729526302904 -73.8708533512665,420,Thursday,30364,Food,1,-999.0,Clouds,315
8956,40.6729559137599 -73.87083612387991,420,Thursday,38095,Food,1,-999.0,Clouds,315
8956,40.6729684719258 -73.8708418663423,420,Thursday,33839,Food,1,8.5,Clouds,315
8956,40.6729559137599 -73.8708418663423,420,Thursday,31474,Food,1,-999.0,Clouds,315
8956,40.6729057874826 -73.8708131540288,420,Thursday,20239,Outdoors & Recreation,-999,-999.0,Clouds,315
8956,40.672894583166 -73.8707672143185,480,Thursday,8115,Shop & Service,-999,-999.0,Clouds,315
8956,40.6731 -73.870697,480,Thursday,21689,Shop & Service,-999,-999.0,Clouds,315
8956,40.6729825226668 -73.87099117030479,480,Thursday,25698,Shop & Service,-999,-999.0,Clouds,315
8956,40.6729535470957 -73.870893548496,480,Thursday,23655,Food,1,-999.0,Clouds,315
8956,40.674148921541 -73.8708533512665,480,Thursday,32531,Shop & Service,-999,-999.0,Clouds,315
8956,40.6729702096424 -73.87097394293029,480,Thursday,449,Shop & Service,-999,6.4,Clouds,315
8956,40.6729381954328 -73.8707499869243,420,Friday,18147,Shop & Service,-999,-999.0,Clouds,315
8956,40.6731 -73.870697,420,Friday,21689,Shop & Service,-999,-999.0,Clouds,315
8956,40.6731 -73.870697,1080,Friday,21689,Shop & Service,-999,-999.0,Clear,315
8956,40.6729057874826 -73.8708131540288,1080,Friday,20239,Outdoors & Recreation,-999,-999.0,Clear,315
8956,40.6729825226668 -73.8707097896654,1080,Friday,25168,Shop & Service,-999,6.1,Clear,315
8956,40.6729381954328 -73.8707499869243,1080,Friday,18147,Shop & Service,-999,-999.0,Clear,315
8956,40.6740142807085 -73.8708820635741,1080,Friday,23689,Shop & Service,-999,-999.0,Clear,315
8956,40.6743728084649 -73.8709115982056,1080,Friday,25762,Food,2,-999.0,Clear,315
8956,40.674148921541 -73.8708533512665,1260,Friday,32531,Shop & Service,-999,-999.0,Clear,315
8956,40.6729825226668 -73.8707097896654,1260,Friday,25168,Shop & Service,-999,6.1,Clear,315
8956,40.67645715744421 -73.8647777325108,1260,Friday,27187,Travel & Transport,-999,-999.0,Clear,315
8956,40.6729057874826 -73.8708131540288,480,Saturday,20239,Outdoors & Recreation,-999,-999.0,Clouds,315
8956,40.6729559137599 -73.8708418663423,480,Saturday,31474,Food,1,-999.0,Clouds,315
8956,40.6729684719258 -73.8708418663423,840,Saturday,33839,Food,1,8.5,Snow,315
8956,40.6729825226668 -73.8707097896654,1380,Saturday,25168,Shop & Service,-999,6.1,Snow,315
8956,40.67288482867461 -73.870790184175,0,Sunday,37913,Professional & Other Places,-999,-999.0,Clouds,315
8956,40.6729526302904 -73.8708533512665,360,Sunday,30364,Food,1,-999.0,Clear,315
8956,40.6729684719258 -73.8708418663423,900,Sunday,33839,Food,1,8.5,Clear,315
8956,40.6729381954328 -73.8707499869243,900,Sunday,18147,Shop & Service,-999,-999.0,Clear,315
8956,40.6729684719258 -73.8708418663423,1200,Sunday,33839,Food,1,8.5,Clear,315
8956,40.672940676249794 -73.8716411590576,1200,Sunday,31131,Residence,-999,-999.0,Clear,315
8956,40.6729535470957 -73.870893548496,1200,Sunday,23655,Food,1,-999.0,Clear,315
8956,40.6729825226668 -73.87099117030479,1200,Sunday,25698,Shop & Service,-999,-999.0,Clear,315
8957,40.6740142807085 -73.8708820635741,120,Monday,23689,Shop & Service,-999,-999.0,Clear,315
8957,40.6743728084649 -73.8709115982056,120,Monday,25762,Food,2,-999.0,Clear,315
8957,40.672955092893 -73.8708418663423,780,Monday,7253,Food,2,-999.0,Clear,315
8957,40.672894583166 -73.8707672143185,1020,Monday,8115,Shop & Service,-999,-999.0,Clouds,315
8957,40.6740142807085 -73.8708820635741,180,Tuesday,23689,Shop & Service,-999,-999.0,Clouds,315
8957,40.6729057874826 -73.8708131540288,420,Tuesday,20239,Outdoors & Recreation,-999,-999.0,Clouds,315
8957,40.672955092893 -73.8708418663423,420,Tuesday,7253,Food,2,-999.0,Clouds,315
8957,40.6729559137599 -73.87083612387991,420,Tuesday,38095,Food,1,-999.0,Clouds,315
8957,40.6729825226668 -73.87099117030479,1080,Tuesday,25698,Shop & Service,-999,-999.0,Clear,315
8957,40.6729918933251 -73.87057771289959,1080,Tuesday,31853,Shop & Service,-999,-999.0,Clear,315
8957,40.6743728084649 -73.8709115982056,1080,Tuesday,25762,Food,2,-999.0,Clear,315
8957,40.6729526302904 -73.8708533512665,420,Wednesday,30364,Food,1,-999.0,Clear,315
8957,40.6729057874826 -73.8708131540288,420,Wednesday,20239,Outdoors & Recreation,-999,-999.0,Clear,315
8957,40.672955092893 -73.8708418663423,420,Wednesday,7253,Food,2,-999.0,Clear,315
8957,40.6731 -73.870697,1140,Wednesday,21689,Shop & Service,-999,-999.0,Clear,315
8957,40.6729559137599 -73.87083612387991,1140,Wednesday,38095,Food,1,-999.0,Clear,315
8957,40.6729684719258 -73.8708418663423,1140,Wednesday,33839,Food,1,8.5,Clear,315
8957,40.6728887410976 -73.8708878060352,1140,Wednesday,8746,Shop & Service,-999,-999.0,Clear,315
8957,40.6740142807085 -73.8708820635741,1140,Wednesday,23689,Shop & Service,-999,-999.0,Clear,315
8957,40.6727802264446 -73.8707844417111,1140,Wednesday,9183,Shop & Service,-999,-999.0,Clear,315
8957,40.674148921541 -73.8708533512665,1140,Wednesday,32531,Shop & Service,-999,-999.0,Clear,315
8957,40.672874445225794 -73.8708188964918,1380,Wednesday,5146,Shop & Service,-999,-999.0,Clear,315
8957,40.6740142807085 -73.8708820635741,1020,Thursday,23689,Shop & Service,-999,-999.0,Clear,315
8957,40.6729535470957 -73.870893548496,1020,Thursday,23655,Food,1,-999.0,Clear,315
8957,40.6729526302904 -73.8708533512665,300,Friday,30364,Food,1,-999.0,Clouds,315
8957,40.6729559137599 -73.8708418663423,300,Friday,31474,Food,1,-999.0,Clouds,315
8957,40.6729559137599 -73.87083612387991,300,Friday,38095,Food,1,-999.0,Clouds,315
8957,40.6729684719258 -73.8708418663423,300,Friday,33839,Food,1,8.5,Clouds,315
8957,40.6731 -73.870697,300,Friday,21689,Shop & Service,-999,-999.0,Clouds,315
8957,40.6729381954328 -73.8707499869243,300,Friday,18147,Shop & Service,-999,-999.0,Clouds,315
8957,40.6729918933251 -73.87057771289959,300,Friday,31853,Shop & Service,-999,-999.0,Clouds,315
8957,40.6729526302904 -73.8708533512665,780,Saturday,30364,Food,1,-999.0,Clear,315
8957,40.6729057874826 -73.8708131540288,780,Saturday,20239,Outdoors & Recreation,-999,-999.0,Clear,315
8957,40.672955092893 -73.8708418663423,780,Saturday,7253,Food,2,-999.0,Clear,315
8957,40.6728887410976 -73.8708878060352,1200,Saturday,8746,Shop & Service,-999,-999.0,Clear,315
8957,40.6729825226668 -73.8707097896654,1200,Saturday,25168,Shop & Service,-999,6.1,Clear,315
8957,40.6729381954328 -73.8707499869243,1200,Saturday,18147,Shop & Service,-999,-999.0,Clear,315
8957,40.6729918933251 -73.87057771289959,0,Sunday,31853,Shop & Service,-999,-999.0,Clear,315
8957,40.6729702096424 -73.87097394293029,0,Sunday,449,Shop & Service,-999,6.4,Clear,315
8957,40.6731 -73.870697,0,Sunday,21689,Shop & Service,-999,-999.0,Clear,315
8957,40.6740142807085 -73.8708820635741,0,Sunday,23689,Shop & Service,-999,-999.0,Clear,315
8957,40.6729825226668 -73.8707097896654,360,Sunday,25168,Shop & Service,-999,6.1,Clouds,315
8957,40.6729526302904 -73.8708533512665,360,Sunday,30364,Food,1,-999.0,Clouds,315
8957,40.6729559137599 -73.8708418663423,360,Sunday,31474,Food,1,-999.0,Clouds,315
8957,40.6729057874826 -73.8708131540288,360,Sunday,20239,Outdoors & Recreation,-999,-999.0,Clouds,315
8957,40.6729535470957 -73.870893548496,480,Sunday,23655,Food,1,-999.0,Clouds,315
8957,40.6749343017967 -73.87130987646,720,Sunday,36555,Residence,-999,-999.0,Fog,315
8957,40.6729825226668 -73.87099117030479,900,Sunday,25698,Shop & Service,-999,-999.0,Clear,315
8958,40.6729526302904 -73.8708533512665,300,Monday,30364,Food,1,-999.0,Clear,315
8958,40.6729057874826 -73.8708131540288,300,Monday,20239,Outdoors & Recreation,-999,-999.0,Clear,315
8958,40.6729535470957 -73.870893548496,720,Monday,23655,Food,1,-999.0,Clear,315
8958,40.6729825226668 -73.8707097896654,720,Monday,25168,Shop & Service,-999,6.1,Clear,315
8958,40.6729825226668 -73.87099117030479,780,Monday,25698,Shop & Service,-999,-999.0,Clear,315
8958,40.6729918933251 -73.87057771289959,1020,Monday,31853,Shop & Service,-999,-999.0,Clear,315
8958,40.6729825226668 -73.87099117030479,1020,Monday,25698,Shop & Service,-999,-999.0,Clear,315
8958,40.6729702096424 -73.87097394293029,1020,Monday,449,Shop & Service,-999,6.4,Clear,315
8958,40.6740370727108 -73.87092800325759,1020,Monday,15285,Shop & Service,-999,-999.0,Clear,315
8958,40.672955092893 -73.8708418663423,720,Tuesday,7253,Food,2,-999.0,Clear,315
8958,40.6729559137599 -73.87083612387991,720,Tuesday,38095,Food,1,-999.0,Clear,315
8958,40.6442342317999 -73.900683169369,1140,Tuesday,23123,Professional & Other Places,-999,-999.0,Clear,315
8958,40.7564898726738 -73.9862680435181,1320,Tuesday,21033,Outdoors & Recreation,-999,9.0,Clear,315
8958,40.6729702096424 -73.87097394293029,1320,Tuesday,449,Shop & Service,-999,6.4,Clear,315
8958,40.6729381954328 -73.8707499869243,0,Wednesday,18147,Shop & Service,-999,-999.0,Clear,315
8958,40.6729918933251 -73.87057771289959,0,Wednesday,31853,Shop & Service,-999,-999.0,Clear,315
8958,40.6729702096424 -73.87097394293029,0,Wednesday,449,Shop & Service,-999,6.4,Clear,315
8958,40.6729559137599 -73.8708418663423,420,Wednesday,31474,Food,1,-999.0,Clouds,315
8958,40.6729559137599 -73.87083612387991,420,Wednesday,38095,Food,1,-999.0,Clouds,315
8958,40.6729057874826 -73.8708131540288,300,Thursday,20239,Outdoors & Recreation,-999,-999.0,Clear,315
8958,40.672955092893 -73.8708418663423,300,Thursday,7253,Food,2,-999.0,Clear,315
8958,40.6729559137599 -73.8708418663423,300,Thursday,31474,Food,1,-999.0,Clear,315
8958,40.6729559137599 -73.87083612387991,300,Thursday,38095,Food,1,-999.0,Clear,315
8958,40.67294833401 -73.87074424445929,720,Thursday,25168,Shop & Service,-999,6.1,Clear,315
8958,40.6729918933251 -73.87057771289959,720,Thursday,31853,Shop & Service,-999,-999.0,Clear,315
8958,40.6729702096424 -73.87097394293029,720,Thursday,449,Shop & Service,-999,6.4,Clear,315
8958,40.6729057874826 -73.8708131540288,600,Friday,20239,Outdoors & Recreation,-999,-999.0,Clear,315
8958,40.6729559137599 -73.8708418663423,960,Friday,31474,Food,1,-999.0,Clouds,315
8958,40.6729684719258 -73.8708418663423,960,Friday,33839,Food,1,8.5,Clouds,315
8958,40.6729381954328 -73.8707499869243,960,Friday,18147,Shop & Service,-999,-999.0,Clouds,315
8958,40.6729559137599 -73.87083612387991,960,Friday,38095,Food,1,-999.0,Clouds,315
8958,40.6729559137599 -73.8708418663423,360,Saturday,31474,Food,1,-999.0,Clouds,315
8958,40.6729381954328 -73.8707499869243,360,Saturday,18147,Shop & Service,-999,-999.0,Clouds,315
8958,40.6729381954328 -73.8707499869243,1020,Saturday,18147,Shop & Service,-999,-999.0,Clouds,315
8958,40.6729918933251 -73.87057771289959,1020,Saturday,31853,Shop & Service,-999,-999.0,Clouds,315
8958,40.6740142807085 -73.8708820635741,1020,Saturday,23689,Shop & Service,-999,-999.0,Clouds,315
8958,40.6729825226668 -73.87099117030479,1020,Saturday,25698,Shop & Service,-999,-999.0,Clouds,315
8958,40.67294833401 -73.87074424445929,600,Sunday,25168,Shop & Service,-999,6.1,Clouds,315
8958,40.6731 -73.870697,600,Sunday,21689,Shop & Service,-999,-999.0,Clouds,315
8958,40.6729381954328 -73.8707499869243,600,Sunday,18147,Shop & Service,-999,-999.0,Clouds,315
8958,40.6740142807085 -73.8708820635741,960,Sunday,23689,Shop & Service,-999,-999.0,Clouds,315
8959,40.67294833401 -73.87074424445929,360,Monday,25168,Shop & Service,-999,6.1,Clouds,315
8959,40.672894583166 -73.8707672143185,360,Monday,8115,Shop & Service,-999,-999.0,Clouds,315
8959,40.672955092893 -73.8708418663423,360,Monday,7253,Food,2,-999.0,Clouds,315
8959,40.6729825226668 -73.87099117030479,1080,Monday,25698,Shop & Service,-999,-999.0,Clouds,315
8959,40.6729057874826 -73.8708131540288,360,Tuesday,20239,Outdoors & Recreation,-999,-999.0,Clouds,315
8959,40.6729559137599 -73.87083612387991,360,Tuesday,38095,Food,1,-999.0,Clouds,315
8959,40.6729702096424 -73.87097394293029,900,Tuesday,449,Shop & Service,-999,6.4,Clouds,315
8959,40.6728887410976 -73.8708878060352,900,Tuesday,8746,Shop & Service,-999,-999.0,Clouds,315
8959,40.672874445225794 -73.8708188964918,900,Tuesday,5146,Shop & Service,-999,-999.0,Clouds,315
8959,40.6729526302904 -73.8708533512665,600,Wednesday,30364,Food,1,-999.0,Clouds,315
8959,40.67294833401 -73.87074424445929,600,Wednesday,25168,Shop & Service,-999,6.1,Clouds,315
8959,40.6729559137599 -73.8708418663423,600,Wednesday,31474,Food,1,-999.0,Clouds,315
8959,40.672955092893 -73.8708418663423,600,Wednesday,7253,Food,2,-999.0,Clouds,315
8959,40.6729559137599 -73.87083612387991,600,Wednesday,38095,Food,1,-999.0,Clouds,315
8959,40.6729702096424 -73.87097394293029,60,Thursday,449,Shop & Service,-999,6.4,Clear,315
8959,40.67294833401 -73.87074424445929,300,Thursday,25168,Shop & Service,-999,6.1,Clouds,315
8959,40.6729057874826 -73.8708131540288,300,Thursday,20239,Outdoors & Recreation,-999,-999.0,Clouds,315
8959,40.6729559137599 -73.8708418663423,300,Thursday,31474,Food,1,-999.0,Clouds,315
8959,40.6729559137599 -73.87083612387991,480,Thursday,38095,Food,1,-999.0,Clear,315
8959,40.6729684719258 -73.8708418663423,480,Thursday,33839,Food,1,8.5,Clear,315
8959,40.6729880768539 -73.8708418663423,480,Thursday,24889,Shop & Service,-999,-999.0,Clear,315
8959,40.6729702096424 -73.87097394293029,1080,Thursday,449,Shop & Service,-999,6.4,Clear,315
8959,40.6743728084649 -73.8709115982056,1080,Thursday,25762,Food,2,-999.0,Clear,315
8959,40.6729526302904 -73.8708533512665,720,Friday,30364,Food,1,-999.0,Clouds,315
8959,40.6729526302904 -73.8708533512665,900,Friday,30364,Food,1,-999.0,Clear,315
8959,40.6729381954328 -73.8707499869243,900,Friday,18147,Shop & Service,-999,-999.0,Clear,315
8959,40.6729559137599 -73.8708418663423,960,Friday,31474,Food,1,-999.0,Clear,315
8960,40.6667196855532 -73.8700379199763,1380,Monday,29838,Shop & Service,-999,-999.0,Clouds,315
8960,40.6729880768539 -73.8708418663423,1380,Monday,24889,Shop & Service,-999,-999.0,Clouds,315
8960,40.6731 -73.870697,1380,Monday,21689,Shop & Service,-999,-999.0,Clouds,315
8960,40.6727802264446 -73.8707844417111,1380,Monday,9183,Shop & Service,-999,-999.0,Clouds,315
8960,40.6729918933251 -73.87057771289959,1380,Monday,31853,Shop & Service,-999,-999.0,Clouds,315
8960,40.6729825226668 -73.87099117030479,1380,Monday,25698,Shop & Service,-999,-999.0,Clouds,315
8960,40.67294833401 -73.87074424445929,360,Thursday,25168,Shop & Service,-999,6.1,Clouds,315
8960,40.6729381954328 -73.8707499869243,360,Thursday,18147,Shop & Service,-999,-999.0,Clouds,315
8960,40.6729880768539 -73.8708418663423,660,Thursday,24889,Shop & Service,-999,-999.0,Clear,315
8960,40.6729702096424 -73.87097394293029,660,Thursday,449,Shop & Service,-999,6.4,Clear,315
8960,40.67294833401 -73.87074424445929,600,Friday,25168,Shop & Service,-999,6.1,Clear,315
8960,40.6729684719258 -73.8708418663423,960,Friday,33839,Food,1,8.5,Clouds,315
8960,40.6729559137599 -73.87083612387991,960,Friday,38095,Food,1,-999.0,Clouds,315
8960,40.6729559137599 -73.8708418663423,960,Friday,31474,Food,1,-999.0,Clouds,315
8960,40.6729381954328 -73.8707499869243,960,Friday,18147,Shop & Service,-999,-999.0,Clouds,315
8960,40.6729880768539 -73.8708418663423,960,Friday,24889,Shop & Service,-999,-999.0,Clouds,315
8960,40.6729702096424 -73.87097394293029,120,Saturday,449,Shop & Service,-999,6.4,Clear,315
8960,40.6727802264446 -73.8707844417111,120,Saturday,9183,Shop & Service,-999,-999.0,Clear,315
8960,40.6729684719258 -73.8708418663423,960,Saturday,33839,Food,1,8.5,Clear,315
8960,40.6729559137599 -73.87083612387991,960,Saturday,38095,Food,1,-999.0,Clear,315
8960,40.6729559137599 -73.8708418663423,1140,Saturday,31474,Food,1,-999.0,Clear,315
8960,40.6729381954328 -73.8707499869243,1260,Saturday,18147,Shop & Service,-999,-999.0,Clear,315
8960,40.6729918933251 -73.87057771289959,1260,Saturday,31853,Shop & Service,-999,-999.0,Clear,315
8960,40.6729880768539 -73.8708418663423,1380,Saturday,24889,Shop & Service,-999,-999.0,Clear,315
8960,40.6728887410976 -73.8708878060352,1380,Saturday,8746,Shop & Service,-999,-999.0,Clear,315
8960,40.6729825226668 -73.87099117030479,1380,Saturday,25698,Shop & Service,-999,-999.0,Clear,315
8960,40.6729526302904 -73.8708533512665,420,Sunday,30364,Food,1,-999.0,Clear,315
8960,40.67294833401 -73.87074424445929,660,Sunday,25168,Shop & Service,-999,6.1,Clear,315
8960,40.6729526302904 -73.8708533512665,780,Sunday,30364,Food,1,-999.0,Clear,315
8960,40.6729825226668 -73.87099117030479,900,Sunday,25698,Shop & Service,-999,-999.0,Clear,315
8960,40.6667196855532 -73.8700379199763,1380,Sunday,29838,Shop & Service,-999,-999.0,Clear,315
8960,40.6729526302904 -73.8708533512665,1380,Sunday,30364,Food,1,-999.0,Clear,315
8961,40.6729559137599 -73.87083612387991,60,Monday,38095,Food,1,-999.0,Clear,315
8961,40.672955092893 -73.8708418663423,60,Monday,7253,Food,2,-999.0,Clear,315
8961,40.6731 -73.870697,60,Monday,21689,Shop & Service,-999,-999.0,Clear,315
8961,40.6729526302904 -73.8708533512665,360,Monday,30364,Food,1,-999.0,Clouds,315
8961,40.6729684719258 -73.8708418663423,360,Monday,33839,Food,1,8.5,Clouds,315
8961,40.6729559137599 -73.8708418663423,360,Monday,31474,Food,1,-999.0,Clouds,315
8961,40.6729559137599 -73.87083612387991,360,Monday,38095,Food,1,-999.0,Clouds,315
8961,40.672955092893 -73.8708418663423,360,Monday,7253,Food,2,-999.0,Clouds,315
8961,40.6729526302904 -73.8708533512665,300,Tuesday,30364,Food,1,-999.0,Clouds,315
8961,40.6729559137599 -73.8708418663423,300,Tuesday,31474,Food,1,-999.0,Clouds,315
8961,40.67294833401 -73.87074424445929,300,Tuesday,25168,Shop & Service,-999,6.1,Clouds,315
8961,40.6729559137599 -73.87083612387991,300,Tuesday,38095,Food,1,-999.0,Clouds,315
8961,40.6729559137599 -73.8708418663423,300,Wednesday,31474,Food,1,-999.0,Fog,315
8961,40.672955092893 -73.8708418663423,300,Wednesday,7253,Food,2,-999.0,Fog,315
8961,40.6729057874826 -73.8708131540288,300,Wednesday,20239,Outdoors & Recreation,-999,-999.0,Fog,315
8961,40.6729684719258 -73.8708418663423,720,Wednesday,33839,Food,1,8.5,Clouds,315
8961,40.6729526302904 -73.8708533512665,360,Thursday,30364,Food,1,-999.0,Rain,315
8961,40.672955092893 -73.8708418663423,360,Thursday,7253,Food,2,-999.0,Clouds,315
8961,40.6729559137599 -73.87083612387991,360,Thursday,38095,Food,1,-999.0,Clouds,315
8961,40.6729684719258 -73.8708418663423,360,Thursday,33839,Food,1,8.5,Clouds,315
8961,40.6729057874826 -73.8708131540288,360,Thursday,20239,Outdoors & Recreation,-999,-999.0,Clouds,315
8961,40.6729559137599 -73.8708418663423,360,Thursday,31474,Food,1,-999.0,Clouds,315
8961,40.6727802264446 -73.8707844417111,900,Thursday,9183,Shop & Service,-999,-999.0,Clouds,315
8961,40.6729880768539 -73.8708418663423,720,Friday,24889,Shop & Service,-999,-999.0,Clouds,315
8961,40.674148921541 -73.8708533512665,720,Friday,32531,Shop & Service,-999,-999.0,Clouds,315
8961,40.672940676249794 -73.8716411590576,1260,Friday,31131,Residence,-999,-999.0,Clouds,315
8961,40.6729526302904 -73.8708533512665,360,Saturday,30364,Food,1,-999.0,Clear,315
8961,40.6729684719258 -73.8708418663423,360,Saturday,33839,Food,1,8.5,Clear,315
8961,40.6729559137599 -73.87083612387991,360,Saturday,38095,Food,1,-999.0,Clear,315
8961,40.6729381954328 -73.8707499869243,360,Saturday,18147,Shop & Service,-999,-999.0,Clear,315
8961,40.6729684719258 -73.8708418663423,660,Saturday,33839,Food,1,8.5,Clear,315
8961,40.6727802264446 -73.8707844417111,660,Saturday,9183,Shop & Service,-999,-999.0,Clear,315
8961,40.6729880768539 -73.8708418663423,660,Saturday,24889,Shop & Service,-999,-999.0,Clear,315
8961,40.6729702096424 -73.87097394293029,660,Saturday,449,Shop & Service,-999,6.4,Clear,315
8961,40.6729825226668 -73.87099117030479,660,Saturday,25698,Shop & Service,-999,-999.0,Clear,315
8961,40.6729684719258 -73.8708418663423,360,Sunday,33839,Food,1,8.5,Clouds,315
8961,40.6729057874826 -73.8708131540288,360,Sunday,20239,Outdoors & Recreation,-999,-999.0,Clouds,315
8963,40.6729684719258 -73.8708418663423,420,Monday,33839,Food,1,8.5,Rain,315
8963,40.6727802264446 -73.8707844417111,420,Monday,9183,Shop & Service,-999,-999.0,Rain,315
8963,40.672955092893 -73.8708418663423,420,Monday,7253,Food,2,-999.0,Rain,315
8963,40.68312 -73.975979,1260,Monday,32386,Arts & Entertainment,-999,9.0,Clouds,315
8963,40.6729526302904 -73.8708533512665,300,Tuesday,30364,Food,1,-999.0,Clouds,315
8963,40.6729559137599 -73.87083612387991,300,Tuesday,38095,Food,1,-999.0,Clouds,315
8963,40.6729559137599 -73.87083612387991,720,Tuesday,38095,Food,1,-999.0,Clouds,315
8963,40.6743728084649 -73.8709115982056,1380,Tuesday,25762,Food,2,-999.0,Clear,315
8963,40.6729559137599 -73.87083612387991,360,Wednesday,38095,Food,1,-999.0,Clear,315
8963,40.67294833401 -73.87074424445929,360,Wednesday,25168,Shop & Service,-999,6.1,Clear,315
8963,40.6729057874826 -73.8708131540288,360,Wednesday,20239,Outdoors & Recreation,-999,-999.0,Clear,315
8963,40.6682762864049 -73.8726564760316,1320,Wednesday,19689,Food,1,-999.0,Clouds,315
8963,40.6729684719258 -73.8708418663423,420,Thursday,33839,Food,1,8.5,Clear,315
8923,40.6667601422535 -73.8819417317665,1020,Tuesday,8975,Shop & Service,-999,-999.0,Clear,315
8923,40.6662374815037 -73.8833887449737,1020,Tuesday,29919,Travel & Transport,-999,-999.0,Clear,315
8923,40.66195 -73.8927,1080,Tuesday,31888,Shop & Service,-999,-999.0,Clear,315
8923,40.6728402564456 -73.87072701706309,840,Wednesday,30364,Food,1,-999.0,Clear,315
8923,40.672843443958 -73.8706638499309,840,Wednesday,38095,Food,1,-999.0,Clear,315
8923,40.672841077323206 -73.8706293951229,840,Wednesday,33839,Food,1,8.5,Clear,315
8923,40.6739618499969 -73.8723808401978,840,Wednesday,449,Shop & Service,-999,6.4,Clear,315
8923,40.674148921541 -73.8708533512665,1080,Wednesday,32531,Shop & Service,-999,-999.0,Clear,315
8923,40.6743728084649 -73.8709115982056,1080,Wednesday,25762,Food,2,-999.0,Clear,315
8923,40.67632098987671 -73.87072701706309,1140,Wednesday,24889,Shop & Service,-999,-999.0,Clear,315
8923,40.6728402564456 -73.87072701706309,540,Friday,30364,Food,1,-999.0,Clear,315
8923,40.6728755110541 -73.8706983047328,540,Friday,18147,Shop & Service,-999,-999.0,Clear,315
8923,40.672843443958 -73.8706638499309,540,Friday,38095,Food,1,-999.0,Clear,315
8923,40.6728402564456 -73.87072701706309,780,Saturday,30364,Food,1,-999.0,Clear,315
8923,40.6728755110541 -73.8706983047328,780,Saturday,18147,Shop & Service,-999,-999.0,Clear,315
8923,40.672843443958 -73.8706638499309,780,Saturday,38095,Food,1,-999.0,Clear,315
8923,40.672841077323206 -73.8706293951229,780,Saturday,33839,Food,1,8.5,Clear,315
8923,40.6710256041641 -73.87547597866659,840,Saturday,23486,Shop & Service,-999,-999.0,Clear,315
8923,40.672881641150106 -73.8707672143185,60,Sunday,8115,Shop & Service,-999,-999.0,Clouds,315
8923,40.6728887410976 -73.8708878060352,60,Sunday,8746,Shop & Service,-999,-999.0,Clouds,315
8923,40.674148921541 -73.8708533512665,60,Sunday,32531,Shop & Service,-999,-999.0,Clouds,315
8923,40.6743728084649 -73.8709115982056,60,Sunday,25762,Food,2,-999.0,Clouds,315
8923,40.6737375129412 -73.8708648361901,60,Sunday,15285,Shop & Service,-999,-999.0,Clouds,315
8923,40.6728402564456 -73.87072701706309,600,Sunday,30364,Food,1,-999.0,Clear,315
8923,40.6728498 -73.87080693,600,Sunday,37913,Professional & Other Places,-999,-999.0,Clear,315
8923,40.6728755110541 -73.8706983047328,600,Sunday,18147,Shop & Service,-999,-999.0,Clear,315
8923,40.672843443958 -73.8706638499309,600,Sunday,38095,Food,1,-999.0,Clear,315
8923,40.672841077323206 -73.8706293951229,720,Sunday,33839,Food,1,8.5,Clear,315
8926,40.6717202242509 -73.8713759146076,180,Monday,30364,Food,1,-999.0,Rain,315
8926,40.6729333734986 -73.8699977225716,900,Monday,8115,Shop & Service,-999,-999.0,Clouds,315
8926,40.6740142807085 -73.8708820635741,900,Monday,23689,Shop & Service,-999,-999.0,Clouds,315
8926,40.674148921541 -73.8708533512665,900,Monday,32531,Shop & Service,-999,-999.0,Clouds,315
8926,40.672940676249794 -73.8716411590576,360,Tuesday,31131,Residence,-999,-999.0,Clouds,315
8926,40.6717202242509 -73.8713759146076,360,Tuesday,30364,Food,1,-999.0,Clouds,315
8926,40.67275736371951 -73.87127829299021,360,Tuesday,18147,Shop & Service,-999,-999.0,Clouds,315
8926,40.6729816058583 -73.8708418663423,360,Tuesday,38095,Food,1,-999.0,Clouds,315
8926,40.673052123084 -73.869572778075,420,Tuesday,33839,Food,1,8.5,Clouds,315
8926,40.67302226535861 -73.87099117030479,420,Tuesday,31474,Food,1,-999.0,Clouds,315
8926,40.6728458105894 -73.87067533486551,420,Tuesday,1831,Food,1,-999.0,Clouds,315
8926,40.672940676249794 -73.8716411590576,420,Tuesday,31131,Residence,-999,-999.0,Clouds,315
8926,40.673996290877206 -73.8721970827602,840,Tuesday,13269,Professional & Other Places,-999,-999.0,Clouds,315
8926,40.67302226535861 -73.87099117030479,840,Tuesday,31474,Food,1,-999.0,Clouds,315
8926,40.672940676249794 -73.8716411590576,840,Tuesday,31131,Residence,-999,-999.0,Clouds,315
8926,40.6740142807085 -73.8708820635741,840,Tuesday,23689,Shop & Service,-999,-999.0,Clouds,315
8926,40.672940676249794 -73.8716411590576,480,Wednesday,31131,Residence,-999,-999.0,Clear,315
8926,40.6717202242509 -73.8713759146076,480,Wednesday,30364,Food,1,-999.0,Clear,315
8926,40.67275736371951 -73.87127829299021,480,Wednesday,18147,Shop & Service,-999,-999.0,Clear,315
8926,40.6729816058583 -73.8708418663423,480,Wednesday,38095,Food,1,-999.0,Clear,315
8926,40.673052123084 -73.87015276965879,480,Wednesday,33839,Food,1,8.5,Clear,315
8926,40.673052123084 -73.87015276965879,600,Wednesday,33839,Food,1,8.5,Clouds,315
8926,40.67302226535861 -73.87099117030479,600,Wednesday,31474,Food,1,-999.0,Clouds,315
8926,40.6728458105894 -73.87067533486551,600,Wednesday,1831,Food,1,-999.0,Clouds,315
8926,40.6740837757941 -73.87095097309529,600,Wednesday,14482,Shop & Service,-999,-999.0,Clouds,315
8926,40.67418398315221 -73.8708074115656,600,Wednesday,37913,Professional & Other Places,-999,-999.0,Clouds,315
8926,40.671390151922495 -73.8713586872669,600,Wednesday,12373,Outdoors & Recreation,-999,-999.0,Clouds,315
8926,40.675020372611606 -73.8717893703308,600,Wednesday,4261,Travel & Transport,-999,-999.0,Clouds,315
8926,40.6722695127436 -73.87471224774009,600,Wednesday,23486,Shop & Service,-999,-999.0,Clouds,315
8926,40.6740142807085 -73.8708820635741,120,Thursday,23689,Shop & Service,-999,-999.0,Clear,315
8926,40.6717202242509 -73.8713759146076,420,Thursday,30364,Food,1,-999.0,Clouds,315
8926,40.6717202242509 -73.8713759146076,900,Friday,30364,Food,1,-999.0,Clouds,315
8926,40.6717202242509 -73.8713759146076,960,Friday,30364,Food,1,-999.0,Clear,315
8926,40.67275736371951 -73.87127829299021,960,Friday,18147,Shop & Service,-999,-999.0,Clear,315
8926,40.673052123084 -73.87015276965879,960,Friday,33839,Food,1,8.5,Clear,315
8926,40.67418398315221 -73.8708074115656,960,Friday,37913,Professional & Other Places,-999,-999.0,Clear,315
8926,40.675020372611606 -73.8717893703308,960,Friday,4261,Travel & Transport,-999,-999.0,Clear,315
8926,40.672990507276 -73.8699460401819,960,Friday,22972,Travel & Transport,-999,-999.0,Clear,315
8926,40.672940676249794 -73.8716411590576,960,Friday,31131,Residence,-999,-999.0,Clear,315
8926,40.6729333734986 -73.8699977225716,1380,Friday,8115,Shop & Service,-999,-999.0,Clear,315
8926,40.6740142807085 -73.8708820635741,1380,Friday,23689,Shop & Service,-999,-999.0,Clear,315
8926,40.6728887410976 -73.8708878060352,1380,Friday,8746,Shop & Service,-999,-999.0,Clear,315
8926,40.674148921541 -73.8708533512665,1380,Friday,32531,Shop & Service,-999,-999.0,Clear,315
8926,40.6728771825926 -73.8714965059502,0,Saturday,5146,Shop & Service,-999,-999.0,Clear,315
8926,40.67302226535861 -73.87099117030479,0,Saturday,31474,Food,1,-999.0,Clear,315
8926,40.6737375129412 -73.8708648361901,0,Saturday,15285,Shop & Service,-999,-999.0,Clear,315
8926,40.6728267553209 -73.8726282119751,0,Saturday,6921,Professional & Other Places,-999,-999.0,Clear,315
8926,40.6717202242509 -73.8713759146076,900,Saturday,30364,Food,1,-999.0,Clear,315
8926,40.67275736371951 -73.87127829299021,900,Saturday,18147,Shop & Service,-999,-999.0,Clear,315
8926,40.6729816058583 -73.8708418663423,900,Saturday,38095,Food,1,-999.0,Clear,315
8926,40.7368521479561 -74.150333404541,1020,Saturday,28232,Arts & Entertainment,-999,9.2,Clear,315
8926,40.673052123084 -73.87015276965879,1020,Saturday,33839,Food,1,8.5,Clear,315
8926,40.67302226535861 -73.87099117030479,1020,Saturday,31474,Food,1,-999.0,Clear,315
8926,40.673052123084 -73.87015276965879,1380,Saturday,33839,Food,1,8.5,Clear,315
8926,40.6717202242509 -73.8713759146076,480,Sunday,30364,Food,1,-999.0,Clear,315
8926,40.67275736371951 -73.87127829299021,480,Sunday,18147,Shop & Service,-999,-999.0,Clear,315
8926,40.6729816058583 -73.8708418663423,480,Sunday,38095,Food,1,-999.0,Clear,315
8926,40.673052123084 -73.87015276965879,480,Sunday,33839,Food,1,8.5,Clear,315
8926,40.67302226535861 -73.87099117030479,480,Sunday,31474,Food,1,-999.0,Clear,315
8926,40.67418398315221 -73.8708074115656,480,Sunday,37913,Professional & Other Places,-999,-999.0,Clear,315
8926,40.672940676249794 -73.8716411590576,480,Sunday,31131,Residence,-999,-999.0,Clear,315
8930,40.6729559137599 -73.8708418663423,540,Monday,31474,Food,1,-999.0,Rain,315
8930,40.6727858765908 -73.870790184175,540,Monday,18147,Shop & Service,-999,-999.0,Rain,315
8930,40.6729526302904 -73.8708533512665,540,Monday,30364,Food,1,-999.0,Rain,315
8930,40.6727858765908 -73.870790184175,840,Monday,18147,Shop & Service,-999,-999.0,Clouds,315
8930,40.6729559137599 -73.87083612387991,840,Monday,38095,Food,1,-999.0,Clouds,315
8930,40.67288482867461 -73.870790184175,840,Monday,37913,Professional & Other Places,-999,-999.0,Clouds,315
8930,40.672894583166 -73.8707672143185,1320,Monday,8115,Shop & Service,-999,-999.0,Clouds,315
8930,40.6743728084649 -73.8709115982056,1320,Monday,25762,Food,2,-999.0,Rain,315
8930,40.675020372611606 -73.8717893703308,1320,Monday,4261,Travel & Transport,-999,-999.0,Rain,315
8930,40.6753767066708 -73.8721065223217,60,Tuesday,27716,Travel & Transport,-999,-999.0,Rain,315
8930,40.678276069327296 -73.8700666324033,60,Tuesday,28600,Nightlife Spot,1,6.6,Rain,315
8930,40.66665135 -73.86812085,60,Tuesday,2282,Residence,-999,-999.0,Rain,315
8930,40.676804 -73.873009,60,Tuesday,20360,Nightlife Spot,3,-999.0,Rain,315
8930,40.6714423798815 -73.8755334019242,60,Tuesday,23244,Residence,-999,-999.0,Rain,315
8930,40.6753628006973 -73.8706638499309,60,Tuesday,28918,Nightlife Spot,3,-999.0,Rain,315
8930,40.6686060535742 -73.86195807621591,60,Tuesday,33512,Arts & Entertainment,-999,6.3,Rain,315
8930,40.670802 -73.875507,60,Tuesday,18830,Arts & Entertainment,-999,-999.0,Rain,315
8930,40.66658008 -73.86796954,60,Tuesday,26479,Arts & Entertainment,-999,-999.0,Rain,315
8930,40.6743728084649 -73.8709115982056,60,Tuesday,25762,Food,2,-999.0,Rain,315
8930,40.6727858765908 -73.870790184175,420,Tuesday,18147,Shop & Service,-999,-999.0,Rain,315
8930,40.672894583166 -73.8707672143185,780,Wednesday,8115,Shop & Service,-999,-999.0,Fog,315
8930,40.6729535470957 -73.870893548496,780,Wednesday,23655,Food,1,-999.0,Fog,315
8930,40.67302226535861 -73.8721970827602,780,Wednesday,449,Shop & Service,-999,6.4,Fog,315
8930,40.673996290877206 -73.8721970827602,780,Wednesday,13269,Professional & Other Places,-999,-999.0,Fog,315
8930,40.675223961251504 -73.87262776398359,1260,Wednesday,29768,Food,1,-999.0,Clear,315
8930,40.6728887410976 -73.8708878060352,1380,Wednesday,8746,Shop & Service,-999,-999.0,Clouds,315
8930,40.6740142807085 -73.8708820635741,1380,Wednesday,23689,Shop & Service,-999,-999.0,Clouds,315
8930,40.6740837757941 -73.87095097309529,1380,Wednesday,14482,Shop & Service,-999,-999.0,Clouds,315
8930,40.675223961251504 -73.87262776398359,1380,Wednesday,29768,Food,1,-999.0,Clouds,315
8930,40.7575951658084 -73.98607622255771,1380,Wednesday,26632,Arts & Entertainment,-999,8.0,Clouds,315
8930,40.6729684719258 -73.8708418663423,660,Friday,33839,Food,1,8.5,Clouds,315
8930,40.6727858765908 -73.870790184175,660,Friday,18147,Shop & Service,-999,-999.0,Clouds,315
8930,40.6729559137599 -73.87083612387991,660,Friday,38095,Food,1,-999.0,Clouds,315
8930,40.6729559137599 -73.8708418663423,660,Friday,31474,Food,1,-999.0,Clouds,315
8930,40.67288482867461 -73.870790184175,660,Friday,37913,Professional & Other Places,-999,-999.0,Clouds,315
8930,40.6740837757941 -73.87095097309529,720,Friday,14482,Shop & Service,-999,-999.0,Clouds,315
8930,40.672894583166 -73.8707672143185,720,Friday,8115,Shop & Service,-999,-999.0,Clouds,315
8930,40.6709204456467 -73.87549320564558,1140,Saturday,23486,Shop & Service,-999,-999.0,Clouds,315
8930,40.6729526302904 -73.8708533512665,540,Sunday,30364,Food,1,-999.0,Clear,315
8930,40.6727858765908 -73.870790184175,540,Sunday,18147,Shop & Service,-999,-999.0,Clear,315
8930,40.6729559137599 -73.87083612387991,540,Sunday,38095,Food,1,-999.0,Clear,315
8930,40.6729684719258 -73.8708418663423,540,Sunday,33839,Food,1,8.5,Clear,315
8930,40.6729559137599 -73.8708418663423,540,Sunday,31474,Food,1,-999.0,Clear,315
8930,40.6728267553209 -73.8726282119751,600,Sunday,6921,Professional & Other Places,-999,-999.0,Clear,315
8933,40.6729559137599 -73.87083612387991,300,Monday,38095,Food,1,-999.0,Clouds,315
8933,40.6729684719258 -73.8708418663423,300,Monday,33839,Food,1,8.5,Clouds,315
8933,40.6729559137599 -73.8708418663423,300,Monday,31474,Food,1,-999.0,Clouds,315
8933,40.6731324862682 -73.8709624580131,1200,Monday,23759,Food,1,-999.0,Clouds,315
8933,40.6743728084649 -73.8709115982056,1380,Monday,25762,Food,2,-999.0,Clear,315
8933,40.6677407811815 -73.87033078653391,1380,Monday,3592,Food,1,-999.0,Clear,315
8933,40.668510888647 -73.8730814138497,1380,Monday,20728,Food,1,-999.0,Clear,315
8933,40.666947252572605 -73.8704169236735,1380,Monday,27010,Outdoors & Recreation,-999,-999.0,Clear,315
8933,40.6729526302904 -73.8708533512665,480,Tuesday,30364,Food,1,-999.0,Fog,315
8933,40.6729559137599 -73.87083612387991,480,Tuesday,38095,Food,1,-999.0,Fog,315
8933,40.6729684719258 -73.8708418663423,480,Tuesday,33839,Food,1,8.5,Fog,315
8933,40.6727858765908 -73.870790184175,480,Tuesday,18147,Shop & Service,-999,-999.0,Fog,315
8933,40.6729559137599 -73.8708418663423,480,Tuesday,31474,Food,1,-999.0,Fog,315
8933,40.672874445225794 -73.8708188964918,480,Tuesday,5146,Shop & Service,-999,-999.0,Fog,315
8933,40.7615985335358 -73.98415936891459,0,Wednesday,35371,Professional & Other Places,-999,-999.0,Rain,315
8933,40.6729559137599 -73.8708418663423,420,Wednesday,31474,Food,1,-999.0,Clouds,315
8933,40.6729526302904 -73.8708533512665,420,Wednesday,30364,Food,1,-999.0,Clouds,315
8933,40.6727858765908 -73.870790184175,420,Wednesday,18147,Shop & Service,-999,-999.0,Clouds,315
8933,40.6729559137599 -73.87083612387991,420,Wednesday,38095,Food,1,-999.0,Clouds,315
8933,40.6729684719258 -73.8708418663423,840,Wednesday,33839,Food,1,8.5,Fog,315
8933,40.6729559137599 -73.87083612387991,840,Wednesday,38095,Food,1,-999.0,Fog,315
8933,40.67288482867461 -73.870790184175,840,Wednesday,37913,Professional & Other Places,-999,-999.0,Fog,315
8933,40.6729702096424 -73.87097394293029,1260,Wednesday,449,Shop & Service,-999,6.4,Clouds,315
8933,40.6729526302904 -73.8708533512665,360,Thursday,30364,Food,1,-999.0,Clear,315
8933,40.6728887410976 -73.8708878060352,1260,Saturday,8746,Shop & Service,-999,-999.0,Clear,315
8933,40.6729526302904 -73.8708533512665,360,Sunday,30364,Food,1,-999.0,Clouds,315
8933,40.6729559137599 -73.8708418663423,360,Sunday,31474,Food,1,-999.0,Clouds,315
8933,40.6727858765908 -73.870790184175,360,Sunday,18147,Shop & Service,-999,-999.0,Clouds,315
8933,40.6729559137599 -73.87083612387991,360,Sunday,38095,Food,1,-999.0,Clouds,315
8933,40.6729684719258 -73.8708418663423,360,Sunday,33839,Food,1,8.5,Clouds,315
8933,40.672874445225794 -73.8708188964918,780,Sunday,5146,Shop & Service,-999,-999.0,Clouds,315
8933,40.6729702096424 -73.87097394293029,1200,Sunday,449,Shop & Service,-999,6.4,Clear,315
8933,40.672955092893 -73.8708418663423,1200,Sunday,7253,Food,2,-999.0,Clear,315
8933,40.6741432715078 -73.8709624580131,1200,Sunday,29583,Outdoors & Recreation,-999,-999.0,Clear,315
8935,40.6729559137599 -73.8708418663423,420,Monday,31474,Food,1,-999.0,Clouds,315
8935,40.6729559137599 -73.8708418663423,660,Tuesday,31474,Food,1,-999.0,Clouds,315
8935,40.6729559137599 -73.8708418663423,720,Tuesday,31474,Food,1,-999.0,Clouds,315
8935,40.6729559137599 -73.8708418663423,780,Tuesday,31474,Food,1,-999.0,Clouds,315
8935,40.6729559137599 -73.8708418663423,1140,Tuesday,31474,Food,1,-999.0,Clouds,315
8935,40.6729526302904 -73.8708533512665,1140,Tuesday,30364,Food,1,-999.0,Clouds,315
8935,40.6729559137599 -73.87083612387991,1260,Tuesday,38095,Food,1,-999.0,Clouds,315
8935,40.67288482867461 -73.870790184175,1320,Tuesday,37913,Professional & Other Places,-999,-999.0,Clouds,315
8935,40.6729526302904 -73.8708533512665,420,Wednesday,30364,Food,1,-999.0,Clear,315
8935,40.6729526302904 -73.8708533512665,720,Wednesday,30364,Food,1,-999.0,Clear,315
8935,40.6729559137599 -73.87083612387991,1020,Saturday,38095,Food,1,-999.0,Clear,315
8935,40.6729559137599 -73.87083612387991,1200,Saturday,38095,Food,1,-999.0,Clear,315
8935,40.6729684719258 -73.8708418663423,1200,Saturday,33839,Food,1,8.5,Clear,315
8935,40.6729702096424 -73.87097394293029,1200,Saturday,449,Shop & Service,-999,6.4,Clear,315
8935,40.6753767066708 -73.8721065223217,1200,Saturday,27716,Travel & Transport,-999,-999.0,Clear,315
8935,40.6729684719258 -73.8708418663423,1320,Saturday,33839,Food,1,8.5,Clear,315
8938,40.6743728084649 -73.8709115982056,120,Monday,25762,Food,2,-999.0,Clear,315
8938,40.6739930343562 -73.87087057865159,120,Monday,13117,Outdoors & Recreation,-999,-999.0,Clear,315
8938,40.6729057874826 -73.8708131540288,120,Monday,20239,Outdoors & Recreation,-999,-999.0,Clear,315
8938,40.673996290877206 -73.8721970827602,120,Monday,25698,Shop & Service,-999,-999.0,Clear,315
8938,40.6740142807085 -73.8709624580131,120,Monday,12373,Outdoors & Recreation,-999,-999.0,Clear,315
8938,40.6729559137599 -73.8708418663423,360,Monday,31474,Food,1,-999.0,Clear,315
8938,40.6729559137599 -73.8708418663423,660,Monday,31474,Food,1,-999.0,Clear,315
8938,40.6729559137599 -73.8708418663423,840,Monday,31474,Food,1,-999.0,Clouds,315
8938,40.672955092893 -73.8708418663423,900,Monday,7253,Food,2,-999.0,Clouds,315
8938,40.672955092893 -73.8708418663423,900,Monday,7253,Food,2,-999.0,Clouds,315
8938,40.675020372611606 -73.8717893703308,960,Monday,4261,Travel & Transport,-999,-999.0,Clouds,315
8938,40.6729559137599 -73.8708418663423,960,Monday,31474,Food,1,-999.0,Clouds,315
8938,40.673996290877206 -73.8721970827602,960,Monday,25698,Shop & Service,-999,-999.0,Clouds,315
8938,40.6729559137599 -73.8708418663423,960,Monday,31474,Food,1,-999.0,Clouds,315
8938,40.6729559137599 -73.8708418663423,1080,Monday,31474,Food,1,-999.0,Clouds,315
8938,40.672955092893 -73.8708418663423,1080,Monday,7253,Food,2,-999.0,Clouds,315
8938,40.6727858765908 -73.870790184175,1080,Monday,18147,Shop & Service,-999,-999.0,Clouds,315
8938,40.6727858765908 -73.870790184175,1260,Monday,18147,Shop & Service,-999,-999.0,Clear,315
8938,40.6729559137599 -73.87083612387991,1260,Monday,38095,Food,1,-999.0,Clear,315
8938,40.6729535470957 -73.870893548496,1260,Monday,23655,Food,1,-999.0,Clear,315
8938,40.6727858765908 -73.870790184175,1380,Monday,18147,Shop & Service,-999,-999.0,Clear,315
8938,40.6728887410976 -73.8708878060352,1380,Monday,8746,Shop & Service,-999,-999.0,Clear,315
8938,40.6729057874826 -73.8708131540288,1380,Monday,20239,Outdoors & Recreation,-999,-999.0,Clear,315
8938,40.6729559137599 -73.8708418663423,360,Tuesday,31474,Food,1,-999.0,Clear,315
8938,40.672955092893 -73.8708418663423,360,Tuesday,7253,Food,2,-999.0,Clear,315
8938,40.6729526302904 -73.8708533512665,360,Tuesday,30364,Food,1,-999.0,Clear,315
8938,40.6727858765908 -73.870790184175,360,Tuesday,18147,Shop & Service,-999,-999.0,Clear,315
8938,40.67288482867461 -73.870790184175,360,Tuesday,37913,Professional & Other Places,-999,-999.0,Clear,315
8938,40.6729684719258 -73.8708418663423,780,Tuesday,33839,Food,1,8.5,Clear,315
8938,40.6729684719258 -73.8708418663423,960,Tuesday,33839,Food,1,8.5,Clear,315
8938,40.67288482867461 -73.870790184175,1200,Wednesday,37913,Professional & Other Places,-999,-999.0,Clear,315
8938,40.6728887410976 -73.8708878060352,1200,Wednesday,8746,Shop & Service,-999,-999.0,Clear,315
8938,40.6729535470957 -73.870893548496,1200,Wednesday,23655,Food,1,-999.0,Clear,315
8938,40.6729702096424 -73.87097394293029,1200,Wednesday,449,Shop & Service,-999,6.4,Clear,315
8938,40.6740142807085 -73.8708820635741,600,Friday,23689,Shop & Service,-999,-999.0,Rain,315
8938,40.6728887410976 -73.8708878060352,540,Sunday,8746,Shop & Service,-999,-999.0,Clear,315
8938,40.6729559137599 -73.8708418663423,540,Sunday,31474,Food,1,-999.0,Clear,315
8938,40.672955092893 -73.8708418663423,540,Sunday,7253,Food,2,-999.0,Clear,315
8938,40.6729526302904 -73.8708533512665,540,Sunday,30364,Food,1,-999.0,Clear,315
8938,40.6727858765908 -73.870790184175,540,Sunday,18147,Shop & Service,-999,-999.0,Clear,315
8938,40.672894583166 -73.8707672143185,540,Sunday,8115,Shop & Service,-999,-999.0,Clear,315
8939,40.672955092893 -73.8708418663423,480,Tuesday,7253,Food,2,-999.0,Clear,315
8939,40.6729559137599 -73.8708418663423,480,Tuesday,31474,Food,1,-999.0,Clear,315
8939,40.6729526302904 -73.8708533512665,480,Tuesday,30364,Food,1,-999.0,Clear,315
8939,40.6727858765908 -73.870790184175,480,Tuesday,18147,Shop & Service,-999,-999.0,Clear,315
8939,40.6729559137599 -73.87083612387991,480,Tuesday,38095,Food,1,-999.0,Clear,315
8939,40.6729559137599 -73.87083612387991,720,Tuesday,38095,Food,1,-999.0,Clouds,315
8939,40.67288482867461 -73.870790184175,720,Tuesday,37913,Professional & Other Places,-999,-999.0,Clouds,315
8939,40.6729684719258 -73.8708418663423,720,Tuesday,33839,Food,1,8.5,Clouds,315
8939,40.674148921541 -73.8708533512665,720,Tuesday,32531,Shop & Service,-999,-999.0,Clouds,315
8939,40.6729057874826 -73.8708131540288,1020,Thursday,20239,Outdoors & Recreation,-999,-999.0,Clear,315
8939,40.6749343017967 -73.87130987646,1020,Thursday,36555,Residence,-999,-999.0,Clear,315
8939,40.6739930343562 -73.87087057865159,1020,Thursday,13117,Outdoors & Recreation,-999,-999.0,Clear,315
8939,40.6729526302904 -73.8708533512665,900,Saturday,30364,Food,1,-999.0,Rain,315
8939,40.6727858765908 -73.870790184175,900,Saturday,18147,Shop & Service,-999,-999.0,Rain,315
8939,40.6729684719258 -73.8708418663423,900,Saturday,33839,Food,1,8.5,Rain,315
8939,40.6729057874826 -73.8708131540288,960,Saturday,20239,Outdoors & Recreation,-999,-999.0,Rain,315
8939,40.672894583166 -73.8707672143185,960,Saturday,8115,Shop & Service,-999,-999.0,Rain,315
8939,40.672955092893 -73.8708418663423,480,Sunday,7253,Food,2,-999.0,Clouds,315
8939,40.6729559137599 -73.8708418663423,480,Sunday,31474,Food,1,-999.0,Clouds,315
8939,40.6729750389026 -73.8707786992471,480,Sunday,18147,Shop & Service,-999,-999.0,Clouds,315
8939,40.6729559137599 -73.87083612387991,480,Sunday,38095,Food,1,-999.0,Clouds,315
8939,40.6729684719258 -73.8708418663423,480,Sunday,33839,Food,1,8.5,Clouds,315
8939,40.6729057874826 -73.8708131540288,480,Sunday,20239,Outdoors & Recreation,-999,-999.0,Clouds,315
8939,40.672874445225794 -73.8708188964918,480,Sunday,5146,Shop & Service,-999,-999.0,Clouds,315
8939,40.672874445225794 -73.8708188964918,540,Sunday,5146,Shop & Service,-999,-999.0,Clouds,315
8942,40.672955092893 -73.8708418663423,360,Tuesday,7253,Food,2,-999.0,Clear,315
8942,40.6729526302904 -73.8708533512665,360,Tuesday,30364,Food,1,-999.0,Clear,315
8942,40.6729559137599 -73.8708418663423,360,Tuesday,31474,Food,1,-999.0,Clear,315
8942,40.6729684719258 -73.8708418663423,720,Tuesday,33839,Food,1,8.5,Clouds,315
8942,40.672894583166 -73.8707672143185,1080,Tuesday,8115,Shop & Service,-999,-999.0,Clouds,315
8942,40.6740142807085 -73.8708820635741,1080,Tuesday,23689,Shop & Service,-999,-999.0,Clouds,315
8942,40.6739930343562 -73.87087057865159,1080,Tuesday,13117,Outdoors & Recreation,-999,-999.0,Clouds,315
8942,40.6740837757941 -73.87095097309529,1080,Tuesday,14482,Shop & Service,-999,-999.0,Clouds,315
8942,40.6729526302904 -73.8708533512665,780,Friday,30364,Food,1,-999.0,Clear,315
8942,40.6729559137599 -73.87083612387991,780,Friday,38095,Food,1,-999.0,Clear,315
8942,40.6729750389026 -73.8707786992471,780,Friday,18147,Shop & Service,-999,-999.0,Clear,315
8942,40.672955092893 -73.8708418663423,780,Friday,7253,Food,2,-999.0,Clear,315
8942,40.6728887410976 -73.8708878060352,900,Friday,8746,Shop & Service,-999,-999.0,Clouds,315
8942,40.6740142807085 -73.8708820635741,0,Saturday,23689,Shop & Service,-999,-999.0,Rain,315
8942,40.6729684719258 -73.8708418663423,0,Saturday,33839,Food,1,8.5,Rain,315
8942,40.6729526302904 -73.8708533512665,600,Saturday,30364,Food,1,-999.0,Clouds,315
8942,40.6729559137599 -73.87083612387991,600,Saturday,38095,Food,1,-999.0,Clouds,315
8942,40.6729702096424 -73.87097394293029,600,Saturday,449,Shop & Service,-999,6.4,Clouds,315
8942,40.6730682871437 -73.8721970827602,600,Saturday,25698,Shop & Service,-999,-999.0,Clouds,315
8942,40.6729559137599 -73.8708418663423,600,Sunday,31474,Food,1,-999.0,Clear,315
8942,40.6729526302904 -73.8708533512665,600,Sunday,30364,Food,1,-999.0,Clear,315
8942,40.6729559137599 -73.87083612387991,660,Sunday,38095,Food,1,-999.0,Clear,315
8942,40.672894583166 -73.8707672143185,660,Sunday,8115,Shop & Service,-999,-999.0,Clear,315
8942,40.674148921541 -73.8708533512665,660,Sunday,32531,Shop & Service,-999,-999.0,Clear,315
8947,40.6729526302904 -73.8708533512665,540,Monday,30364,Food,1,-999.0,Clear,315
8947,40.6729559137599 -73.87083612387991,540,Monday,38095,Food,1,-999.0,Clear,315
8947,40.6729057874826 -73.8708131540288,540,Monday,20239,Outdoors & Recreation,-999,-999.0,Clear,315
8947,40.6729057874826 -73.8708131540288,1080,Monday,20239,Outdoors & Recreation,-999,-999.0,Clear,315
8947,40.6728887410976 -73.8708878060352,1080,Monday,8746,Shop & Service,-999,-999.0,Clear,315
8947,40.672955092893 -73.8708418663423,1080,Monday,7253,Food,2,-999.0,Clear,315
8947,40.6729535470957 -73.870893548496,1080,Monday,23655,Food,1,-999.0,Clear,315
8947,40.6729825226668 -73.8707097896654,1080,Monday,25168,Shop & Service,-999,6.1,Clear,315
8947,40.6730682871437 -73.8721970827602,1080,Monday,25698,Shop & Service,-999,-999.0,Clear,315
8947,40.6728516527268 -73.87068107733259,1080,Monday,22972,Travel & Transport,-999,-999.0,Clear,315
8947,40.6729057874826 -73.8708131540288,300,Tuesday,20239,Outdoors & Recreation,-999,-999.0,Clear,315
8947,40.672955092893 -73.8708418663423,300,Tuesday,7253,Food,2,-999.0,Clear,315
8947,40.6729559137599 -73.8708418663423,300,Tuesday,31474,Food,1,-999.0,Clear,315
8947,40.6729526302904 -73.8708533512665,300,Tuesday,30364,Food,1,-999.0,Clear,315
8947,40.6729559137599 -73.87083612387991,300,Tuesday,38095,Food,1,-999.0,Clear,315
8947,40.6729750389026 -73.8707786992471,1380,Tuesday,18147,Shop & Service,-999,-999.0,Rain,315
8947,40.6729825226668 -73.8707097896654,1380,Tuesday,25168,Shop & Service,-999,6.1,Rain,315
8947,40.6730682871437 -73.8721970827602,1380,Tuesday,25698,Shop & Service,-999,-999.0,Rain,315
8947,40.6728887410976 -73.8708878060352,720,Wednesday,8746,Shop & Service,-999,-999.0,Clouds,315
8947,40.672955092893 -73.8708418663423,720,Wednesday,7253,Food,2,-999.0,Clouds,315
8947,40.6729526302904 -73.8708533512665,1020,Wednesday,30364,Food,1,-999.0,Clouds,315
8947,40.6729825226668 -73.8707097896654,600,Thursday,25168,Shop & Service,-999,6.1,Clouds,315
8947,40.6729559137599 -73.87083612387991,1320,Thursday,38095,Food,1,-999.0,Clouds,315
8947,40.6729559137599 -73.8708418663423,1320,Thursday,31474,Food,1,-999.0,Clouds,315
8947,40.6729750389026 -73.8707786992471,1320,Thursday,18147,Shop & Service,-999,-999.0,Clouds,315
8947,40.6729535470957 -73.870893548496,60,Friday,23655,Food,1,-999.0,Clouds,315
8947,40.67288482867461 -73.870790184175,60,Friday,37913,Professional & Other Places,-999,-999.0,Clouds,315
8947,40.6730682871437 -73.8721970827602,60,Friday,25698,Shop & Service,-999,-999.0,Clouds,315
8947,40.6729825226668 -73.8707097896654,60,Friday,25168,Shop & Service,-999,6.1,Clouds,315
8947,40.6729526302904 -73.8708533512665,1080,Friday,30364,Food,1,-999.0,Clouds,315
8947,40.6729750389026 -73.8707786992471,1380,Friday,18147,Shop & Service,-999,-999.0,Clouds,315
8947,40.6729559137599 -73.8708418663423,60,Saturday,31474,Food,1,-999.0,Clouds,315
8947,40.6729750389026 -73.8707786992471,120,Saturday,18147,Shop & Service,-999,-999.0,Clouds,315
8947,40.6729684719258 -73.8708418663423,120,Saturday,33839,Food,1,8.5,Clouds,315
8947,40.6729057874826 -73.8708131540288,120,Saturday,20239,Outdoors & Recreation,-999,-999.0,Clouds,315
8947,40.6728516527268 -73.87068107733259,120,Saturday,22972,Travel & Transport,-999,-999.0,Clouds,315
8947,40.6686060535742 -73.86195807621591,120,Saturday,33512,Arts & Entertainment,-999,6.3,Clouds,315
8947,40.6729825226668 -73.8707097896654,180,Saturday,25168,Shop & Service,-999,6.1,Clouds,315
8947,40.6728887410976 -73.8708878060352,180,Saturday,8746,Shop & Service,-999,-999.0,Clouds,315
8947,40.6729526302904 -73.8708533512665,480,Saturday,30364,Food,1,-999.0,Clouds,315
8947,40.6729750389026 -73.8707786992471,480,Saturday,18147,Shop & Service,-999,-999.0,Clouds,315
8947,40.6729684719258 -73.8708418663423,480,Saturday,33839,Food,1,8.5,Clouds,315
8947,40.7247057196214 -73.9851951599121,480,Saturday,9485,Professional & Other Places,-999,-999.0,Clouds,315
8947,40.6729535470957 -73.870893548496,60,Sunday,23655,Food,1,-999.0,Clear,315
8947,40.6729057874826 -73.8708131540288,540,Sunday,20239,Outdoors & Recreation,-999,-999.0,Clouds,315
8947,40.672955092893 -73.8708418663423,540,Sunday,7253,Food,2,-999.0,Clouds,315
8947,40.6729526302904 -73.8708533512665,540,Sunday,30364,Food,1,-999.0,Clouds,315
8947,40.6729750389026 -73.8707786992471,720,Sunday,18147,Shop & Service,-999,-999.0,Clouds,315
8947,40.6729559137599 -73.87083612387991,1260,Sunday,38095,Food,1,-999.0,Clouds,315
8947,40.6729825226668 -73.8707097896654,1260,Sunday,25168,Shop & Service,-999,6.1,Clouds,315
8947,40.6729526302904 -73.8708533512665,1260,Sunday,30364,Food,1,-999.0,Clouds,315
8950,40.672955092893 -73.8708418663423,540,Monday,7253,Food,2,-999.0,Clear,315
8950,40.6729559137599 -73.8708418663423,540,Monday,31474,Food,1,-999.0,Clear,315
8950,40.6729750389026 -73.8707786992471,540,Monday,18147,Shop & Service,-999,-999.0,Clear,315
8950,40.6729750389026 -73.8707786992471,900,Monday,18147,Shop & Service,-999,-999.0,Clouds,315
8950,40.6729684719258 -73.8708418663423,900,Monday,33839,Food,1,8.5,Clouds,315
8950,40.6729702096424 -73.87097394293029,900,Monday,449,Shop & Service,-999,6.4,Clouds,315
8950,40.675020372611606 -73.8717893703308,900,Monday,4261,Travel & Transport,-999,-999.0,Clouds,315
8950,40.6728887410976 -73.8708878060352,720,Tuesday,8746,Shop & Service,-999,-999.0,Clouds,315
8950,40.6729057874826 -73.8708131540288,720,Tuesday,20239,Outdoors & Recreation,-999,-999.0,Clouds,315
8950,40.6729526302904 -73.8708533512665,720,Tuesday,30364,Food,1,-999.0,Clouds,315
8950,40.6729559137599 -73.8708418663423,720,Tuesday,31474,Food,1,-999.0,Clouds,315
8950,40.672894583166 -73.8707672143185,1080,Thursday,8115,Shop & Service,-999,-999.0,Clear,315
8950,40.6740142807085 -73.8709624580131,1080,Thursday,12373,Outdoors & Recreation,-999,-999.0,Clear,315
8950,40.6743728084649 -73.8709115982056,1080,Thursday,25762,Food,2,-999.0,Clear,315
8950,40.6729559137599 -73.8708418663423,720,Friday,31474,Food,1,-999.0,Clear,315
8950,40.6729559137599 -73.87083612387991,720,Friday,38095,Food,1,-999.0,Clear,315
8950,40.6729684719258 -73.8708418663423,720,Friday,33839,Food,1,8.5,Clear,315
8950,40.6729535470957 -73.870893548496,720,Friday,23655,Food,1,-999.0,Clear,315
8950,40.6729702096424 -73.87097394293029,0,Saturday,449,Shop & Service,-999,6.4,Clear,315
8950,40.6728887410976 -73.8708878060352,420,Saturday,8746,Shop & Service,-999,-999.0,Clear,315
8950,40.6729559137599 -73.8708418663423,420,Saturday,31474,Food,1,-999.0,Clear,315
8950,40.6729559137599 -73.87083612387991,420,Saturday,38095,Food,1,-999.0,Clear,315
8950,40.6729559137599 -73.87083612387991,900,Saturday,38095,Food,1,-999.0,Clear,315
8950,40.6729750389026 -73.8707786992471,900,Saturday,18147,Shop & Service,-999,-999.0,Clear,315
8950,40.6729825226668 -73.87099117030479,900,Saturday,25698,Shop & Service,-999,-999.0,Clear,315
8950,40.6728887410976 -73.8708878060352,600,Sunday,8746,Shop & Service,-999,-999.0,Clear,315
8950,40.6729057874826 -73.8708131540288,600,Sunday,20239,Outdoors & Recreation,-999,-999.0,Clear,315
8950,40.6729559137599 -73.8708418663423,600,Sunday,31474,Food,1,-999.0,Clear,315
8951,40.6729559137599 -73.87083612387991,1380,Monday,38095,Food,1,-999.0,Clouds,315
8951,40.6729825226668 -73.8707097896654,1380,Monday,25168,Shop & Service,-999,6.1,Clouds,315
8951,40.6729702096424 -73.87097394293029,1380,Monday,449,Shop & Service,-999,6.4,Clouds,315
8951,40.672940676249794 -73.8716411590576,1380,Monday,31131,Residence,-999,-999.0,Clouds,315
8951,40.6729535470957 -73.870893548496,1380,Monday,23655,Food,1,-999.0,Clouds,315
8951,40.675020372611606 -73.8717893703308,1380,Monday,4261,Travel & Transport,-999,-999.0,Clouds,315
8951,40.6729057874826 -73.8708131540288,360,Tuesday,20239,Outdoors & Recreation,-999,-999.0,Clear,315
8951,40.6729526302904 -73.8708533512665,360,Tuesday,30364,Food,1,-999.0,Clear,315
8951,40.6729559137599 -73.8708418663423,360,Tuesday,31474,Food,1,-999.0,Clear,315
8951,40.672955092893 -73.8708418663423,360,Tuesday,7253,Food,2,-999.0,Clear,315
8951,40.6729750389026 -73.8707786992471,360,Tuesday,18147,Shop & Service,-999,-999.0,Clear,315
8951,40.6729559137599 -73.87083612387991,360,Tuesday,38095,Food,1,-999.0,Clear,315
8951,40.6729684719258 -73.8708418663423,480,Tuesday,33839,Food,1,8.5,Clear,315
8951,40.7247057196214 -73.9851951599121,480,Tuesday,9485,Professional & Other Places,-999,-999.0,Clear,315
8951,40.6729702096424 -73.87097394293029,540,Tuesday,449,Shop & Service,-999,6.4,Clear,315
8951,40.6729825226668 -73.8707097896654,540,Tuesday,25168,Shop & Service,-999,6.1,Clear,315
8951,40.6749343017967 -73.87130987646,600,Tuesday,36555,Residence,-999,-999.0,Clear,315
8951,40.6740142807085 -73.8708820635741,600,Tuesday,23689,Shop & Service,-999,-999.0,Clear,315
8951,40.6729057874826 -73.8708131540288,300,Wednesday,20239,Outdoors & Recreation,-999,-999.0,Clear,315
8951,40.672955092893 -73.8708418663423,300,Wednesday,7253,Food,2,-999.0,Clear,315
8951,40.6729526302904 -73.8708533512665,300,Wednesday,30364,Food,1,-999.0,Clear,315
8951,40.6729559137599 -73.8708418663423,300,Wednesday,31474,Food,1,-999.0,Clear,315
8951,40.6729559137599 -73.87083612387991,300,Wednesday,38095,Food,1,-999.0,Clear,315
8951,40.6729684719258 -73.8708418663423,300,Wednesday,33839,Food,1,8.5,Clear,315
8951,40.6729750389026 -73.8707786992471,300,Wednesday,18147,Shop & Service,-999,-999.0,Clear,315
8951,40.6728887410976 -73.8708878060352,300,Wednesday,8746,Shop & Service,-999,-999.0,Clear,315
8951,40.6729825226668 -73.8707097896654,1380,Wednesday,25168,Shop & Service,-999,6.1,Clear,315
8951,40.6729535470957 -73.870893548496,1380,Wednesday,23655,Food,1,-999.0,Clear,315
8951,40.6729702096424 -73.87097394293029,1380,Wednesday,449,Shop & Service,-999,6.4,Clear,315
8951,40.675020372611606 -73.8717893703308,1380,Wednesday,4261,Travel & Transport,-999,-999.0,Clear,315
8951,40.675020372611606 -73.8717893703308,60,Thursday,4261,Travel & Transport,-999,-999.0,Clear,315
8951,40.6728887410976 -73.8708878060352,420,Thursday,8746,Shop & Service,-999,-999.0,Clear,315
8951,40.6729526302904 -73.8708533512665,420,Thursday,30364,Food,1,-999.0,Clear,315
8951,40.6729684719258 -73.8708418663423,600,Thursday,33839,Food,1,8.5,Clear,315
8951,40.6743728084649 -73.8709115982056,660,Thursday,25762,Food,2,-999.0,Clear,315
8951,40.6729559137599 -73.87083612387991,780,Thursday,38095,Food,1,-999.0,Clear,315
8951,40.672894583166 -73.8707672143185,900,Thursday,8115,Shop & Service,-999,-999.0,Clear,315
8951,40.672894583166 -73.8707672143185,180,Friday,8115,Shop & Service,-999,-999.0,Clear,315
8951,40.6728887410976 -73.8708878060352,600,Friday,8746,Shop & Service,-999,-999.0,Clear,315
8951,40.672955092893 -73.8708418663423,660,Friday,7253,Food,2,-999.0,Clear,315
8951,40.6729684719258 -73.8708418663423,720,Friday,33839,Food,1,8.5,Clear,315
8951,40.6729559137599 -73.87083612387991,720,Friday,38095,Food,1,-999.0,Clear,315
8951,40.7247057196214 -73.9851951599121,720,Friday,9485,Professional & Other Places,-999,-999.0,Clear,315
8951,40.6729825226668 -73.8707097896654,1020,Friday,25168,Shop & Service,-999,6.1,Clear,315
8951,40.6729825226668 -73.87099117030479,1020,Friday,25698,Shop & Service,-999,-999.0,Clear,315
8951,40.6729057874826 -73.8708131540288,660,Saturday,20239,Outdoors & Recreation,-999,-999.0,Clouds,315
8951,40.6729526302904 -73.8708533512665,660,Saturday,30364,Food,1,-999.0,Clouds,315
8951,40.6729559137599 -73.8708418663423,660,Saturday,31474,Food,1,-999.0,Clouds,315
8951,40.6729559137599 -73.87083612387991,660,Saturday,38095,Food,1,-999.0,Clouds,315
8951,40.672955092893 -73.8708418663423,660,Saturday,7253,Food,2,-999.0,Clouds,315
8951,40.6729535470957 -73.870893548496,60,Sunday,23655,Food,1,-999.0,Clouds,315
8951,40.6729825226668 -73.8707097896654,60,Sunday,25168,Shop & Service,-999,6.1,Clouds,315
8951,40.6729825226668 -73.87099117030479,60,Sunday,25698,Shop & Service,-999,-999.0,Clouds,315
8951,40.6729825226668 -73.8707097896654,120,Sunday,25168,Shop & Service,-999,6.1,Clouds,315
8951,40.672894583166 -73.8707672143185,120,Sunday,8115,Shop & Service,-999,-999.0,Clouds,315
8951,40.672940676249794 -73.8716411590576,120,Sunday,31131,Residence,-999,-999.0,Clouds,315
8951,40.6740142807085 -73.8709624580131,120,Sunday,12373,Outdoors & Recreation,-999,-999.0,Clouds,315
8951,40.674148921541 -73.8708533512665,120,Sunday,32531,Shop & Service,-999,-999.0,Clouds,315
8951,40.6743728084649 -73.8709115982056,120,Sunday,25762,Food,2,-999.0,Clouds,315
8951,40.6729702096424 -73.87097394293029,120,Sunday,449,Shop & Service,-999,6.4,Clouds,315
8951,40.6709204456467 -73.87549320564558,120,Sunday,23486,Shop & Service,-999,-999.0,Clouds,315
8951,40.6753767066708 -73.8721065223217,120,Sunday,27716,Travel & Transport,-999,-999.0,Clouds,315
8951,40.672955092893 -73.8708418663423,540,Sunday,7253,Food,2,-999.0,Clouds,315
8951,40.6729559137599 -73.8708418663423,540,Sunday,31474,Food,1,-999.0,Clouds,315
8951,40.6729559137599 -73.87083612387991,540,Sunday,38095,Food,1,-999.0,Clouds,315
8951,40.672894583166 -73.8707672143185,900,Sunday,8115,Shop & Service,-999,-999.0,Clouds,315
8951,40.6729750389026 -73.8707786992471,900,Sunday,18147,Shop & Service,-999,-999.0,Clouds,315
8951,40.6730639874581 -73.8737590154932,1380,Sunday,33402,Food,2,-999.0,Clouds,315
8951,40.67288482867461 -73.870790184175,1380,Sunday,37913,Professional & Other Places,-999,-999.0,Clouds,315
8951,40.6729702096424 -73.87097394293029,1380,Sunday,449,Shop & Service,-999,6.4,Clouds,315
8951,40.6729750389026 -73.8707786992471,1380,Sunday,18147,Shop & Service,-999,-999.0,Clouds,315
8952,40.6729057874826 -73.8708131540288,720,Monday,20239,Outdoors & Recreation,-999,-999.0,Clear,315
8952,40.6729559137599 -73.8708418663423,720,Monday,31474,Food,1,-999.0,Clear,315
8952,40.6729559137599 -73.87083612387991,840,Monday,38095,Food,1,-999.0,Clear,315
8952,40.6729684719258 -73.8708418663423,840,Monday,33839,Food,1,8.5,Clear,315
8952,40.6729750389026 -73.8707786992471,840,Monday,18147,Shop & Service,-999,-999.0,Clear,315
8952,40.6729825226668 -73.87099117030479,840,Monday,25698,Shop & Service,-999,-999.0,Clear,315
8952,40.6729702096424 -73.87097394293029,840,Monday,449,Shop & Service,-999,6.4,Clear,315
8952,40.6729535470957 -73.870893548496,840,Monday,23655,Food,1,-999.0,Clear,315
8952,40.6729825226668 -73.8707097896654,840,Monday,25168,Shop & Service,-999,6.1,Clear,315
8952,40.6730639874581 -73.8737590154932,840,Monday,33402,Food,2,-999.0,Clear,315
8952,40.6730639874581 -73.8737590154932,1080,Monday,33402,Food,2,-999.0,Clear,315
8952,40.672894583166 -73.8707672143185,1080,Monday,8115,Shop & Service,-999,-999.0,Clear,315
8952,40.6743728084649 -73.8709115982056,1080,Monday,25762,Food,2,-999.0,Clear,315
8952,40.6728887410976 -73.8708878060352,1080,Monday,8746,Shop & Service,-999,-999.0,Clear,315
8952,40.672874445225794 -73.8708188964918,1080,Monday,5146,Shop & Service,-999,-999.0,Clear,315
8952,40.6729526302904 -73.8708533512665,300,Tuesday,30364,Food,1,-999.0,Clouds,315
8952,40.6729526302904 -73.8708533512665,600,Tuesday,30364,Food,1,-999.0,Rain,315
8952,40.672955092893 -73.8708418663423,840,Tuesday,7253,Food,2,-999.0,Snow,315
8952,40.6729559137599 -73.8708418663423,840,Tuesday,31474,Food,1,-999.0,Snow,315
8952,40.6729559137599 -73.87083612387991,840,Tuesday,38095,Food,1,-999.0,Snow,315
8952,40.6729684719258 -73.8708418663423,960,Wednesday,33839,Food,1,8.5,Clouds,315
8952,40.6729750389026 -73.8707786992471,960,Wednesday,18147,Shop & Service,-999,-999.0,Clouds,315
8952,40.6729880768539 -73.8708418663423,1260,Wednesday,24889,Shop & Service,-999,-999.0,Clear,315
8952,40.6728887410976 -73.8708878060352,1260,Wednesday,8746,Shop & Service,-999,-999.0,Clear,315
8952,40.6709204456467 -73.87549320564558,1260,Wednesday,23486,Shop & Service,-999,-999.0,Clear,315
8952,40.6826053464668 -73.8823609073275,1260,Wednesday,8703,Professional & Other Places,-999,-999.0,Clear,315
8952,40.6731 -73.870697,1260,Wednesday,21689,Shop & Service,-999,-999.0,Clear,315
8952,40.6729684719258 -73.8708418663423,1140,Friday,33839,Food,1,8.5,Clouds,315
8952,40.6728887410976 -73.8708878060352,1140,Friday,8746,Shop & Service,-999,-999.0,Clouds,315
8952,40.6729825226668 -73.87099117030479,1140,Friday,25698,Shop & Service,-999,-999.0,Clouds,315
8952,40.6729750389026 -73.8707786992471,1140,Friday,18147,Shop & Service,-999,-999.0,Clouds,315
8952,40.674148921541 -73.8708533512665,1140,Friday,32531,Shop & Service,-999,-999.0,Clouds,315
8952,40.6740142807085 -73.8708820635741,1140,Friday,23689,Shop & Service,-999,-999.0,Clouds,315
8952,40.6729535470957 -73.870893548496,1140,Friday,23655,Food,1,-999.0,Clouds,315
8952,40.672955092893 -73.8708418663423,480,Saturday,7253,Food,2,-999.0,Clouds,315
8952,40.6729559137599 -73.8708418663423,480,Saturday,31474,Food,1,-999.0,Clouds,315
8952,40.6729750389026 -73.8707786992471,540,Saturday,18147,Shop & Service,-999,-999.0,Clouds,315
8952,40.672894583166 -73.8707672143185,540,Saturday,8115,Shop & Service,-999,-999.0,Clouds,315
8952,40.6729750389026 -73.8707786992471,60,Sunday,18147,Shop & Service,-999,-999.0,Clouds,315
8952,40.6731 -73.870697,60,Sunday,21689,Shop & Service,-999,-999.0,Clouds,315
8952,40.6729535470957 -73.870893548496,60,Sunday,23655,Food,1,-999.0,Clouds,315
8952,40.6729702096424 -73.87097394293029,60,Sunday,449,Shop & Service,-999,6.4,Clouds,315
8952,40.6729825226668 -73.87099117030479,60,Sunday,25698,Shop & Service,-999,-999.0,Clouds,315
8952,40.6729825226668 -73.8707097896654,60,Sunday,25168,Shop & Service,-999,6.1,Clouds,315
8952,40.6709204456467 -73.87549320564558,60,Sunday,23486,Shop & Service,-999,-999.0,Clouds,315
8952,40.6729057874826 -73.8708131540288,600,Sunday,20239,Outdoors & Recreation,-999,-999.0,Clouds,315
8952,40.6729559137599 -73.8708418663423,600,Sunday,31474,Food,1,-999.0,Clouds,315
8952,40.672894583166 -73.8707672143185,780,Sunday,8115,Shop & Service,-999,-999.0,Fog,315
8952,40.6728887410976 -73.8708878060352,780,Sunday,8746,Shop & Service,-999,-999.0,Fog,315
8952,40.6731 -73.870697,780,Sunday,21689,Shop & Service,-999,-999.0,Fog,315
8952,40.6729750389026 -73.8707786992471,780,Sunday,18147,Shop & Service,-999,-999.0,Fog,315
8952,40.6729825226668 -73.8707097896654,1080,Sunday,25168,Shop & Service,-999,6.1,Clear,315
8952,40.6743728084649 -73.8709115982056,1080,Sunday,25762,Food,2,-999.0,Clear,315
8952,40.674148921541 -73.8708533512665,1080,Sunday,32531,Shop & Service,-999,-999.0,Clear,315
8953,40.6729057874826 -73.8708131540288,300,Monday,20239,Outdoors & Recreation,-999,-999.0,Clouds,315
8953,40.672955092893 -73.8708418663423,300,Monday,7253,Food,2,-999.0,Clouds,315
8953,40.6729559137599 -73.8708418663423,300,Monday,31474,Food,1,-999.0,Fog,315
8953,40.6729526302904 -73.8708533512665,300,Monday,30364,Food,1,-999.0,Fog,315
8953,40.6729559137599 -73.87083612387991,300,Monday,38095,Food,1,-999.0,Fog,315
8953,40.672894583166 -73.8707672143185,1200,Monday,8115,Shop & Service,-999,-999.0,Clear,315
8953,40.6729750389026 -73.8707786992471,1200,Monday,18147,Shop & Service,-999,-999.0,Clear,315
8953,40.672940676249794 -73.8716411590576,1200,Monday,31131,Residence,-999,-999.0,Clear,315
8953,40.6730639874581 -73.8737590154932,1260,Monday,33402,Food,2,-999.0,Clear,315
8953,40.6709204456467 -73.87549320564558,1260,Monday,23486,Shop & Service,-999,-999.0,Clear,315
8953,40.6729825226668 -73.8707097896654,1260,Monday,25168,Shop & Service,-999,6.1,Clear,315
8953,40.674148921541 -73.8708533512665,1260,Monday,32531,Shop & Service,-999,-999.0,Clear,315
8953,40.6729526302904 -73.8708533512665,660,Tuesday,30364,Food,1,-999.0,Clouds,315
8953,40.672955092893 -73.8708418663423,660,Tuesday,7253,Food,2,-999.0,Clouds,315
8953,40.6729684719258 -73.8708418663423,1140,Tuesday,33839,Food,1,8.5,Clear,315
8953,40.6728887410976 -73.8708878060352,1140,Tuesday,8746,Shop & Service,-999,-999.0,Clear,315
8953,40.6729750389026 -73.8707786992471,1140,Tuesday,18147,Shop & Service,-999,-999.0,Clear,315
8953,40.6729825226668 -73.87099117030479,1140,Tuesday,25698,Shop & Service,-999,-999.0,Clear,315
8953,40.6729825226668 -73.8707097896654,1140,Tuesday,25168,Shop & Service,-999,6.1,Clear,315
8953,40.6729825226668 -73.8707097896654,1320,Tuesday,25168,Shop & Service,-999,6.1,Clear,315
8953,40.674148921541 -73.8708533512665,1380,Tuesday,32531,Shop & Service,-999,-999.0,Clear,315
8953,40.6709204456467 -73.87549320564558,0,Wednesday,23486,Shop & Service,-999,-999.0,Clouds,315
8953,40.675020372611606 -73.8717893703308,0,Wednesday,4261,Travel & Transport,-999,-999.0,Clouds,315
8953,40.6729559137599 -73.8708418663423,420,Wednesday,31474,Food,1,-999.0,Clouds,315
8953,40.672955092893 -73.8708418663423,420,Wednesday,7253,Food,2,-999.0,Clouds,315
8953,40.6729559137599 -73.87083612387991,420,Wednesday,38095,Food,1,-999.0,Clouds,315
8953,40.6729684719258 -73.8708418663423,420,Wednesday,33839,Food,1,8.5,Clouds,315
8953,40.6709204456467 -73.87549320564558,480,Wednesday,23486,Shop & Service,-999,-999.0,Clouds,315
8953,40.6731 -73.870697,480,Wednesday,21689,Shop & Service,-999,-999.0,Clouds,315
8953,40.6749343017967 -73.87130987646,1260,Wednesday,36555,Residence,-999,-999.0,Clear,315
8953,40.6729880768539 -73.8708418663423,1260,Wednesday,24889,Shop & Service,-999,-999.0,Clear,315
8953,40.6731 -73.870697,1260,Wednesday,21689,Shop & Service,-999,-999.0,Clear,315
8953,40.672874445225794 -73.8708188964918,1260,Wednesday,5146,Shop & Service,-999,-999.0,Clear,315
8953,40.6729526302904 -73.8708533512665,60,Thursday,30364,Food,1,-999.0,Clear,315
8953,40.6729526302904 -73.8708533512665,360,Thursday,30364,Food,1,-999.0,Clear,315
8953,40.672955092893 -73.8708418663423,360,Thursday,7253,Food,2,-999.0,Clear,315
8953,40.6729559137599 -73.8708418663423,360,Thursday,31474,Food,1,-999.0,Clear,315
8953,40.6738976344246 -73.8707557293892,1200,Thursday,18147,Shop & Service,-999,-999.0,Clear,315
8953,40.6749343017967 -73.87130987646,1200,Thursday,36555,Residence,-999,-999.0,Clear,315
8953,40.6728887410976 -73.8708878060352,1260,Thursday,8746,Shop & Service,-999,-999.0,Clear,315
8953,40.6729825226668 -73.8707097896654,1260,Thursday,25168,Shop & Service,-999,6.1,Clear,315
8953,40.6729702096424 -73.87097394293029,1260,Thursday,449,Shop & Service,-999,6.4,Clear,315
8953,40.6740142807085 -73.8708820635741,1260,Thursday,23689,Shop & Service,-999,-999.0,Clear,315
8953,40.6730639874581 -73.8737590154932,1380,Thursday,33402,Food,2,-999.0,Clear,315
8953,40.6729535470957 -73.870893548496,1380,Thursday,23655,Food,1,-999.0,Clear,315
8953,40.6729559137599 -73.87083612387991,1380,Thursday,38095,Food,1,-999.0,Clear,315
8953,40.6728516527268 -73.87068107733259,1380,Thursday,22972,Travel & Transport,-999,-999.0,Clear,315
8953,40.6729559137599 -73.87083612387991,660,Friday,38095,Food,1,-999.0,Clouds,315
8953,40.6728887410976 -73.8708878060352,660,Friday,8746,Shop & Service,-999,-999.0,Clouds,315
8953,40.672955092893 -73.8708418663423,660,Friday,7253,Food,2,-999.0,Clouds,315
8953,40.6729535470957 -73.870893548496,1080,Friday,23655,Food,1,-999.0,Clouds,315
8953,40.6729825226668 -73.8707097896654,1080,Friday,25168,Shop & Service,-999,6.1,Clouds,315
8953,40.674148921541 -73.8708533512665,1380,Friday,32531,Shop & Service,-999,-999.0,Clouds,315
8953,40.672940676249794 -73.8716411590576,1380,Friday,31131,Residence,-999,-999.0,Clouds,315
8953,40.6741432715078 -73.8709624580131,1380,Friday,29583,Outdoors & Recreation,-999,-999.0,Clouds,315
8953,40.6740142807085 -73.8708820635741,1380,Friday,23689,Shop & Service,-999,-999.0,Clouds,315
8953,40.672955092893 -73.8708418663423,420,Saturday,7253,Food,2,-999.0,Clouds,315
8953,40.6729559137599 -73.8708418663423,420,Saturday,31474,Food,1,-999.0,Clouds,315
8953,40.6729559137599 -73.87083612387991,420,Saturday,38095,Food,1,-999.0,Clouds,315
8953,40.6728887410976 -73.8708878060352,900,Saturday,8746,Shop & Service,-999,-999.0,Clouds,315
8953,40.6729825226668 -73.87099117030479,1320,Saturday,25698,Shop & Service,-999,-999.0,Clouds,315
8953,40.6729825226668 -73.8707097896654,1320,Saturday,25168,Shop & Service,-999,6.1,Clouds,315
8953,40.6730639874581 -73.8737590154932,1320,Saturday,33402,Food,2,-999.0,Clouds,315
8953,40.6709204456467 -73.87549320564558,1320,Saturday,23486,Shop & Service,-999,-999.0,Clouds,315
8953,40.6728887410976 -73.8708878060352,1320,Saturday,8746,Shop & Service,-999,-999.0,Clouds,315
8953,40.672940676249794 -73.8716411590576,60,Sunday,31131,Residence,-999,-999.0,Rain,315
8953,40.67288482867461 -73.870790184175,60,Sunday,37913,Professional & Other Places,-999,-999.0,Rain,315
8953,40.675020372611606 -73.8717893703308,60,Sunday,4261,Travel & Transport,-999,-999.0,Rain,315
8953,40.6729057874826 -73.8708131540288,480,Sunday,20239,Outdoors & Recreation,-999,-999.0,Clouds,315
8953,40.6729526302904 -73.8708533512665,480,Sunday,30364,Food,1,-999.0,Clouds,315
8953,40.6729559137599 -73.87083612387991,480,Sunday,38095,Food,1,-999.0,Clouds,315
8953,40.6729535470957 -73.870893548496,480,Sunday,23655,Food,1,-999.0,Clouds,315
8953,40.6729684719258 -73.8708418663423,480,Sunday,33839,Food,1,8.5,Clouds,315
8953,40.6729684719258 -73.8708418663423,720,Sunday,33839,Food,1,8.5,Clouds,315
8953,40.6731 -73.870697,720,Sunday,21689,Shop & Service,-999,-999.0,Clouds,315
8953,40.6729535470957 -73.870893548496,1140,Sunday,23655,Food,1,-999.0,Clouds,315
8953,40.6729825226668 -73.8707097896654,1140,Sunday,25168,Shop & Service,-999,6.1,Clouds,315
8953,40.6738976344246 -73.8707557293892,1320,Sunday,18147,Shop & Service,-999,-999.0,Rain,315
8953,40.6709204456467 -73.87549320564558,1320,Sunday,23486,Shop & Service,-999,-999.0,Rain,315
8962,40.6729684719258 -73.8708418663423,300,Monday,33839,Food,1,8.5,Clear,315
8962,40.6729057874826 -73.8708131540288,300,Monday,20239,Outdoors & Recreation,-999,-999.0,Clear,315
8962,40.6729381954328 -73.8707499869243,300,Monday,18147,Shop & Service,-999,-999.0,Clear,315
8962,40.6743728084649 -73.8709115982056,300,Monday,25762,Food,2,-999.0,Clear,315
8962,40.6729918933251 -73.87057771289959,300,Monday,31853,Shop & Service,-999,-999.0,Clear,315
8962,40.674148921541 -73.8708533512665,1140,Monday,32531,Shop & Service,-999,-999.0,Clear,315
8962,40.6729702096424 -73.87097394293029,1140,Monday,449,Shop & Service,-999,6.4,Clear,315
8962,40.6729535470957 -73.870893548496,1140,Monday,23655,Food,1,-999.0,Clear,315
8962,40.6729684719258 -73.8708418663423,720,Tuesday,33839,Food,1,8.5,Fog,315
8962,40.6729535470957 -73.870893548496,960,Tuesday,23655,Food,1,-999.0,Fog,315
8962,40.67288482867461 -73.870790184175,960,Tuesday,37913,Professional & Other Places,-999,-999.0,Fog,315
8962,40.6729684719258 -73.8708418663423,300,Wednesday,33839,Food,1,8.5,Clouds,315
8962,40.6729526302904 -73.8708533512665,300,Wednesday,30364,Food,1,-999.0,Clouds,315
8962,40.6729559137599 -73.87083612387991,300,Wednesday,38095,Food,1,-999.0,Clouds,315
8962,40.6729057874826 -73.8708131540288,300,Wednesday,20239,Outdoors & Recreation,-999,-999.0,Clouds,315
8962,40.6729057874826 -73.8708131540288,480,Wednesday,20239,Outdoors & Recreation,-999,-999.0,Fog,315
8962,40.6729381954328 -73.8707499869243,780,Wednesday,18147,Shop & Service,-999,-999.0,Clouds,315
8962,40.672955092893 -73.8708418663423,780,Wednesday,7253,Food,2,-999.0,Clouds,315
8962,40.6729526302904 -73.8708533512665,360,Thursday,30364,Food,1,-999.0,Clear,315
8962,40.6729684719258 -73.8708418663423,360,Thursday,33839,Food,1,8.5,Clear,315
8962,40.672955092893 -73.8708418663423,360,Thursday,7253,Food,2,-999.0,Clear,315
8962,40.6729381954328 -73.8707499869243,360,Thursday,18147,Shop & Service,-999,-999.0,Clear,315
8962,40.7578308798308 -73.98202440761021,660,Thursday,16358,Professional & Other Places,-999,-999.0,Clear,315
8962,40.6729559137599 -73.87083612387991,360,Friday,38095,Food,1,-999.0,Clouds,315
8962,40.6729526302904 -73.8708533512665,360,Friday,30364,Food,1,-999.0,Clouds,315
8962,40.672955092893 -73.8708418663423,360,Friday,7253,Food,2,-999.0,Clouds,315
8962,40.6729381954328 -73.8707499869243,360,Friday,18147,Shop & Service,-999,-999.0,Clouds,315
8962,40.6729559137599 -73.87083612387991,1380,Sunday,38095,Food,1,-999.0,Clear,315
