tid,lat_lon,date_time,day,poi,category,price,rating,weather,label
10021,40.6843073787307 -73.97759780287741,1020,Tuesday,10758,Travel & Transport,-999,-999.0,Clear,354
10021,40.712508279903 -74.00766134262079,1020,Tuesday,18320,Travel & Transport,-999,-999.0,Clear,354
10021,40.715593139489705 -74.0062536753603,1020,Tuesday,36262,Shop & Service,-999,5.7,Clear,354
10021,40.7126587286049 -74.005880355835,1020,Tuesday,20846,Professional & Other Places,-999,-999.0,Clear,354
10021,40.7091983224544 -74.0111857652664,1080,Tuesday,10481,Outdoors & Recreation,-999,8.1,Clear,354
10021,40.7103775644912 -74.0075540542603,1140,Tuesday,15673,Travel & Transport,-999,-999.0,Clear,354
10021,40.7135654797986 -73.9723634719849,1140,Tuesday,21440,Outdoors & Recreation,-999,-999.0,Clear,354
10021,40.7084114717555 -73.95790636539459,1140,Tuesday,7302,Travel & Transport,-999,-999.0,Clear,354
10021,40.7107667 -73.95655,1140,Tuesday,21535,Residence,-999,-999.0,Clear,354
10021,40.7068153765355 -73.95348072052,1140,Tuesday,1137,Travel & Transport,-999,-999.0,Clear,354
10021,40.705414144111 -73.9493829518952,1200,Tuesday,37758,Travel & Transport,-999,-999.0,Clear,354
10021,40.706008742379 -73.95002584730791,1200,Tuesday,13627,Food,1,7.5,Clear,354
10021,40.707172 -73.95377039909359,1200,Tuesday,24547,Food,1,5.6,Clear,354
10021,40.7070669423048 -73.95194304057542,1320,Tuesday,16881,Shop & Service,-999,-999.0,Clouds,354
10021,40.70701805107021 -73.9501865708271,1320,Tuesday,28621,Shop & Service,-999,5.5,Clouds,354
10021,40.7107667 -73.95655,1320,Tuesday,21535,Residence,-999,-999.0,Clouds,354
10021,40.7095642963559 -73.7980628013611,1320,Tuesday,13384,Shop & Service,-999,-999.0,Clouds,354
10021,40.7095642963559 -73.7980628013611,360,Wednesday,13384,Shop & Service,-999,-999.0,Clouds,354
10021,40.7110712116457 -74.0096794993046,480,Wednesday,36040,Travel & Transport,-999,-999.0,Clear,354
10021,40.7103775644912 -74.0075540542603,480,Wednesday,15673,Travel & Transport,-999,-999.0,Clear,354
10021,40.711707842454096 -74.01110260410401,480,Wednesday,24797,Travel & Transport,-999,-999.0,Clear,354
10021,40.7087510182879 -74.009495973587,480,Wednesday,13110,Arts & Entertainment,-999,-999.0,Clear,354
10021,40.7095383264416 -74.0147980364314,480,Wednesday,29489,Travel & Transport,-999,7.7,Clear,354
10021,40.7091983224544 -74.0111857652664,480,Wednesday,10481,Outdoors & Recreation,-999,8.1,Clear,354
10021,40.7133335138603 -74.0160604348196,480,Wednesday,24113,Outdoors & Recreation,-999,9.3,Clear,354
10021,40.710978428139 -74.0149988730968,480,Wednesday,4949,Professional & Other Places,-999,-999.0,Clear,354
10021,40.7127362536736 -74.0150275640318,480,Wednesday,10712,Professional & Other Places,-999,-999.0,Clear,354
10021,40.7140045779237 -74.0137135147893,480,Wednesday,12790,Shop & Service,-999,9.2,Clear,354
10021,40.7133939373719 -74.0155669528068,480,Wednesday,9127,Professional & Other Places,-999,-999.0,Clear,354
10021,40.715297624882005 -74.0147852897644,480,Wednesday,13805,Food,2,9.1,Clear,354
10021,40.7137059903455 -74.0142012633797,600,Wednesday,17275,Professional & Other Places,-999,-999.0,Clear,354
10021,40.7154236712394 -74.0158635377884,600,Wednesday,30758,Professional & Other Places,-999,-999.0,Clear,354
10021,40.7151768423896 -74.0139602583495,840,Wednesday,15144,Professional & Other Places,-999,-999.0,Clear,354
10021,40.7132778228945 -74.0159055045576,840,Wednesday,1152,Food,1,-999.0,Clear,354
10021,40.7111094973206 -74.0050435066223,840,Wednesday,16454,College & University,-999,-999.0,Clear,354
10021,40.7130694111687 -74.0044105052948,840,Wednesday,19232,Travel & Transport,-999,-999.0,Clear,354
10021,40.7186072791304 -73.9881134033203,840,Wednesday,18377,Travel & Transport,-999,-999.0,Clear,354
10021,40.7188268326834 -73.9882099628448,840,Wednesday,20034,Food,1,4.9,Clear,354
10021,40.7188936721704 -73.98914659196059,840,Wednesday,623,Shop & Service,-999,5.2,Clear,354
10021,40.718928 -73.9894545078278,840,Wednesday,1751,Professional & Other Places,-999,-999.0,Clear,354
10021,40.7095642963559 -73.7980628013611,480,Friday,13384,Shop & Service,-999,-999.0,Clear,354
10021,40.705071459613706 -73.9471098402602,480,Friday,25135,Residence,-999,-999.0,Clear,354
10021,40.8581181067446 -74.1481296720634,1020,Sunday,12936,Arts & Entertainment,-999,-999.0,Clear,354
10021,40.7095642963559 -73.7980628013611,1020,Sunday,13384,Shop & Service,-999,-999.0,Clear,354
10022,40.7095642963559 -73.7980628013611,480,Monday,13384,Shop & Service,-999,-999.0,Clear,354
10022,40.705414144111 -73.9493829518952,480,Monday,37758,Travel & Transport,-999,-999.0,Clear,354
10022,40.6997392325848 -73.95021915435791,480,Monday,27339,Travel & Transport,-999,-999.0,Clear,354
10022,40.6899054282934 -73.9517765784408,480,Monday,16999,Travel & Transport,-999,-999.0,Clear,354
10022,40.6886254895731 -73.9599674933305,480,Monday,29147,Travel & Transport,-999,-999.0,Clear,354
10022,40.6871060402909 -73.9754104614258,480,Monday,31531,Travel & Transport,-999,-999.0,Clear,354
10022,40.6861053695685 -73.9904737472534,480,Monday,28306,Travel & Transport,-999,-999.0,Clear,354
10022,40.6884768534347 -73.9850127696991,480,Monday,5993,Travel & Transport,-999,-999.0,Clear,354
10022,40.680695458897205 -73.9956544648521,480,Monday,14751,Travel & Transport,-999,-999.0,Clear,354
10022,40.6735265522377 -73.9959454536438,480,Monday,35750,Travel & Transport,-999,-999.0,Clear,354
10022,40.6603919297652 -73.9980697631836,480,Monday,33689,Travel & Transport,-999,-999.0,Clear,354
10022,40.6843073787307 -73.97759780287741,660,Monday,10758,Travel & Transport,-999,-999.0,Clear,354
10022,40.76256858864311 -73.96796464920041,720,Monday,30164,Travel & Transport,-999,-999.0,Clouds,354
10022,40.7679169654029 -73.96357597575259,720,Monday,14018,Travel & Transport,-999,-999.0,Clouds,354
10022,40.7689838528489 -73.9568679588325,720,Monday,24689,Food,4,-999.0,Clouds,354
10022,40.7700370337261 -73.9550656140391,720,Monday,30966,Nightlife Spot,3,-999.0,Clouds,354
10022,40.768916636694 -73.95659244224629,720,Monday,35692,Arts & Entertainment,-999,7.7,Clouds,354
10022,40.7656413212799 -73.9546638151362,780,Monday,4727,Food,1,-999.0,Clouds,354
10022,40.7695383003805 -73.9546465951645,780,Monday,11214,Shop & Service,-999,7.0,Clouds,354
10022,40.77033928261 -73.953774114591,780,Monday,1576,Food,2,8.6,Clouds,354
10022,40.7674874801581 -73.95339527311491,780,Monday,36271,Food,1,8.2,Clouds,354
10022,40.767758061577 -73.9533149127063,780,Monday,27890,Food,1,-999.0,Clouds,354
10022,40.768037 -73.9531138,780,Monday,22031,Food,1,-999.0,Clouds,354
10022,40.7724225827621 -73.96073662936709,780,Monday,720,Food,3,8.3,Clear,354
10022,40.773705 -73.9577022,780,Monday,27313,Food,1,-999.0,Clear,354
10022,40.7741828690564 -73.959634582752,780,Monday,19319,Food,1,6.6,Clear,354
10022,40.7811999999471 -73.955645350983,780,Monday,12568,Residence,-999,-999.0,Clear,354
10022,40.77854842188 -73.9585210500922,780,Monday,10992,Food,2,-999.0,Clear,354
10022,40.776825 -73.957744,780,Monday,24829,Food,1,5.1,Clear,354
10022,40.7787493892806 -73.95599548829429,780,Monday,8913,Food,2,-999.0,Clear,354
10022,40.77953911885941 -73.9552523195744,840,Monday,9014,Shop & Service,-999,6.0,Clouds,354
10022,40.779018642081205 -73.9539577950392,840,Monday,33285,Arts & Entertainment,-999,6.2,Clouds,354
10022,40.7130694111687 -74.0044105052948,1140,Monday,19232,Travel & Transport,-999,-999.0,Clouds,354
10022,40.7252667480795 -73.99617075920101,1140,Monday,23845,Travel & Transport,-999,-999.0,Clouds,354
10022,40.7186072791304 -73.9881134033203,1140,Monday,18377,Travel & Transport,-999,-999.0,Clouds,354
10022,40.7084114717555 -73.95790636539459,1140,Monday,7302,Travel & Transport,-999,-999.0,Clouds,354
10022,40.7038650412276 -73.9474014937878,1140,Monday,8587,Travel & Transport,-999,-999.0,Clouds,354
10022,40.7002598021248 -73.9411425590515,1140,Monday,8674,Travel & Transport,-999,-999.0,Clouds,354
10022,40.70701805107021 -73.9501865708271,1140,Monday,28621,Shop & Service,-999,5.5,Clouds,354
10022,40.7089161872864 -73.959064,1140,Monday,29907,Food,1,5.4,Clouds,354
10022,40.7008926775139 -73.9423224420305,1200,Monday,36893,Food,1,4.8,Clouds,354
10022,40.705071459613706 -73.9471098402602,1260,Monday,25135,Residence,-999,-999.0,Clouds,354
10022,40.7095642963559 -73.7980628013611,1260,Monday,13384,Shop & Service,-999,-999.0,Clouds,354
10022,40.70293685699011 -73.9468285695388,1080,Tuesday,18570,Shop & Service,-999,-999.0,Clouds,354
10022,40.7008926775139 -73.9423224420305,1080,Tuesday,36893,Food,1,4.8,Clouds,354
10022,40.700222172527 -73.9474255518072,1080,Tuesday,15760,Food,1,-999.0,Clouds,354
10022,40.6999024119916 -73.9468228293157,1080,Tuesday,8251,Nightlife Spot,2,-999.0,Clouds,354
10022,40.7001708910779 -73.9501291695856,1080,Tuesday,35552,Food,1,-999.0,Clouds,354
10022,40.699945 -73.953894,1080,Tuesday,20969,Shop & Service,-999,-999.0,Clouds,354
10022,40.705414144111 -73.9493829518952,1080,Tuesday,37758,Travel & Transport,-999,-999.0,Clouds,354
10022,40.705071459613706 -73.9471098402602,1080,Tuesday,25135,Residence,-999,-999.0,Clouds,354
10022,40.7007267893741 -73.9412489923624,1080,Tuesday,21018,Shop & Service,-999,5.2,Clouds,354
10022,40.7040174013277 -73.948022532233,1260,Tuesday,24435,Outdoors & Recreation,-999,-999.0,Clear,354
10022,40.7038650412276 -73.9474014937878,1260,Tuesday,8587,Travel & Transport,-999,-999.0,Clear,354
10022,40.7095642963559 -73.7980628013611,1380,Tuesday,13384,Shop & Service,-999,-999.0,Clear,354
10022,40.707297532950605 -74.0121182812915,660,Wednesday,22662,Food,1,6.9,Clouds,354
10022,40.706643565279 -74.0127038955688,660,Wednesday,7000,Food,1,8.0,Clouds,354
10022,40.70856445 -74.011209,660,Wednesday,29121,Shop & Service,-999,7.0,Clouds,354
10022,40.7120040709638 -74.0096139907837,660,Wednesday,18292,Arts & Entertainment,-999,-999.0,Clouds,354
10022,40.711707842454096 -74.01110260410401,720,Wednesday,24797,Travel & Transport,-999,-999.0,Clouds,354
10022,40.711520829067794 -74.0114124722927,720,Wednesday,28881,Nightlife Spot,3,6.0,Clouds,354
10022,40.7114673282201 -74.01328325271609,720,Wednesday,1902,Arts & Entertainment,-999,9.4,Clouds,354
10022,40.7101173197686 -74.0118670463562,780,Wednesday,6053,Professional & Other Places,-999,-999.0,Clouds,354
10022,40.7038650412276 -73.9474014937878,780,Wednesday,8587,Travel & Transport,-999,-999.0,Clouds,354
10022,40.700222172527 -73.9474255518072,900,Wednesday,15760,Food,1,-999.0,Clouds,354
10022,40.7070669423048 -73.95194304057542,1320,Wednesday,16881,Shop & Service,-999,-999.0,Clouds,354
10022,40.704964 -73.949692425,1320,Wednesday,13497,Shop & Service,-999,5.7,Clouds,354
10022,40.6999024119916 -73.9468228293157,1320,Wednesday,8251,Nightlife Spot,2,-999.0,Clouds,354
10022,40.7001708910779 -73.9501291695856,1320,Wednesday,35552,Food,1,-999.0,Clouds,354
10022,40.7095642963559 -73.7980628013611,360,Thursday,13384,Shop & Service,-999,-999.0,Clear,354
10022,40.702910672483 -73.9445496875947,360,Thursday,37133,Shop & Service,-999,6.8,Clear,354
10022,40.705414144111 -73.9493829518952,780,Thursday,37758,Travel & Transport,-999,-999.0,Clouds,354
10022,40.6997392325848 -73.95021915435791,780,Thursday,27339,Travel & Transport,-999,-999.0,Clouds,354
10022,40.69526718993741 -73.9494575737938,780,Thursday,4854,Travel & Transport,-999,-999.0,Clouds,354
10022,40.6899054282934 -73.9517765784408,780,Thursday,16999,Travel & Transport,-999,-999.0,Clouds,354
10022,40.6603919297652 -73.9980697631836,780,Thursday,33689,Travel & Transport,-999,-999.0,Clouds,354
10022,40.670267551729005 -73.9897763729095,780,Thursday,2529,Travel & Transport,-999,-999.0,Clouds,354
10022,40.705414144111 -73.9493829518952,780,Thursday,37758,Travel & Transport,-999,-999.0,Clouds,354
10022,40.6997392325848 -73.95021915435791,780,Thursday,27339,Travel & Transport,-999,-999.0,Clouds,354
10022,40.6899054282934 -73.9517765784408,780,Thursday,16999,Travel & Transport,-999,-999.0,Clouds,354
10022,40.6886254895731 -73.9599674933305,780,Thursday,29147,Travel & Transport,-999,-999.0,Clouds,354
10022,40.702910672483 -73.9445496875947,780,Thursday,37133,Shop & Service,-999,6.8,Clouds,354
10022,40.705071459613706 -73.9471098402602,840,Thursday,25135,Residence,-999,-999.0,Clouds,354
10022,40.7038650412276 -73.9474014937878,840,Thursday,8587,Travel & Transport,-999,-999.0,Clouds,354
10022,40.7040174013277 -73.948022532233,1020,Thursday,24435,Outdoors & Recreation,-999,-999.0,Clouds,354
10022,40.70311774756 -73.9472935270411,1020,Thursday,21053,Professional & Other Places,-999,-999.0,Clouds,354
10022,40.7001708910779 -73.9501291695856,1020,Thursday,35552,Food,1,-999.0,Clouds,354
10022,40.7070669423048 -73.95194304057542,1020,Thursday,16881,Shop & Service,-999,-999.0,Clouds,354
10022,40.712638397719104 -73.95124912261959,1020,Thursday,6462,Travel & Transport,-999,-999.0,Clouds,354
10022,40.7357343464241 -73.9905676245691,1020,Thursday,24192,Travel & Transport,-999,-999.0,Clouds,354
10022,40.735282496916206 -73.9904031515828,1020,Thursday,32276,Outdoors & Recreation,-999,9.4,Clouds,354
10022,40.7385662300362 -73.9900533458664,1080,Thursday,32573,Shop & Service,-999,9.5,Clouds,354
10022,40.736887509419496 -73.9902082970545,1080,Thursday,28532,Shop & Service,-999,7.9,Clouds,354
10022,40.736493 -73.990112,1080,Thursday,9817,Arts & Entertainment,-999,9.1,Clouds,354
10022,40.7363481234085 -73.99004459381099,1140,Thursday,35442,Arts & Entertainment,-999,-999.0,Clouds,354
10022,40.7368277597594 -73.99064540863041,1140,Thursday,24437,Food,2,8.4,Clouds,354
10022,40.736949700653206 -73.9904737472534,1140,Thursday,6246,Food,1,5.1,Clouds,354
10022,40.712638397719104 -73.95124912261959,1140,Thursday,6462,Travel & Transport,-999,-999.0,Clouds,354
10022,40.7332100782357 -73.9875984191895,1140,Thursday,14349,Travel & Transport,-999,-999.0,Clouds,354
10022,40.717273679029205 -73.9568710327148,1200,Thursday,5726,Travel & Transport,-999,-999.0,Clouds,354
10022,40.7095642963559 -73.7980628013611,1200,Thursday,13384,Shop & Service,-999,-999.0,Clouds,354
10022,40.7042864157451 -73.9460306768993,1260,Thursday,9039,Shop & Service,-999,-999.0,Clouds,354
10022,40.7095642963559 -73.7980628013611,420,Friday,13384,Shop & Service,-999,-999.0,Clear,354
10022,40.705071459613706 -73.9471098402602,780,Friday,25135,Residence,-999,-999.0,Clear,354
10022,40.7040174013277 -73.948022532233,780,Friday,24435,Outdoors & Recreation,-999,-999.0,Clear,354
10022,40.7095642963559 -73.7980628013611,780,Friday,13384,Shop & Service,-999,-999.0,Clear,354
10022,40.704964 -73.949692425,780,Friday,13497,Shop & Service,-999,5.7,Clear,354
10022,40.7052851322243 -73.9480902132791,840,Friday,37987,Professional & Other Places,-999,-999.0,Clear,354
10022,40.7001708910779 -73.9501291695856,960,Friday,35552,Food,1,-999.0,Clear,354
10022,40.7038650412276 -73.9474014937878,1020,Friday,8587,Travel & Transport,-999,-999.0,Clear,354
10022,40.7068153765355 -73.95348072052,1020,Friday,1137,Travel & Transport,-999,-999.0,Clear,354
10022,40.7084114717555 -73.95790636539459,1020,Friday,7302,Travel & Transport,-999,-999.0,Clear,354
10022,40.7186072791304 -73.9881134033203,1020,Friday,18377,Travel & Transport,-999,-999.0,Clear,354
10022,40.7135654797986 -73.9723634719849,1020,Friday,21440,Outdoors & Recreation,-999,-999.0,Clear,354
10022,40.7121836958424 -73.9677792473058,1020,Friday,4260,Travel & Transport,-999,-999.0,Clear,354
10022,40.738223969621295 -73.9962136745453,1080,Friday,5466,Travel & Transport,-999,-999.0,Clear,354
10022,40.7357343464241 -73.9905676245691,1080,Friday,24192,Travel & Transport,-999,-999.0,Clear,354
10022,40.738223969621295 -73.9962136745453,1140,Friday,5466,Travel & Transport,-999,-999.0,Clear,354
10022,40.7038650412276 -73.9474014937878,1140,Friday,8587,Travel & Transport,-999,-999.0,Clear,354
10022,40.6997392325848 -73.95021915435791,1200,Friday,27339,Travel & Transport,-999,-999.0,Clear,354
10022,40.700222172527 -73.9474255518072,1200,Friday,15760,Food,1,-999.0,Clear,354
10022,40.6999024119916 -73.9468228293157,1200,Friday,8251,Nightlife Spot,2,-999.0,Clear,354
10022,40.7001708910779 -73.9501291695856,1260,Friday,35552,Food,1,-999.0,Clear,354
10022,40.7040174013277 -73.948022532233,660,Saturday,24435,Outdoors & Recreation,-999,-999.0,Clear,354
10022,40.705071459613706 -73.9471098402602,660,Saturday,25135,Residence,-999,-999.0,Clear,354
10022,40.7095642963559 -73.7980628013611,660,Saturday,13384,Shop & Service,-999,-999.0,Clear,354
10022,40.705391466666704 -73.9484979166667,720,Saturday,23523,Professional & Other Places,-999,-999.0,Clear,354
10022,40.706156400172894 -73.9455083137487,720,Saturday,26881,Professional & Other Places,-999,-999.0,Clear,354
10022,40.7032124508855 -73.9436254986029,840,Saturday,3774,Residence,-999,-999.0,Clear,354
10022,40.7023095051428 -73.942494392395,900,Saturday,33728,Shop & Service,-999,-999.0,Clear,354
10022,40.7095642963559 -73.7980628013611,720,Sunday,13384,Shop & Service,-999,-999.0,Clouds,354
10022,40.705414144111 -73.9493829518952,720,Sunday,37758,Travel & Transport,-999,-999.0,Clouds,354
10024,40.7095642963559 -73.7980628013611,480,Monday,13384,Shop & Service,-999,-999.0,Clouds,354
10024,40.7070669423048 -73.95194304057542,480,Monday,16881,Shop & Service,-999,-999.0,Clouds,354
10024,40.70701805107021 -73.9501865708271,480,Monday,28621,Shop & Service,-999,5.5,Clouds,354
10024,40.7038650412276 -73.9474014937878,480,Monday,8587,Travel & Transport,-999,-999.0,Clouds,354
10024,40.6997392325848 -73.95021915435791,480,Monday,27339,Travel & Transport,-999,-999.0,Clouds,354
10024,40.6899054282934 -73.9517765784408,480,Monday,16999,Travel & Transport,-999,-999.0,Clouds,354
10024,40.6884768534347 -73.9850127696991,480,Monday,5993,Travel & Transport,-999,-999.0,Clouds,354
10024,40.6861053695685 -73.9904737472534,480,Monday,28306,Travel & Transport,-999,-999.0,Clouds,354
10024,40.680695458897205 -73.9956544648521,480,Monday,14751,Travel & Transport,-999,-999.0,Clouds,354
10024,40.670267551729005 -73.9897763729095,480,Monday,2529,Travel & Transport,-999,-999.0,Clouds,354
10024,40.66534009619971 -73.992919921875,540,Monday,29197,Travel & Transport,-999,-999.0,Clouds,354
10024,40.6603919297652 -73.9980697631836,540,Monday,33689,Travel & Transport,-999,-999.0,Clouds,354
10024,40.7514187728686 -73.9912413017774,540,Monday,12292,Professional & Other Places,-999,-999.0,Clouds,354
10024,40.653946812382 -74.0045378711284,780,Monday,28327,Travel & Transport,-999,-999.0,Clouds,354
10024,40.6413120105605 -74.0177893638611,780,Monday,14040,Travel & Transport,-999,-999.0,Clouds,354
10024,40.6319162355853 -74.0059954449378,780,Monday,13599,Travel & Transport,-999,-999.0,Clouds,354
10024,40.625956203703 -73.9970183372498,780,Monday,34328,Travel & Transport,-999,-999.0,Clouds,354
10024,40.62020951410479 -73.99021977491529,780,Monday,18238,Travel & Transport,-999,-999.0,Clouds,354
10024,40.61737300030229 -73.9848947525024,780,Monday,8202,Travel & Transport,-999,-999.0,Clouds,354
10024,40.6123010297605 -73.98224249614309,780,Monday,24090,Travel & Transport,-999,-999.0,Clouds,354
10024,40.6054002771747 -73.98058176040651,780,Monday,15267,Travel & Transport,-999,-999.0,Clouds,354
10024,40.5968457113099 -73.97895966363141,780,Monday,5409,Travel & Transport,-999,-999.0,Clouds,354
10024,40.5779674 -73.98168255,780,Monday,21741,Travel & Transport,-999,-999.0,Clouds,354
10024,40.5774555812085 -73.9812469482422,780,Monday,11376,Travel & Transport,-999,-999.0,Clouds,354
10024,40.5733484377664 -73.9803028106689,780,Monday,31072,Outdoors & Recreation,-999,9.3,Clouds,354
10024,40.5783660276293 -73.9834764134437,780,Monday,8983,Shop & Service,-999,-999.0,Clouds,354
10024,40.5769613823836 -73.9816169257406,900,Monday,22274,Food,1,5.2,Clouds,354
10024,40.5789393045546 -73.97902853481921,900,Monday,29708,Food,1,-999.0,Clouds,354
10024,40.5797388474599 -73.9814964027685,900,Monday,7024,Travel & Transport,-999,-999.0,Clouds,354
10024,40.5733484377664 -73.9803028106689,900,Monday,31072,Outdoors & Recreation,-999,9.3,Clouds,354
10024,40.6843073787307 -73.97759780287741,960,Monday,10758,Travel & Transport,-999,-999.0,Clouds,354
10024,40.7181437748072 -74.0001565217972,960,Monday,8300,Travel & Transport,-999,-999.0,Clouds,354
10024,40.7186072791304 -73.9881134033203,1020,Monday,18377,Travel & Transport,-999,-999.0,Clouds,354
10024,40.7068153765355 -73.95348072052,1200,Monday,1137,Travel & Transport,-999,-999.0,Clouds,354
10024,40.7038650412276 -73.9474014937878,1200,Monday,8587,Travel & Transport,-999,-999.0,Clouds,354
10024,40.7095642963559 -73.7980628013611,1020,Tuesday,13384,Shop & Service,-999,-999.0,Clouds,354
10024,40.7068153765355 -73.95348072052,1020,Tuesday,1137,Travel & Transport,-999,-999.0,Clouds,354
10024,40.7084114717555 -73.95790636539459,1020,Tuesday,7302,Travel & Transport,-999,-999.0,Clouds,354
10024,40.7135654797986 -73.9723634719849,1020,Tuesday,21440,Outdoors & Recreation,-999,-999.0,Clouds,354
10024,40.7134678928192 -73.9722561836243,1020,Tuesday,34728,Outdoors & Recreation,-999,9.0,Clouds,354
10024,40.7121836958424 -73.9677792473058,1020,Tuesday,4260,Travel & Transport,-999,-999.0,Clouds,354
10024,40.7181437748072 -74.0001565217972,1140,Tuesday,8300,Travel & Transport,-999,-999.0,Clouds,354
10024,40.7357343464241 -73.9905676245691,1140,Tuesday,24192,Travel & Transport,-999,-999.0,Clouds,354
10024,40.753183202587 -73.9780184215917,1140,Tuesday,12501,Food,1,-999.0,Clouds,354
10024,40.7529382800325 -73.9785754680634,1140,Tuesday,34613,Food,2,-999.0,Clouds,354
10024,40.7421685613999 -73.94888877868651,1140,Tuesday,34887,Travel & Transport,-999,-999.0,Clouds,354
10024,40.7466392223744 -73.94554138183591,1140,Tuesday,7825,Travel & Transport,-999,-999.0,Clouds,354
10024,40.7095642963559 -73.7980628013611,480,Wednesday,13384,Shop & Service,-999,-999.0,Clear,354
10024,40.705414144111 -73.9493829518952,480,Wednesday,37758,Travel & Transport,-999,-999.0,Clear,354
10024,40.6997392325848 -73.95021915435791,480,Wednesday,27339,Travel & Transport,-999,-999.0,Clouds,354
10024,40.69526718993741 -73.9494575737938,480,Wednesday,4854,Travel & Transport,-999,-999.0,Clouds,354
10024,40.6899054282934 -73.9517765784408,480,Wednesday,16999,Travel & Transport,-999,-999.0,Clouds,354
10024,40.6886254895731 -73.9599674933305,480,Wednesday,29147,Travel & Transport,-999,-999.0,Clouds,354
10024,40.6871060402909 -73.9754104614258,540,Wednesday,31531,Travel & Transport,-999,-999.0,Clouds,354
10024,40.6884768534347 -73.9850127696991,540,Wednesday,5993,Travel & Transport,-999,-999.0,Clouds,354
10024,40.680695458897205 -73.9956544648521,540,Wednesday,14751,Travel & Transport,-999,-999.0,Clouds,354
10024,40.6735265522377 -73.9959454536438,540,Wednesday,35750,Travel & Transport,-999,-999.0,Clouds,354
10024,40.670267551729005 -73.9897763729095,540,Wednesday,2529,Travel & Transport,-999,-999.0,Clouds,354
10024,40.66534009619971 -73.992919921875,540,Wednesday,29197,Travel & Transport,-999,-999.0,Clouds,354
10024,40.6603919297652 -73.9980697631836,540,Wednesday,33689,Travel & Transport,-999,-999.0,Clouds,354
10024,40.653946812382 -74.0045378711284,600,Wednesday,28327,Travel & Transport,-999,-999.0,Clouds,354
10024,40.6413120105605 -74.0177893638611,600,Wednesday,14040,Travel & Transport,-999,-999.0,Clouds,354
10024,40.635055311991 -74.01172220706941,600,Wednesday,1344,Travel & Transport,-999,-999.0,Clouds,354
10024,40.625956203703 -73.9970183372498,600,Wednesday,34328,Travel & Transport,-999,-999.0,Clouds,354
10024,40.62020951410479 -73.99021977491529,600,Wednesday,18238,Travel & Transport,-999,-999.0,Clouds,354
10024,40.61737300030229 -73.9848947525024,600,Wednesday,8202,Travel & Transport,-999,-999.0,Clouds,354
10024,40.6123010297605 -73.98224249614309,600,Wednesday,24090,Travel & Transport,-999,-999.0,Clouds,354
10024,40.5968457113099 -73.97895966363141,600,Wednesday,5409,Travel & Transport,-999,-999.0,Clouds,354
10024,40.592942610454 -73.9783857361066,600,Wednesday,1304,Travel & Transport,-999,-999.0,Clouds,354
10024,40.5774555812085 -73.9812469482422,600,Wednesday,11376,Travel & Transport,-999,-999.0,Clouds,354
10024,40.5733484377664 -73.9803028106689,600,Wednesday,31072,Outdoors & Recreation,-999,9.3,Clouds,354
10024,40.5783660276293 -73.9834764134437,1020,Wednesday,8983,Shop & Service,-999,-999.0,Clouds,354
10024,40.645106340454 -73.9791547985996,1020,Wednesday,3865,Travel & Transport,-999,-999.0,Clouds,354
10024,40.705414144111 -73.9493829518952,1080,Wednesday,37758,Travel & Transport,-999,-999.0,Clouds,354
10024,40.7095642963559 -73.7980628013611,480,Thursday,13384,Shop & Service,-999,-999.0,Clear,354
10024,40.680695458897205 -73.9956544648521,480,Thursday,14751,Travel & Transport,-999,-999.0,Clouds,354
10024,40.6603919297652 -73.9980697631836,600,Thursday,33689,Travel & Transport,-999,-999.0,Clouds,354
10024,40.7514187728686 -73.9912413017774,600,Thursday,12292,Professional & Other Places,-999,-999.0,Clouds,354
10024,40.653946812382 -74.0045378711284,600,Thursday,28327,Travel & Transport,-999,-999.0,Clouds,354
10024,40.6413120105605 -74.0177893638611,600,Thursday,14040,Travel & Transport,-999,-999.0,Clouds,354
10024,40.6463999797528 -73.99432003498079,600,Thursday,34406,Travel & Transport,-999,-999.0,Clouds,354
10024,40.6408968151586 -73.9942932128906,600,Thursday,21156,Travel & Transport,-999,-999.0,Clouds,354
10024,40.6362594491798 -73.9947902168192,600,Thursday,34551,Travel & Transport,-999,-999.0,Clouds,354
10024,40.6314259952945 -73.9954921603203,600,Thursday,2505,Travel & Transport,-999,-999.0,Clouds,354
10024,40.625956203703 -73.9970183372498,600,Thursday,34328,Travel & Transport,-999,-999.0,Clouds,354
10024,40.6189569856216 -73.99902999401091,600,Thursday,29682,Travel & Transport,-999,-999.0,Clouds,354
10024,40.612628963563104 -74.0009289979935,600,Thursday,17868,Travel & Transport,-999,-999.0,Clouds,354
10024,40.6048104433617 -73.9985812139799,600,Thursday,10491,Travel & Transport,-999,-999.0,Clouds,354
10024,40.597662 -73.986912,600,Thursday,22648,Travel & Transport,-999,-999.0,Clouds,354
10024,40.5774555812085 -73.9812469482422,600,Thursday,11376,Travel & Transport,-999,-999.0,Clouds,354
10024,40.5733484377664 -73.9803028106689,600,Thursday,31072,Outdoors & Recreation,-999,9.3,Clouds,354
10024,40.5769613823836 -73.9816169257406,600,Thursday,22274,Food,1,5.2,Clouds,354
10024,40.705414144111 -73.9493829518952,600,Friday,37758,Travel & Transport,-999,-999.0,Clouds,354
10024,40.645106340454 -73.9791547985996,600,Friday,3865,Travel & Transport,-999,-999.0,Clouds,354
10024,40.6032339344762 -73.9723800443981,600,Friday,35529,Travel & Transport,-999,-999.0,Clouds,354
10024,40.5808535628616 -73.9747613668442,600,Friday,22722,Travel & Transport,-999,-999.0,Clouds,354
10024,40.5774555812085 -73.9812469482422,600,Friday,11376,Travel & Transport,-999,-999.0,Clouds,354
10024,40.5733484377664 -73.9803028106689,600,Friday,31072,Outdoors & Recreation,-999,9.3,Clouds,354
10024,40.5769613823836 -73.9816169257406,1020,Friday,22274,Food,1,5.2,Clear,354
10024,40.5774555812085 -73.9812469482422,1020,Friday,11376,Travel & Transport,-999,-999.0,Clear,354
10024,40.5797388474599 -73.9814964027685,1020,Friday,7024,Travel & Transport,-999,-999.0,Clear,354
10024,40.5733484377664 -73.9803028106689,1020,Friday,31072,Outdoors & Recreation,-999,9.3,Clear,354
10024,40.576119157443294 -73.9760541915894,1020,Friday,614,Travel & Transport,-999,-999.0,Clear,354
10024,40.5764684582724 -73.9680030915786,1020,Friday,28057,Travel & Transport,-999,-999.0,Clear,354
10024,40.5733484377664 -73.9803028106689,1020,Friday,31072,Outdoors & Recreation,-999,9.3,Clear,354
10024,40.5720445299815 -73.9760112762451,1020,Friday,3530,Outdoors & Recreation,-999,9.1,Clear,354
10024,40.6843073787307 -73.97759780287741,1200,Friday,10758,Travel & Transport,-999,-999.0,Clear,354
10024,40.7181437748072 -74.0001565217972,1200,Friday,8300,Travel & Transport,-999,-999.0,Clear,354
10024,40.7084114717555 -73.95790636539459,1200,Friday,7302,Travel & Transport,-999,-999.0,Clear,354
10024,40.7068153765355 -73.95348072052,1200,Friday,1137,Travel & Transport,-999,-999.0,Clear,354
10024,40.7038650412276 -73.9474014937878,1200,Friday,8587,Travel & Transport,-999,-999.0,Clear,354
10024,40.705071459613706 -73.9471098402602,1200,Friday,25135,Residence,-999,-999.0,Clear,354
10024,40.7095642963559 -73.7980628013611,1200,Friday,13384,Shop & Service,-999,-999.0,Clear,354
10024,40.7095642963559 -73.7980628013611,600,Saturday,13384,Shop & Service,-999,-999.0,Clear,354
10024,40.705414144111 -73.9493829518952,600,Saturday,37758,Travel & Transport,-999,-999.0,Clear,354
10024,40.6884768534347 -73.9850127696991,600,Saturday,5993,Travel & Transport,-999,-999.0,Clear,354
10024,40.6871060402909 -73.9754104614258,660,Saturday,31531,Travel & Transport,-999,-999.0,Clear,354
10024,40.6861053695685 -73.9904737472534,660,Saturday,28306,Travel & Transport,-999,-999.0,Clear,354
10024,40.680695458897205 -73.9956544648521,660,Saturday,14751,Travel & Transport,-999,-999.0,Clear,354
10024,40.6735265522377 -73.9959454536438,660,Saturday,35750,Travel & Transport,-999,-999.0,Clear,354
10024,40.670267551729005 -73.9897763729095,660,Saturday,2529,Travel & Transport,-999,-999.0,Clear,354
10024,40.6670002540072 -73.98167610168458,660,Saturday,31830,Travel & Transport,-999,-999.0,Clear,354
10024,40.645106340454 -73.9791547985996,660,Saturday,3865,Travel & Transport,-999,-999.0,Clear,354
10024,40.6355478905274 -73.978157043457,660,Saturday,15770,Travel & Transport,-999,-999.0,Clear,354
10024,40.630727792284006 -73.9771699905396,660,Saturday,29561,Travel & Transport,-999,-999.0,Clear,354
10024,40.625990539847 -73.97624497132959,660,Saturday,24916,Travel & Transport,-999,-999.0,Clear,354
10024,40.614812 -73.974199,660,Saturday,33631,Travel & Transport,-999,-999.0,Clear,354
10024,40.6032339344762 -73.9723800443981,660,Saturday,35529,Travel & Transport,-999,-999.0,Clear,354
10024,40.5960578236576 -73.9733558893204,660,Saturday,16450,Travel & Transport,-999,-999.0,Clear,354
10024,40.590094770091206 -73.9741787950652,660,Saturday,22481,Travel & Transport,-999,-999.0,Clear,354
10024,40.5774555812085 -73.9812469482422,660,Saturday,11376,Travel & Transport,-999,-999.0,Clear,354
10024,40.5774555812085 -73.9812469482422,1080,Saturday,11376,Travel & Transport,-999,-999.0,Clear,354
10024,40.5733484377664 -73.9803028106689,1080,Saturday,31072,Outdoors & Recreation,-999,9.3,Clear,354
10024,40.576891105323206 -73.9819211024292,1080,Saturday,14025,Food,2,-999.0,Clear,354
10024,40.592942610454 -73.9783857361066,1080,Saturday,1304,Travel & Transport,-999,-999.0,Clear,354
10024,40.6054002771747 -73.98058176040651,1080,Saturday,15267,Travel & Transport,-999,-999.0,Clear,354
10024,40.7058882004734 -73.9900016784668,1080,Saturday,12687,Outdoors & Recreation,-999,9.0,Clear,354
10024,40.707149 -73.99057,1080,Saturday,18603,Travel & Transport,-999,-999.0,Clear,354
10024,40.7181437748072 -74.0001565217972,1140,Saturday,8300,Travel & Transport,-999,-999.0,Clear,354
10024,40.712638397719104 -73.95124912261959,660,Sunday,6462,Travel & Transport,-999,-999.0,Clear,354
10024,40.7445746271972 -73.9496612548828,660,Sunday,29921,Travel & Transport,-999,-999.0,Clear,354
10024,40.7466392223744 -73.94554138183591,660,Sunday,7825,Travel & Transport,-999,-999.0,Clear,354
10024,40.7500529792976 -73.9393615722656,720,Sunday,33358,Food,1,6.0,Clear,354
10024,40.7472244502931 -73.9438247680664,720,Sunday,3648,Professional & Other Places,-999,-999.0,Clear,354
10025,40.7095642963559 -73.7980628013611,720,Tuesday,13384,Shop & Service,-999,-999.0,Clouds,354
10025,40.705071459613706 -73.9471098402602,720,Tuesday,25135,Residence,-999,-999.0,Clouds,354
10025,40.705414144111 -73.9493829518952,720,Tuesday,37758,Travel & Transport,-999,-999.0,Clouds,354
10025,40.680695458897205 -73.9956544648521,780,Tuesday,14751,Travel & Transport,-999,-999.0,Clouds,354
10025,40.6735265522377 -73.9959454536438,780,Tuesday,35750,Travel & Transport,-999,-999.0,Clouds,354
10025,40.670267551729005 -73.9897763729095,780,Tuesday,2529,Travel & Transport,-999,-999.0,Clouds,354
10025,40.6355478905274 -73.978157043457,780,Tuesday,15770,Travel & Transport,-999,-999.0,Clouds,354
10025,40.630727792284006 -73.9771699905396,780,Tuesday,29561,Travel & Transport,-999,-999.0,Clouds,354
10025,40.625990539847 -73.97624497132959,780,Tuesday,24916,Travel & Transport,-999,-999.0,Clouds,354
10025,40.6209815077806 -73.97536684912829,780,Tuesday,31166,Travel & Transport,-999,-999.0,Fog,354
10025,40.6090691806825 -73.97311126196979,780,Tuesday,1195,Travel & Transport,-999,-999.0,Fog,354
10025,40.5960578236576 -73.9733558893204,780,Tuesday,16450,Travel & Transport,-999,-999.0,Fog,354
10025,40.5808535628616 -73.9747613668442,780,Tuesday,22722,Travel & Transport,-999,-999.0,Fog,354
10025,40.5774555812085 -73.9812469482422,1320,Tuesday,11376,Travel & Transport,-999,-999.0,Clouds,354
10025,40.5797388474599 -73.9814964027685,1320,Tuesday,7024,Travel & Transport,-999,-999.0,Clouds,354
10025,40.5779674 -73.98168255,1320,Tuesday,21741,Travel & Transport,-999,-999.0,Clouds,354
10025,40.5733484377664 -73.9803028106689,1320,Tuesday,31072,Outdoors & Recreation,-999,9.3,Clouds,354
10025,40.6355478905274 -73.978157043457,1320,Tuesday,15770,Travel & Transport,-999,-999.0,Clouds,354
10025,40.645106340454 -73.9791547985996,1320,Tuesday,3865,Travel & Transport,-999,-999.0,Clouds,354
10025,40.649485135359 -73.9758825302124,1380,Tuesday,28852,Travel & Transport,-999,-999.0,Clouds,354
10025,40.6606198139143 -73.9794445037842,1380,Tuesday,18632,Travel & Transport,-999,-999.0,Clouds,354
10025,40.6670002540072 -73.98167610168458,1380,Tuesday,31830,Travel & Transport,-999,-999.0,Clouds,354
10025,40.670267551729005 -73.9897763729095,1380,Tuesday,2529,Travel & Transport,-999,-999.0,Clouds,354
10025,40.680695458897205 -73.9956544648521,1380,Tuesday,14751,Travel & Transport,-999,-999.0,Clouds,354
10025,40.6997392325848 -73.95021915435791,1380,Tuesday,27339,Travel & Transport,-999,-999.0,Clouds,354
10025,40.705414144111 -73.9493829518952,1380,Tuesday,37758,Travel & Transport,-999,-999.0,Clouds,354
10025,40.705071459613706 -73.9471098402602,0,Wednesday,25135,Residence,-999,-999.0,Clouds,354
10025,40.7095642963559 -73.7980628013611,0,Wednesday,13384,Shop & Service,-999,-999.0,Clouds,354
10025,40.7095642963559 -73.7980628013611,420,Thursday,13384,Shop & Service,-999,-999.0,Clouds,354
10025,40.6603919297652 -73.9980697631836,660,Thursday,33689,Travel & Transport,-999,-999.0,Clouds,354
10025,40.7514187728686 -73.9912413017774,660,Thursday,12292,Professional & Other Places,-999,-999.0,Clouds,354
10025,40.653946812382 -74.0045378711284,660,Thursday,28327,Travel & Transport,-999,-999.0,Clouds,354
10025,40.7038650412276 -73.9474014937878,0,Friday,8587,Travel & Transport,-999,-999.0,Clouds,354
10025,40.7095642963559 -73.7980628013611,480,Friday,13384,Shop & Service,-999,-999.0,Clouds,354
10025,40.705414144111 -73.9493829518952,480,Friday,37758,Travel & Transport,-999,-999.0,Clouds,354
10025,40.6735265522377 -73.9959454536438,480,Friday,35750,Travel & Transport,-999,-999.0,Clouds,354
10025,40.670267551729005 -73.9897763729095,480,Friday,2529,Travel & Transport,-999,-999.0,Clouds,354
10025,40.66534009619971 -73.992919921875,600,Friday,29197,Travel & Transport,-999,-999.0,Clouds,354
10025,40.7514187728686 -73.9912413017774,600,Friday,12292,Professional & Other Places,-999,-999.0,Clouds,354
10025,40.625956203703 -73.9970183372498,720,Friday,34328,Travel & Transport,-999,-999.0,Clouds,354
10025,40.6018976465138 -73.9935207366943,720,Friday,25740,Travel & Transport,-999,-999.0,Clouds,354
10025,40.5774555812085 -73.9812469482422,780,Friday,11376,Travel & Transport,-999,-999.0,Clouds,354
10025,40.5769613823836 -73.9816169257406,780,Friday,22274,Food,1,5.2,Clouds,354
10025,40.57727568503879 -73.9817718837365,780,Friday,35241,Shop & Service,-999,6.3,Clouds,354
10025,40.574952163147294 -73.9811577902044,780,Friday,3538,Shop & Service,-999,6.8,Clouds,354
10025,40.5768437077307 -73.981329966159,780,Friday,27028,Shop & Service,-999,-999.0,Clouds,354
10025,40.5733484377664 -73.9803028106689,780,Friday,31072,Outdoors & Recreation,-999,9.3,Clouds,354
10025,40.5753675179927 -74.0014046237067,780,Friday,553,Shop & Service,-999,-999.0,Clouds,354
10025,40.578414 -73.975992,780,Friday,32594,Professional & Other Places,-999,-999.0,Clouds,354
10025,40.576891105323206 -73.9819211024292,840,Friday,14025,Food,2,-999.0,Clouds,354
10025,40.5794112751845 -73.9752388000488,840,Friday,5282,Food,1,5.6,Clouds,354
10025,40.576395208441205 -73.9891178971468,840,Friday,33692,Professional & Other Places,-999,-999.0,Clear,354
10025,40.5774555812085 -73.9812469482422,840,Friday,11376,Travel & Transport,-999,-999.0,Clear,354
10025,40.653946812382 -74.0045378711284,1020,Friday,28327,Travel & Transport,-999,-999.0,Clear,354
10025,40.6603919297652 -73.9980697631836,1020,Friday,33689,Travel & Transport,-999,-999.0,Clear,354
10025,40.7514187728686 -73.9912413017774,1020,Friday,12292,Professional & Other Places,-999,-999.0,Clear,354
10025,40.6843073787307 -73.97759780287741,1020,Friday,10758,Travel & Transport,-999,-999.0,Clear,354
10025,40.7202661102641 -73.9940786361694,1020,Friday,2002,Travel & Transport,-999,-999.0,Clear,354
10025,40.7038650412276 -73.9474014937878,1260,Friday,8587,Travel & Transport,-999,-999.0,Clear,354
10025,40.7181437748072 -74.0001565217972,1260,Friday,8300,Travel & Transport,-999,-999.0,Clear,354
10025,40.756506126666295 -73.9880275726318,1260,Friday,34785,Travel & Transport,-999,-999.0,Clear,354
10025,40.705414144111 -73.9493829518952,420,Saturday,37758,Travel & Transport,-999,-999.0,Clouds,354
10025,40.6735265522377 -73.9959454536438,420,Saturday,35750,Travel & Transport,-999,-999.0,Clouds,354
10025,40.670267551729005 -73.9897763729095,420,Saturday,2529,Travel & Transport,-999,-999.0,Clouds,354
10025,40.645106340454 -73.9791547985996,420,Saturday,3865,Travel & Transport,-999,-999.0,Clouds,354
10025,40.6032339344762 -73.9723800443981,420,Saturday,35529,Travel & Transport,-999,-999.0,Clouds,354
10025,40.5774555812085 -73.9812469482422,420,Saturday,11376,Travel & Transport,-999,-999.0,Clouds,354
10025,40.5733484377664 -73.9803028106689,600,Saturday,31072,Outdoors & Recreation,-999,9.3,Clouds,354
10025,40.5769613823836 -73.9816169257406,900,Saturday,22274,Food,1,5.2,Fog,354
10025,40.5733484377664 -73.9803028106689,900,Saturday,31072,Outdoors & Recreation,-999,9.3,Fog,354
10025,40.6054002771747 -73.98058176040651,900,Saturday,15267,Travel & Transport,-999,-999.0,Fog,354
10025,40.6843073787307 -73.97759780287741,960,Saturday,10758,Travel & Transport,-999,-999.0,Fog,354
10025,40.7181437748072 -74.0001565217972,960,Saturday,8300,Travel & Transport,-999,-999.0,Fog,354
10025,40.7202661102641 -73.9940786361694,960,Saturday,2002,Travel & Transport,-999,-999.0,Fog,354
10025,40.7135654797986 -73.9723634719849,960,Saturday,21440,Outdoors & Recreation,-999,-999.0,Fog,354
10025,40.7134678928192 -73.9722561836243,960,Saturday,34728,Outdoors & Recreation,-999,9.0,Fog,354
10025,40.7121836958424 -73.9677792473058,960,Saturday,4260,Travel & Transport,-999,-999.0,Fog,354
10025,40.7084114717555 -73.95790636539459,1140,Saturday,7302,Travel & Transport,-999,-999.0,Clouds,354
10025,40.705071459613706 -73.9471098402602,1140,Saturday,25135,Residence,-999,-999.0,Clouds,354
10025,40.708230254163496 -73.9433557034688,1140,Saturday,9290,Food,1,5.4,Clouds,354
10025,40.7095642963559 -73.7980628013611,840,Sunday,13384,Shop & Service,-999,-999.0,Clouds,354
10025,40.7038650412276 -73.9474014937878,900,Sunday,8587,Travel & Transport,-999,-999.0,Clear,354
10025,40.7068153765355 -73.95348072052,900,Sunday,1137,Travel & Transport,-999,-999.0,Clear,354
10025,40.7084114717555 -73.95790636539459,900,Sunday,7302,Travel & Transport,-999,-999.0,Clear,354
10025,40.6914746462291 -73.9873838424683,900,Sunday,9227,Travel & Transport,-999,-999.0,Clear,354
10025,40.670267551729005 -73.9897763729095,900,Sunday,2529,Travel & Transport,-999,-999.0,Clear,354
10025,40.625990539847 -73.97624497132959,960,Sunday,24916,Travel & Transport,-999,-999.0,Clear,354
10025,40.6209815077806 -73.97536684912829,960,Sunday,31166,Travel & Transport,-999,-999.0,Clear,354
10025,40.614812 -73.974199,960,Sunday,33631,Travel & Transport,-999,-999.0,Clear,354
10025,40.6090691806825 -73.97311126196979,960,Sunday,1195,Travel & Transport,-999,-999.0,Clear,354
10025,40.590094770091206 -73.9741787950652,960,Sunday,22481,Travel & Transport,-999,-999.0,Clear,354
10025,40.5733484377664 -73.9803028106689,960,Sunday,31072,Outdoors & Recreation,-999,9.3,Clear,354
10025,40.5769613823836 -73.9816169257406,960,Sunday,22274,Food,1,5.2,Clear,354
10025,40.5733484377664 -73.9803028106689,960,Sunday,31072,Outdoors & Recreation,-999,9.3,Clear,354
10025,40.590675066627895 -73.9944435810639,960,Sunday,23377,Arts & Entertainment,-999,6.8,Clear,354
10025,40.5748599890725 -73.978434,960,Sunday,20149,Arts & Entertainment,-999,8.9,Clear,354
10025,40.5747943815697 -73.9796196781671,960,Sunday,8053,Arts & Entertainment,-999,-999.0,Clear,354
10025,40.5795208373794 -73.974861783563,960,Sunday,28806,Shop & Service,-999,6.4,Clear,354
10025,40.5769613823836 -73.9816169257406,960,Sunday,22274,Food,1,5.2,Clear,354
10025,40.5769613823836 -73.9816169257406,1260,Sunday,22274,Food,1,5.2,Clear,354
10025,40.5768437077307 -73.981329966159,1260,Sunday,27028,Shop & Service,-999,-999.0,Clear,354
10025,40.5765966540931 -73.9813184877668,1260,Sunday,25882,Food,1,6.5,Clear,354
10025,40.575850034994296 -73.981129094197,1260,Sunday,25819,Food,1,6.4,Clear,354
10025,40.574481 -73.980198,1260,Sunday,2266,Food,2,-999.0,Clear,354
10025,40.5769613823836 -73.9816169257406,1380,Sunday,22274,Food,1,5.2,Clear,354
10025,40.5774555812085 -73.9812469482422,1380,Sunday,11376,Travel & Transport,-999,-999.0,Clear,354
10025,40.6355478905274 -73.978157043457,1380,Sunday,15770,Travel & Transport,-999,-999.0,Clear,354
10025,40.670267551729005 -73.9897763729095,1380,Sunday,2529,Travel & Transport,-999,-999.0,Clear,354
10030,40.7334377134344 -73.86979579925541,1020,Monday,32040,Travel & Transport,-999,-999.0,Clouds,354
10030,40.73405557647629 -73.8708472251892,1080,Monday,1655,Shop & Service,-999,7.5,Clouds,354
10030,40.7468342989195 -73.8915538787842,1140,Monday,6672,Travel & Transport,-999,-999.0,Clouds,354
10030,40.746249067567504 -73.89636039733891,1140,Monday,25587,Travel & Transport,-999,-999.0,Clouds,354
10030,40.745597672434 -73.9032898322682,1140,Monday,5654,Travel & Transport,-999,-999.0,Clouds,354
10030,40.7437455197583 -73.924298286438,1140,Monday,10181,Travel & Transport,-999,-999.0,Clouds,354
10030,40.74437954402379 -73.9306712150574,1200,Monday,33775,Travel & Transport,-999,-999.0,Clouds,354
10030,40.75047562272479 -73.9402842521667,1200,Monday,34523,Travel & Transport,-999,-999.0,Clouds,354
10030,40.7466392223744 -73.94554138183591,1200,Monday,7825,Travel & Transport,-999,-999.0,Clouds,354
10030,40.7516329998705 -73.9758854995058,1260,Monday,2075,Travel & Transport,-999,-999.0,Clouds,354
10030,40.7534503062366 -73.9809036254883,1260,Monday,29904,Travel & Transport,-999,-999.0,Clouds,354
10030,40.7520198739458 -73.98174047470091,1260,Monday,14805,Professional & Other Places,-999,-999.0,Clouds,354
10030,40.7528775066146 -73.9812151822064,1260,Monday,37664,Travel & Transport,-999,8.8,Clouds,354
10030,40.753532177709495 -73.981823536374,1260,Monday,5743,Food,1,6.5,Clouds,354
10030,40.7497034836652 -73.9878129959106,300,Tuesday,799,Travel & Transport,-999,-999.0,Clouds,354
10030,40.7357343464241 -73.9905676245691,300,Tuesday,24192,Travel & Transport,-999,-999.0,Clouds,354
10030,40.6843073787307 -73.97759780287741,300,Tuesday,10758,Travel & Transport,-999,-999.0,Clouds,354
10030,40.707149 -73.99057,300,Tuesday,18603,Travel & Transport,-999,-999.0,Clouds,354
10030,40.7058882004734 -73.9900016784668,300,Tuesday,12687,Outdoors & Recreation,-999,9.0,Clouds,354
10030,40.6090656243329 -73.9577722549438,360,Tuesday,16731,Travel & Transport,-999,-999.0,Clouds,354
10030,40.5778266755975 -73.96074810898621,360,Tuesday,25779,Travel & Transport,-999,-999.0,Clouds,354
10030,40.5774555812085 -73.9812469482422,360,Tuesday,11376,Travel & Transport,-999,-999.0,Clouds,354
10030,40.5733484377664 -73.9803028106689,360,Tuesday,31072,Outdoors & Recreation,-999,9.3,Clouds,354
10030,40.5769613823836 -73.9816169257406,540,Tuesday,22274,Food,1,5.2,Clouds,354
10030,40.7448670134349 -73.98105448455759,240,Wednesday,22826,Professional & Other Places,-999,-999.0,Clouds,354
10030,40.7463791194241 -73.9818906784058,240,Wednesday,19733,Travel & Transport,-999,-999.0,Clouds,354
10030,40.6843073787307 -73.97759780287741,240,Wednesday,10758,Travel & Transport,-999,-999.0,Clouds,354
10030,40.6090656243329 -73.9577722549438,360,Wednesday,16731,Travel & Transport,-999,-999.0,Clouds,354
10030,40.5778266755975 -73.96074810898621,360,Wednesday,25779,Travel & Transport,-999,-999.0,Clouds,354
10030,40.5764684582724 -73.9680030915786,360,Wednesday,28057,Travel & Transport,-999,-999.0,Clouds,354
10030,40.5774555812085 -73.9812469482422,360,Wednesday,11376,Travel & Transport,-999,-999.0,Clouds,354
10030,40.5774555812085 -73.9812469482422,900,Wednesday,11376,Travel & Transport,-999,-999.0,Clouds,354
10030,40.5733484377664 -73.9803028106689,900,Wednesday,31072,Outdoors & Recreation,-999,9.3,Clouds,354
10030,40.6032339344762 -73.9723800443981,900,Wednesday,35529,Travel & Transport,-999,-999.0,Clouds,354
10030,40.6209815077806 -73.97536684912829,900,Wednesday,31166,Travel & Transport,-999,-999.0,Clouds,354
10030,40.6914746462291 -73.9873838424683,960,Wednesday,9227,Travel & Transport,-999,-999.0,Clouds,354
10030,40.7186072791304 -73.9881134033203,960,Wednesday,18377,Travel & Transport,-999,-999.0,Clouds,354
10030,40.74621569749871 -73.98146770681159,960,Wednesday,7216,Professional & Other Places,-999,-999.0,Clouds,354
10030,40.7448670134349 -73.98105448455759,960,Wednesday,22826,Professional & Other Places,-999,-999.0,Clouds,354
10030,40.7448670134349 -73.98105448455759,360,Thursday,22826,Professional & Other Places,-999,-999.0,Clear,354
10030,40.745245 -73.982692,1080,Thursday,17769,Food,1,7.4,Clouds,354
10030,40.7452115761106 -73.9826384983729,1140,Thursday,28579,Food,1,6.3,Clouds,354
10030,40.74659045314871 -73.98178339004521,1200,Thursday,22165,Food,4,9.2,Clouds,354
10030,40.74508 -73.982476,1200,Thursday,6531,Food,1,6.9,Clouds,354
10030,40.7449280404825 -73.98279345554491,1200,Thursday,29996,Nightlife Spot,3,7.3,Clouds,354
10030,40.7449629299849 -73.982162147765,1200,Thursday,6639,Food,1,7.9,Clouds,354
10030,40.7460282286371 -73.9819383199632,540,Friday,4044,Food,1,-999.0,Clear,354
10030,40.74613527198429 -73.9827919006348,540,Friday,38019,Food,3,-999.0,Clear,354
10030,40.7452115761106 -73.9826384983729,540,Friday,28579,Food,1,6.3,Clear,354
10030,40.74621569749871 -73.98146770681159,540,Friday,7216,Professional & Other Places,-999,-999.0,Clear,354
10030,40.745245 -73.982692,540,Friday,17769,Food,1,7.4,Clear,354
10030,40.7463791194241 -73.9818906784058,780,Friday,19733,Travel & Transport,-999,-999.0,Clouds,354
10030,40.7750005944258 -73.9120030403137,780,Friday,21915,Travel & Transport,-999,-999.0,Clouds,354
10030,40.7181437748072 -74.0001565217972,780,Friday,8300,Travel & Transport,-999,-999.0,Clouds,354
10030,40.6843073787307 -73.97759780287741,780,Friday,10758,Travel & Transport,-999,-999.0,Clouds,354
10030,40.6018976465138 -73.9935207366943,840,Friday,25740,Travel & Transport,-999,-999.0,Clouds,354
10030,40.5769613823836 -73.9816169257406,1020,Friday,22274,Food,1,5.2,Clouds,354
10030,40.5768437077307 -73.981329966159,1020,Friday,27028,Shop & Service,-999,-999.0,Clouds,354
10030,40.5733484377664 -73.9803028106689,1020,Friday,31072,Outdoors & Recreation,-999,9.3,Clouds,354
10030,40.5774555812085 -73.9812469482422,1200,Friday,11376,Travel & Transport,-999,-999.0,Clear,354
10030,40.6054002771747 -73.98058176040651,1200,Friday,15267,Travel & Transport,-999,-999.0,Clear,354
10030,40.6123010297605 -73.98224249614309,1200,Friday,24090,Travel & Transport,-999,-999.0,Clear,354
10030,40.625956203703 -73.9970183372498,1200,Friday,34328,Travel & Transport,-999,-999.0,Clear,354
10030,40.7448670134349 -73.98105448455759,360,Saturday,22826,Professional & Other Places,-999,-999.0,Clear,354
10030,40.7357343464241 -73.9905676245691,360,Saturday,24192,Travel & Transport,-999,-999.0,Clear,354
10030,40.7300596897125 -73.9910799264908,360,Saturday,4741,Travel & Transport,-999,-999.0,Clear,354
10030,40.7181437748072 -74.0001565217972,360,Saturday,8300,Travel & Transport,-999,-999.0,Clear,354
10030,40.7135654797986 -73.9723634719849,420,Saturday,21440,Outdoors & Recreation,-999,-999.0,Clear,354
10030,40.7068153765355 -73.95348072052,420,Saturday,1137,Travel & Transport,-999,-999.0,Clear,354
10030,40.7095642963559 -73.7980628013611,420,Saturday,13384,Shop & Service,-999,-999.0,Clear,354
10030,40.7095642963559 -73.7980628013611,840,Saturday,13384,Shop & Service,-999,-999.0,Clouds,354
10030,40.7028591263471 -73.9448309616292,840,Saturday,37133,Shop & Service,-999,6.8,Clouds,354
10030,40.701591223566 -73.9435623550946,840,Saturday,4627,Food,1,5.6,Clouds,354
10030,40.7016753014023 -73.94118010768851,840,Saturday,4387,Professional & Other Places,-999,-999.0,Clouds,354
10030,40.7002598021248 -73.9411425590515,840,Saturday,8674,Travel & Transport,-999,-999.0,Clouds,354
10030,40.7038650412276 -73.9474014937878,840,Saturday,8587,Travel & Transport,-999,-999.0,Clouds,354
10030,40.7067858383577 -73.95191434021758,840,Saturday,162,Shop & Service,-999,-999.0,Clouds,354
10030,40.70701805107021 -73.9501865708271,960,Saturday,28621,Shop & Service,-999,5.5,Clouds,354
10030,40.7084114717555 -73.95790636539459,1140,Saturday,7302,Travel & Transport,-999,-999.0,Clouds,354
10030,40.7186072791304 -73.9881134033203,1140,Saturday,18377,Travel & Transport,-999,-999.0,Clouds,354
10030,40.7315840898818 -74.0002155303955,1140,Saturday,38299,Travel & Transport,-999,-999.0,Clouds,354
10030,40.8278609004168 -73.925651460886,1140,Saturday,37856,Travel & Transport,-999,-999.0,Clouds,354
10030,40.8282772116192 -73.92655344439041,1140,Saturday,15134,Arts & Entertainment,-999,9.2,Clouds,354
10030,40.8278609004168 -73.925651460886,1320,Saturday,37856,Travel & Transport,-999,-999.0,Clouds,354
10030,40.7315840898818 -74.0002155303955,1320,Saturday,38299,Travel & Transport,-999,-999.0,Clouds,354
10030,40.7186072791304 -73.9881134033203,1320,Saturday,18377,Travel & Transport,-999,-999.0,Clouds,354
10030,40.7002598021248 -73.9411425590515,1320,Saturday,8674,Travel & Transport,-999,-999.0,Clouds,354
10030,40.7095642963559 -73.7980628013611,300,Sunday,13384,Shop & Service,-999,-999.0,Clouds,354
10030,40.7002598021248 -73.9411425590515,300,Sunday,8674,Travel & Transport,-999,-999.0,Clouds,354
10030,40.7038650412276 -73.9474014937878,300,Sunday,8587,Travel & Transport,-999,-999.0,Clouds,354
10030,40.7068153765355 -73.95348072052,300,Sunday,1137,Travel & Transport,-999,-999.0,Clouds,354
10030,40.7084114717555 -73.95790636539459,300,Sunday,7302,Travel & Transport,-999,-999.0,Clouds,354
10030,40.7121836958424 -73.9677792473058,300,Sunday,4260,Travel & Transport,-999,-999.0,Clouds,354
10030,40.7181437748072 -74.0001565217972,300,Sunday,8300,Travel & Transport,-999,-999.0,Clouds,354
10030,40.6843073787307 -73.97759780287741,300,Sunday,10758,Travel & Transport,-999,-999.0,Clouds,354
10030,40.707149 -73.99057,300,Sunday,18603,Travel & Transport,-999,-999.0,Clouds,354
10030,40.7058882004734 -73.9900016784668,300,Sunday,12687,Outdoors & Recreation,-999,9.0,Clouds,354
10030,40.6843073787307 -73.97759780287741,300,Sunday,10758,Travel & Transport,-999,-999.0,Clouds,354
10030,40.653946812382 -74.0045378711284,300,Sunday,28327,Travel & Transport,-999,-999.0,Clouds,354
10030,40.6123010297605 -73.98224249614309,360,Sunday,24090,Travel & Transport,-999,-999.0,Clouds,354
10030,40.6054002771747 -73.98058176040651,360,Sunday,15267,Travel & Transport,-999,-999.0,Clouds,354
10030,40.5774555812085 -73.9812469482422,360,Sunday,11376,Travel & Transport,-999,-999.0,Clouds,354
10030,40.5733484377664 -73.9803028106689,360,Sunday,31072,Outdoors & Recreation,-999,9.3,Clouds,354
10030,40.5769613823836 -73.9816169257406,540,Sunday,22274,Food,1,5.2,Clear,354
10030,40.576891105323206 -73.9819211024292,540,Sunday,14025,Food,2,-999.0,Clear,354
10030,40.575850034994296 -73.981129094197,540,Sunday,25819,Food,1,6.4,Clear,354
10030,40.5733484377664 -73.9803028106689,540,Sunday,31072,Outdoors & Recreation,-999,9.3,Clear,354
10030,40.5733484377664 -73.9803028106689,840,Sunday,31072,Outdoors & Recreation,-999,9.3,Clouds,354
10030,40.5748599890725 -73.978434,840,Sunday,20149,Arts & Entertainment,-999,8.9,Clouds,354
10030,40.7186072791304 -73.9881134033203,1320,Sunday,18377,Travel & Transport,-999,-999.0,Clouds,354
10030,40.7084114717555 -73.95790636539459,1320,Sunday,7302,Travel & Transport,-999,-999.0,Clouds,354
10030,40.7068153765355 -73.95348072052,1320,Sunday,1137,Travel & Transport,-999,-999.0,Clouds,354
10030,40.7095642963559 -73.7980628013611,1320,Sunday,13384,Shop & Service,-999,-999.0,Clouds,354
10032,40.7095642963559 -73.7980628013611,420,Monday,13384,Shop & Service,-999,-999.0,Clear,354
10032,40.705414144111 -73.9493829518952,420,Monday,37758,Travel & Transport,-999,-999.0,Clear,354
10032,40.6735265522377 -73.9959454536438,420,Monday,35750,Travel & Transport,-999,-999.0,Clear,354
10032,40.670267551729005 -73.9897763729095,420,Monday,2529,Travel & Transport,-999,-999.0,Clouds,354
10032,40.6670002540072 -73.98167610168458,420,Monday,31830,Travel & Transport,-999,-999.0,Clouds,354
10032,40.649485135359 -73.9758825302124,420,Monday,28852,Travel & Transport,-999,-999.0,Clouds,354
10032,40.6209815077806 -73.97536684912829,420,Monday,31166,Travel & Transport,-999,-999.0,Clouds,354
10032,40.6032339344762 -73.9723800443981,420,Monday,35529,Travel & Transport,-999,-999.0,Clouds,354
10032,40.5808535628616 -73.9747613668442,420,Monday,22722,Travel & Transport,-999,-999.0,Clouds,354
10032,40.5774555812085 -73.9812469482422,420,Monday,11376,Travel & Transport,-999,-999.0,Clouds,354
10032,40.5733484377664 -73.9803028106689,900,Monday,31072,Outdoors & Recreation,-999,9.3,Clear,354
10032,40.5748599890725 -73.978434,900,Monday,20149,Arts & Entertainment,-999,8.9,Clear,354
10032,40.57514007093189 -73.97883913899331,900,Monday,350,Arts & Entertainment,-999,-999.0,Clear,354
10032,40.5774555812085 -73.9812469482422,960,Wednesday,11376,Travel & Transport,-999,-999.0,Clouds,354
10032,40.6843073787307 -73.97759780287741,1020,Wednesday,10758,Travel & Transport,-999,-999.0,Clear,354
10032,40.7077100078673 -74.0116953849792,1080,Wednesday,1809,Travel & Transport,-999,-999.0,Clear,354
10032,40.7091983224544 -74.0111857652664,1080,Wednesday,10481,Outdoors & Recreation,-999,8.1,Clear,354
10032,40.7101173197686 -74.0118670463562,1080,Wednesday,6053,Professional & Other Places,-999,-999.0,Clear,354
10032,40.7095642963559 -73.7980628013611,480,Thursday,13384,Shop & Service,-999,-999.0,Clear,354
10032,40.705414144111 -73.9493829518952,480,Thursday,37758,Travel & Transport,-999,-999.0,Clear,354
10032,40.6735265522377 -73.9959454536438,480,Thursday,35750,Travel & Transport,-999,-999.0,Clear,354
10032,40.670267551729005 -73.9897763729095,480,Thursday,2529,Travel & Transport,-999,-999.0,Clear,354
10032,40.6603919297652 -73.9980697631836,600,Thursday,33689,Travel & Transport,-999,-999.0,Clear,354
10033,40.7095642963559 -73.7980628013611,420,Monday,13384,Shop & Service,-999,-999.0,Clouds,354
10033,40.705414144111 -73.9493829518952,420,Monday,37758,Travel & Transport,-999,-999.0,Clouds,354
10033,40.6123010297605 -73.98224249614309,780,Tuesday,24090,Travel & Transport,-999,-999.0,Clouds,354
10033,40.6054002771747 -73.98058176040651,780,Tuesday,15267,Travel & Transport,-999,-999.0,Clouds,354
10033,40.625956203703 -73.9970183372498,780,Tuesday,34328,Travel & Transport,-999,-999.0,Clouds,354
10033,40.653946812382 -74.0045378711284,780,Tuesday,28327,Travel & Transport,-999,-999.0,Clouds,354
10033,40.6843073787307 -73.97759780287741,1260,Tuesday,10758,Travel & Transport,-999,-999.0,Clouds,354
10033,40.707149 -73.99057,1260,Tuesday,18603,Travel & Transport,-999,-999.0,Clouds,354
10033,40.7181437748072 -74.0001565217972,1260,Tuesday,8300,Travel & Transport,-999,-999.0,Clouds,354
10033,40.7038650412276 -73.9474014937878,1320,Tuesday,8587,Travel & Transport,-999,-999.0,Clouds,354
10033,40.7095642963559 -73.7980628013611,1320,Tuesday,13384,Shop & Service,-999,-999.0,Clouds,354
10033,40.7095642963559 -73.7980628013611,480,Wednesday,13384,Shop & Service,-999,-999.0,Clear,354
10033,40.70701805107021 -73.9501865708271,480,Wednesday,28621,Shop & Service,-999,5.5,Clear,354
10033,40.7068153765355 -73.95348072052,480,Wednesday,1137,Travel & Transport,-999,-999.0,Clear,354
10033,40.7186072791304 -73.9881134033203,480,Wednesday,18377,Travel & Transport,-999,-999.0,Clear,354
10033,40.6735265522377 -73.9959454536438,480,Wednesday,35750,Travel & Transport,-999,-999.0,Clear,354
10033,40.6914746462291 -73.9873838424683,540,Wednesday,9227,Travel & Transport,-999,-999.0,Clear,354
10033,40.6032339344762 -73.9723800443981,540,Wednesday,35529,Travel & Transport,-999,-999.0,Clear,354
10033,40.649485135359 -73.9758825302124,900,Saturday,28852,Travel & Transport,-999,-999.0,Clear,354
10033,40.6032339344762 -73.9723800443981,900,Saturday,35529,Travel & Transport,-999,-999.0,Clear,354
10033,40.6209815077806 -73.97536684912829,900,Saturday,31166,Travel & Transport,-999,-999.0,Clear,354
10033,40.5774555812085 -73.9812469482422,1080,Saturday,11376,Travel & Transport,-999,-999.0,Clear,354
10033,40.5769613823836 -73.9816169257406,1080,Saturday,22274,Food,1,5.2,Clear,354
10033,40.5733484377664 -73.9803028106689,1080,Saturday,31072,Outdoors & Recreation,-999,9.3,Clear,354
10033,40.5733484377664 -73.9803028106689,1140,Saturday,31072,Outdoors & Recreation,-999,9.3,Clear,354
10033,40.5733484377664 -73.9803028106689,0,Sunday,31072,Outdoors & Recreation,-999,9.3,Clear,354
10033,40.5769613823836 -73.9816169257406,0,Sunday,22274,Food,1,5.2,Clear,354
10033,40.5764684582724 -73.9680030915786,0,Sunday,28057,Travel & Transport,-999,-999.0,Clear,354
10033,40.5778266755975 -73.96074810898621,0,Sunday,25779,Travel & Transport,-999,-999.0,Clear,354
10033,40.6090656243329 -73.9577722549438,0,Sunday,16731,Travel & Transport,-999,-999.0,Clear,354
10033,40.6843073787307 -73.97759780287741,0,Sunday,10758,Travel & Transport,-999,-999.0,Clear,354
10033,40.7181437748072 -74.0001565217972,60,Sunday,8300,Travel & Transport,-999,-999.0,Clear,354
10033,40.7202661102641 -73.9940786361694,60,Sunday,2002,Travel & Transport,-999,-999.0,Clear,354
10033,40.7186072791304 -73.9881134033203,60,Sunday,18377,Travel & Transport,-999,-999.0,Clear,354
10033,40.7084114717555 -73.95790636539459,60,Sunday,7302,Travel & Transport,-999,-999.0,Clear,354
10033,40.7068153765355 -73.95348072052,60,Sunday,1137,Travel & Transport,-999,-999.0,Clear,354
10033,40.7095642963559 -73.7980628013611,60,Sunday,13384,Shop & Service,-999,-999.0,Clear,354
10034,40.7095642963559 -73.7980628013611,480,Monday,13384,Shop & Service,-999,-999.0,Clear,354
10034,40.705414144111 -73.9493829518952,480,Monday,37758,Travel & Transport,-999,-999.0,Clear,354
10034,40.6997392325848 -73.95021915435791,480,Monday,27339,Travel & Transport,-999,-999.0,Clear,354
10034,40.69526718993741 -73.9494575737938,480,Monday,4854,Travel & Transport,-999,-999.0,Clear,354
10034,40.6899054282934 -73.9517765784408,480,Monday,16999,Travel & Transport,-999,-999.0,Clear,354
10034,40.6735265522377 -73.9959454536438,480,Monday,35750,Travel & Transport,-999,-999.0,Clear,354
10034,40.670267551729005 -73.9897763729095,480,Monday,2529,Travel & Transport,-999,-999.0,Clear,354
10034,40.6603919297652 -73.9980697631836,720,Monday,33689,Travel & Transport,-999,-999.0,Clouds,354
10034,40.653946812382 -74.0045378711284,720,Monday,28327,Travel & Transport,-999,-999.0,Clouds,354
10034,40.6843073787307 -73.97759780287741,720,Monday,10758,Travel & Transport,-999,-999.0,Clouds,354
10034,40.707149 -73.99057,720,Monday,18603,Travel & Transport,-999,-999.0,Clouds,354
10034,40.7243073052359 -73.9977049827576,720,Monday,17074,Travel & Transport,-999,-999.0,Clouds,354
10034,40.730130077303706 -73.9924062948741,720,Monday,32702,Travel & Transport,-999,-999.0,Clouds,354
10034,40.7357343464241 -73.9905676245691,720,Monday,24192,Travel & Transport,-999,-999.0,Clouds,354
10034,40.7352097339957 -73.99106339580491,720,Monday,34263,Outdoors & Recreation,-999,-999.0,Clouds,354
10034,40.738223969621295 -73.9962136745453,720,Monday,5466,Travel & Transport,-999,-999.0,Clouds,354
10034,40.735282496916206 -73.9904031515828,720,Monday,32276,Outdoors & Recreation,-999,9.4,Clouds,354
10034,40.736949700653206 -73.9904737472534,900,Monday,6246,Food,1,5.1,Clear,354
10034,40.7357343464241 -73.9905676245691,900,Monday,24192,Travel & Transport,-999,-999.0,Clear,354
10034,40.7181437748072 -74.0001565217972,960,Monday,8300,Travel & Transport,-999,-999.0,Clear,354
10034,40.7130694111687 -74.0044105052948,960,Monday,19232,Travel & Transport,-999,-999.0,Clear,354
10034,40.7077100078673 -74.0116953849792,960,Monday,1809,Travel & Transport,-999,-999.0,Clear,354
10034,40.7049122117261 -74.0140128135681,960,Monday,3782,Travel & Transport,-999,-999.0,Clear,354
10034,40.705172 -74.006889,960,Monday,36123,Shop & Service,-999,6.1,Clear,354
10034,40.70427457742871 -74.00876136155391,960,Monday,37718,Professional & Other Places,-999,5.6,Clear,354
10034,40.6793707627817 -73.85899325708179,420,Tuesday,23158,Travel & Transport,-999,-999.0,Clear,354
10034,40.6914746462291 -73.9873838424683,420,Tuesday,9227,Travel & Transport,-999,-999.0,Clear,354
10034,40.6735265522377 -73.9959454536438,480,Tuesday,35750,Travel & Transport,-999,-999.0,Clear,354
10034,40.670267551729005 -73.9897763729095,480,Tuesday,2529,Travel & Transport,-999,-999.0,Clear,354
10034,40.6032339344762 -73.9723800443981,480,Tuesday,35529,Travel & Transport,-999,-999.0,Clear,354
10034,40.6209815077806 -73.97536684912829,480,Tuesday,31166,Travel & Transport,-999,-999.0,Clear,354
10034,40.5808535628616 -73.9747613668442,480,Tuesday,22722,Travel & Transport,-999,-999.0,Clear,354
10034,40.5774555812085 -73.9812469482422,1080,Tuesday,11376,Travel & Transport,-999,-999.0,Clear,354
10034,40.5733484377664 -73.9803028106689,1080,Tuesday,31072,Outdoors & Recreation,-999,9.3,Clear,354
10034,40.670267551729005 -73.9897763729095,1080,Tuesday,2529,Travel & Transport,-999,-999.0,Clear,354
10034,40.6735265522377 -73.9959454536438,1140,Tuesday,35750,Travel & Transport,-999,-999.0,Clear,354
10034,40.653946812382 -74.0045378711284,780,Wednesday,28327,Travel & Transport,-999,-999.0,Clear,354
10034,40.5774555812085 -73.9812469482422,780,Wednesday,11376,Travel & Transport,-999,-999.0,Clear,354
10034,40.5769613823836 -73.9816169257406,1320,Wednesday,22274,Food,1,5.2,Clear,354
10034,40.5733484377664 -73.9803028106689,1320,Wednesday,31072,Outdoors & Recreation,-999,9.3,Clear,354
10034,40.5774555812085 -73.9812469482422,1320,Wednesday,11376,Travel & Transport,-999,-999.0,Clear,354
10034,40.670267551729005 -73.9897763729095,1380,Wednesday,2529,Travel & Transport,-999,-999.0,Clear,354
10034,40.7095642963559 -73.7980628013611,480,Thursday,13384,Shop & Service,-999,-999.0,Clear,354
10034,40.7084114717555 -73.95790636539459,480,Thursday,7302,Travel & Transport,-999,-999.0,Clear,354
10034,40.7121836958424 -73.9677792473058,480,Thursday,4260,Travel & Transport,-999,-999.0,Clear,354
10034,40.7186072791304 -73.9881134033203,480,Thursday,18377,Travel & Transport,-999,-999.0,Clear,354
10034,40.6914746462291 -73.9873838424683,480,Thursday,9227,Travel & Transport,-999,-999.0,Clear,354
10034,40.6735265522377 -73.9959454536438,480,Thursday,35750,Travel & Transport,-999,-999.0,Clear,354
10034,40.670267551729005 -73.9897763729095,480,Thursday,2529,Travel & Transport,-999,-999.0,Clear,354
10034,40.6209815077806 -73.97536684912829,540,Thursday,31166,Travel & Transport,-999,-999.0,Clear,354
10034,40.5808535628616 -73.9747613668442,540,Thursday,22722,Travel & Transport,-999,-999.0,Clear,354
10034,40.576119157443294 -73.9760541915894,540,Thursday,614,Travel & Transport,-999,-999.0,Clear,354
10034,40.5748599890725 -73.978434,540,Thursday,20149,Arts & Entertainment,-999,8.9,Clear,354
10034,40.5733484377664 -73.9803028106689,540,Thursday,31072,Outdoors & Recreation,-999,9.3,Clear,354
10034,40.707149 -73.99057,1020,Thursday,18603,Travel & Transport,-999,-999.0,Clear,354
10034,40.7520198739458 -73.98174047470091,1140,Thursday,14805,Professional & Other Places,-999,-999.0,Clouds,354
10034,40.7521133678702 -73.9813012701773,1140,Thursday,17773,Travel & Transport,-999,5.0,Clouds,354
10034,40.7095642963559 -73.7980628013611,480,Friday,13384,Shop & Service,-999,-999.0,Clear,354
10034,40.7084114717555 -73.95790636539459,480,Friday,7302,Travel & Transport,-999,-999.0,Clear,354
10034,40.6914746462291 -73.9873838424683,600,Friday,9227,Travel & Transport,-999,-999.0,Clear,354
10034,40.6735265522377 -73.9959454536438,600,Friday,35750,Travel & Transport,-999,-999.0,Clear,354
10034,40.6603919297652 -73.9980697631836,600,Friday,33689,Travel & Transport,-999,-999.0,Clear,354
10034,40.653946812382 -74.0045378711284,600,Friday,28327,Travel & Transport,-999,-999.0,Clear,354
10034,40.5774555812085 -73.9812469482422,660,Friday,11376,Travel & Transport,-999,-999.0,Clear,354
10034,40.5769613823836 -73.9816169257406,660,Friday,22274,Food,1,5.2,Clear,354
10034,40.5768437077307 -73.981329966159,1200,Friday,27028,Shop & Service,-999,-999.0,Clear,354
10034,40.705414144111 -73.9493829518952,1320,Friday,37758,Travel & Transport,-999,-999.0,Clear,354
10034,40.80036117114779 -73.9442431926727,1320,Friday,13384,Shop & Service,-999,-999.0,Clear,354
10034,40.80036117114779 -73.9442431926727,840,Saturday,13384,Shop & Service,-999,-999.0,Clear,354
10034,40.705414144111 -73.9493829518952,840,Saturday,37758,Travel & Transport,-999,-999.0,Clear,354
10034,40.6735265522377 -73.9959454536438,840,Saturday,35750,Travel & Transport,-999,-999.0,Clear,354
10034,40.670267551729005 -73.9897763729095,840,Saturday,2529,Travel & Transport,-999,-999.0,Clear,354
10034,40.6032339344762 -73.9723800443981,900,Saturday,35529,Travel & Transport,-999,-999.0,Clear,354
10034,40.5808535628616 -73.9747613668442,900,Saturday,22722,Travel & Transport,-999,-999.0,Clear,354
10034,40.5774555812085 -73.9812469482422,900,Saturday,11376,Travel & Transport,-999,-999.0,Clear,354
10034,40.5769613823836 -73.9816169257406,1140,Saturday,22274,Food,1,5.2,Clouds,354
10034,40.5768437077307 -73.981329966159,1140,Saturday,27028,Shop & Service,-999,-999.0,Clouds,354
10034,40.5748599890725 -73.978434,1140,Saturday,20149,Arts & Entertainment,-999,8.9,Clouds,354
10034,40.5733484377664 -73.9803028106689,1140,Saturday,31072,Outdoors & Recreation,-999,9.3,Clouds,354
10034,40.5774555812085 -73.9812469482422,0,Sunday,11376,Travel & Transport,-999,-999.0,Rain,354
10034,40.5808535628616 -73.9747613668442,0,Sunday,22722,Travel & Transport,-999,-999.0,Rain,354
10034,40.6032339344762 -73.9723800443981,0,Sunday,35529,Travel & Transport,-999,-999.0,Rain,354
10034,40.649485135359 -73.9758825302124,0,Sunday,28852,Travel & Transport,-999,-999.0,Rain,354
10034,40.670267551729005 -73.9897763729095,0,Sunday,2529,Travel & Transport,-999,-999.0,Clouds,354
10034,40.6735265522377 -73.9959454536438,0,Sunday,35750,Travel & Transport,-999,-999.0,Clouds,354
10034,40.705414144111 -73.9493829518952,60,Sunday,37758,Travel & Transport,-999,-999.0,Clouds,354
10034,40.80036117114779 -73.9442431926727,60,Sunday,13384,Shop & Service,-999,-999.0,Clouds,354
10034,40.705414144111 -73.9493829518952,420,Sunday,37758,Travel & Transport,-999,-999.0,Clouds,354
10034,40.6735265522377 -73.9959454536438,420,Sunday,35750,Travel & Transport,-999,-999.0,Clouds,354
10034,40.670267551729005 -73.9897763729095,420,Sunday,2529,Travel & Transport,-999,-999.0,Clouds,354
10034,40.6209815077806 -73.97536684912829,480,Sunday,31166,Travel & Transport,-999,-999.0,Clear,354
10034,40.6032339344762 -73.9723800443981,480,Sunday,35529,Travel & Transport,-999,-999.0,Clear,354
10034,40.5808535628616 -73.9747613668442,480,Sunday,22722,Travel & Transport,-999,-999.0,Clear,354
10034,40.5774555812085 -73.9812469482422,480,Sunday,11376,Travel & Transport,-999,-999.0,Clear,354
10034,40.5733484377664 -73.9803028106689,480,Sunday,31072,Outdoors & Recreation,-999,9.3,Clear,354
10034,40.5769613823836 -73.9816169257406,540,Sunday,22274,Food,1,5.2,Clear,354
10034,40.670267551729005 -73.9897763729095,1080,Sunday,2529,Travel & Transport,-999,-999.0,Clouds,354
10035,40.80036117114779 -73.9442431926727,480,Monday,13384,Shop & Service,-999,-999.0,Clouds,354
10035,40.7084114717555 -73.95790636539459,480,Monday,7302,Travel & Transport,-999,-999.0,Clouds,354
10035,40.7121836958424 -73.9677792473058,480,Monday,4260,Travel & Transport,-999,-999.0,Clouds,354
10035,40.7135654797986 -73.9723634719849,480,Monday,21440,Outdoors & Recreation,-999,-999.0,Clouds,354
10035,40.7186072791304 -73.9881134033203,480,Monday,18377,Travel & Transport,-999,-999.0,Clouds,354
10035,40.738223969621295 -73.9962136745453,480,Monday,5466,Travel & Transport,-999,-999.0,Clouds,354
10035,40.7365629886756 -73.9943517601803,480,Monday,17239,Professional & Other Places,-999,-999.0,Clouds,354
10035,40.735282496916206 -73.9904031515828,600,Monday,32276,Outdoors & Recreation,-999,9.4,Clear,354
10035,40.7346477325578 -73.9903402924124,600,Monday,2627,Shop & Service,-999,4.7,Clear,354
10035,40.734269 -73.990084,600,Monday,12061,Shop & Service,-999,6.6,Clear,354
10035,40.7346083964397 -73.9897227287292,600,Monday,37940,Shop & Service,-999,-999.0,Clear,354
10035,40.7357343464241 -73.9905676245691,600,Monday,24192,Travel & Transport,-999,-999.0,Clear,354
10035,40.7085883614824 -73.9910316467285,600,Monday,18603,Travel & Transport,-999,-999.0,Clear,354
10035,40.7181437748072 -74.0001565217972,600,Monday,8300,Travel & Transport,-999,-999.0,Clear,354
10035,40.6843073787307 -73.97759780287741,600,Monday,10758,Travel & Transport,-999,-999.0,Clear,354
10035,40.661108493804896 -73.99748,960,Monday,32460,Shop & Service,-999,-999.0,Clouds,354
10035,40.6843073787307 -73.97759780287741,1020,Monday,10758,Travel & Transport,-999,-999.0,Clouds,354
10035,40.6833497402084 -73.9750224863867,1020,Monday,15284,Shop & Service,-999,5.2,Clouds,354
10035,40.6842810320077 -73.9764630664184,1080,Monday,36351,Shop & Service,-999,6.0,Clouds,354
10035,40.6853975690096 -73.9777332544327,1080,Monday,11657,Professional & Other Places,-999,-999.0,Clouds,354
10035,40.6844818713305 -73.97750762367829,1080,Monday,16134,Food,1,4.8,Clouds,354
10035,40.6843073787307 -73.97759780287741,1080,Monday,10758,Travel & Transport,-999,-999.0,Clouds,354
10035,40.5748599890725 -73.978434,1320,Tuesday,20149,Arts & Entertainment,-999,8.9,Clouds,354
10035,40.5733484377664 -73.9803028106689,1320,Tuesday,31072,Outdoors & Recreation,-999,9.3,Clouds,354
10035,40.670267551729005 -73.9897763729095,1380,Tuesday,2529,Travel & Transport,-999,-999.0,Clouds,354
10035,40.6735265522377 -73.9959454536438,1380,Tuesday,35750,Travel & Transport,-999,-999.0,Clouds,354
10035,40.7137281244465 -73.9901089668274,900,Wednesday,11667,Travel & Transport,-999,-999.0,Clear,354
10035,40.6914746462291 -73.9873838424683,900,Wednesday,9227,Travel & Transport,-999,-999.0,Clear,354
10035,40.5748599890725 -73.978434,900,Wednesday,20149,Arts & Entertainment,-999,8.9,Clear,354
10035,40.5748599890725 -73.978434,1140,Wednesday,20149,Arts & Entertainment,-999,8.9,Clear,354
10035,40.5733484377664 -73.9803028106689,1140,Wednesday,31072,Outdoors & Recreation,-999,9.3,Clear,354
10035,40.5774555812085 -73.9812469482422,60,Thursday,11376,Travel & Transport,-999,-999.0,Clear,354
10035,40.5808535628616 -73.9747613668442,60,Thursday,22722,Travel & Transport,-999,-999.0,Clear,354
10035,40.670267551729005 -73.9897763729095,60,Thursday,2529,Travel & Transport,-999,-999.0,Clear,354
10035,40.6735265522377 -73.9959454536438,60,Thursday,35750,Travel & Transport,-999,-999.0,Clear,354
10035,40.705414144111 -73.9493829518952,60,Thursday,37758,Travel & Transport,-999,-999.0,Clear,354
10035,40.80036117114779 -73.9442431926727,60,Thursday,13384,Shop & Service,-999,-999.0,Clear,354
10035,40.7084114717555 -73.95790636539459,480,Thursday,7302,Travel & Transport,-999,-999.0,Clouds,354
10035,40.7186072791304 -73.9881134033203,480,Thursday,18377,Travel & Transport,-999,-999.0,Clouds,354
10035,40.738223969621295 -73.9962136745453,480,Thursday,5466,Travel & Transport,-999,-999.0,Clouds,354
10035,40.7369153020959 -73.99176354093709,480,Thursday,30288,Professional & Other Places,-999,-999.0,Clouds,354
10035,40.7352097339957 -73.99106339580491,480,Thursday,34263,Outdoors & Recreation,-999,-999.0,Clouds,354
10035,40.7360075431301 -73.99362293035699,540,Thursday,24436,Shop & Service,-999,7.3,Clouds,354
10035,40.734269 -73.990084,540,Thursday,12061,Shop & Service,-999,6.6,Clouds,354
10035,40.735282496916206 -73.9904031515828,840,Thursday,32276,Outdoors & Recreation,-999,9.4,Clear,354
10035,40.7470618874989 -74.00519371032709,840,Thursday,1531,Outdoors & Recreation,-999,9.7,Clear,354
10035,40.713435 -74.006141,1080,Thursday,5337,Outdoors & Recreation,-999,9.2,Clear,354
10035,40.714294 -73.988845,1080,Thursday,33574,Professional & Other Places,-999,-999.0,Clear,354
10035,40.80036117114779 -73.9442431926727,420,Friday,13384,Shop & Service,-999,-999.0,Clear,354
10035,40.705414144111 -73.9493829518952,420,Friday,37758,Travel & Transport,-999,-999.0,Clear,354
10035,40.5774555812085 -73.9812469482422,420,Friday,11376,Travel & Transport,-999,-999.0,Clear,354
10035,40.5769613823836 -73.9816169257406,720,Friday,22274,Food,1,5.2,Clear,354
10035,40.5733484377664 -73.9803028106689,720,Friday,31072,Outdoors & Recreation,-999,9.3,Clear,354
10035,40.6842810320077 -73.9764630664184,1140,Friday,36351,Shop & Service,-999,6.0,Clear,354
10035,40.6843073787307 -73.97759780287741,1140,Friday,10758,Travel & Transport,-999,-999.0,Clear,354
10035,40.705414144111 -73.9493829518952,480,Saturday,37758,Travel & Transport,-999,-999.0,Clouds,354
10035,40.5774555812085 -73.9812469482422,480,Saturday,11376,Travel & Transport,-999,-999.0,Clouds,354
10035,40.5769613823836 -73.9816169257406,480,Saturday,22274,Food,1,5.2,Clouds,354
10035,40.5748599890725 -73.978434,480,Saturday,20149,Arts & Entertainment,-999,8.9,Clouds,354
10036,40.80036117114779 -73.9442431926727,420,Monday,13384,Shop & Service,-999,-999.0,Clear,354
10036,40.7091983224544 -74.0111857652664,600,Monday,10481,Outdoors & Recreation,-999,8.1,Clear,354
10036,40.7181437748072 -74.0001565217972,600,Monday,8300,Travel & Transport,-999,-999.0,Clear,354
10036,40.6843073787307 -73.97759780287741,600,Monday,10758,Travel & Transport,-999,-999.0,Clear,354
10036,40.5769613823836 -73.9816169257406,660,Monday,22274,Food,1,5.2,Clear,354
10036,40.5768437077307 -73.981329966159,720,Monday,27028,Shop & Service,-999,-999.0,Clouds,354
10036,40.5748599890725 -73.978434,720,Monday,20149,Arts & Entertainment,-999,8.9,Clouds,354
10036,40.5733484377664 -73.9803028106689,720,Monday,31072,Outdoors & Recreation,-999,9.3,Clouds,354
10036,40.6843073787307 -73.97759780287741,1320,Monday,10758,Travel & Transport,-999,-999.0,Clear,354
10036,40.7186072791304 -73.9881134033203,1320,Monday,18377,Travel & Transport,-999,-999.0,Clear,354
10036,40.80036117114779 -73.9442431926727,1320,Monday,13384,Shop & Service,-999,-999.0,Clear,354
10036,40.5769613823836 -73.9816169257406,1020,Tuesday,22274,Food,1,5.2,Clear,354
10036,40.5733484377664 -73.9803028106689,1020,Tuesday,31072,Outdoors & Recreation,-999,9.3,Clear,354
10036,40.5748599890725 -73.978434,1020,Tuesday,20149,Arts & Entertainment,-999,8.9,Clear,354
10036,40.6843073787307 -73.97759780287741,1080,Tuesday,10758,Travel & Transport,-999,-999.0,Clear,354
10036,40.7357343464241 -73.9905676245691,1080,Tuesday,24192,Travel & Transport,-999,-999.0,Clear,354
10036,40.7516329998705 -73.9758854995058,1080,Tuesday,2075,Travel & Transport,-999,-999.0,Clear,354
10036,40.752812398933 -73.9771747434091,1080,Tuesday,637,Shop & Service,-999,8.9,Clear,354
10036,40.5769613823836 -73.9816169257406,660,Wednesday,22274,Food,1,5.2,Clear,354
10036,40.5748599890725 -73.978434,660,Wednesday,20149,Arts & Entertainment,-999,8.9,Clear,354
10036,40.576891105323206 -73.9819211024292,660,Wednesday,14025,Food,2,-999.0,Clear,354
10036,40.5737233065519 -73.9802384376526,720,Wednesday,32607,Arts & Entertainment,-999,6.5,Clear,354
10036,40.57484790030711 -73.9775669574738,720,Wednesday,12565,Arts & Entertainment,-999,9.2,Clear,354
10036,40.575850034994296 -73.981129094197,1080,Wednesday,25819,Food,1,6.4,Rain,354
10036,40.576891105323206 -73.9819211024292,1080,Wednesday,14025,Food,2,-999.0,Rain,354
10036,40.5751707796836 -73.9784373896539,1080,Wednesday,12201,Arts & Entertainment,-999,-999.0,Rain,354
10036,40.5733484377664 -73.9803028106689,1140,Friday,31072,Outdoors & Recreation,-999,9.3,Clouds,354
10036,40.5768437077307 -73.981329966159,1140,Friday,27028,Shop & Service,-999,-999.0,Clouds,354
10036,40.6842810320077 -73.9764630664184,1140,Friday,36351,Shop & Service,-999,6.0,Rain,354
10036,40.6833497402084 -73.9750224863867,1140,Friday,15284,Shop & Service,-999,5.2,Rain,354
10036,40.683859907409705 -73.9773845672607,1140,Friday,6187,Shop & Service,-999,5.5,Rain,354
10036,40.6845107737926 -73.9768695831299,1140,Friday,35245,Shop & Service,-999,5.8,Rain,354
10036,40.70240710847521 -73.7999725341797,1080,Saturday,8487,Travel & Transport,-999,-999.0,Clouds,354
10036,40.80036117114779 -73.9442431926727,1080,Saturday,13384,Shop & Service,-999,-999.0,Clouds,354
10036,40.7217170453931 -73.84452469646929,360,Sunday,25352,Travel & Transport,-999,-999.0,Clear,354
10036,40.754035474213 -73.9424514770508,360,Sunday,5845,Travel & Transport,-999,-999.0,Clear,354
10036,40.6914746462291 -73.9873838424683,360,Sunday,9227,Travel & Transport,-999,-999.0,Clear,354
10036,40.670267551729005 -73.9897763729095,360,Sunday,2529,Travel & Transport,-999,-999.0,Clear,354
10036,40.5774555812085 -73.9812469482422,360,Sunday,11376,Travel & Transport,-999,-999.0,Clear,354
10036,40.5769613823836 -73.9816169257406,600,Sunday,22274,Food,1,5.2,Clear,354
10036,40.5748599890725 -73.978434,600,Sunday,20149,Arts & Entertainment,-999,8.9,Clear,354
10037,40.80036117114779 -73.9442431926727,360,Tuesday,13384,Shop & Service,-999,-999.0,Fog,354
10037,40.7106378081967 -73.79437208175659,360,Tuesday,9692,Travel & Transport,-999,-999.0,Fog,354
10037,40.7217170453931 -73.84452469646929,360,Tuesday,25352,Travel & Transport,-999,-999.0,Fog,354
10037,40.754035474213 -73.9424514770508,360,Tuesday,5845,Travel & Transport,-999,-999.0,Fog,354
10037,40.6914746462291 -73.9873838424683,420,Tuesday,9227,Travel & Transport,-999,-999.0,Clear,354
10037,40.6735265522377 -73.9959454536438,420,Tuesday,35750,Travel & Transport,-999,-999.0,Clear,354
10037,40.670267551729005 -73.9897763729095,420,Tuesday,2529,Travel & Transport,-999,-999.0,Clear,354
10037,40.6209815077806 -73.97536684912829,420,Tuesday,31166,Travel & Transport,-999,-999.0,Clear,354
10037,40.5808535628616 -73.9747613668442,480,Tuesday,22722,Travel & Transport,-999,-999.0,Clear,354
10037,40.5774555812085 -73.9812469482422,480,Tuesday,11376,Travel & Transport,-999,-999.0,Clear,354
10037,40.5733484377664 -73.9803028106689,480,Tuesday,31072,Outdoors & Recreation,-999,9.3,Clear,354
10037,40.5769613823836 -73.9816169257406,480,Tuesday,22274,Food,1,5.2,Clear,354
10037,40.5748599890725 -73.978434,660,Tuesday,20149,Arts & Entertainment,-999,8.9,Clouds,354
10037,40.5733484377664 -73.9803028106689,660,Tuesday,31072,Outdoors & Recreation,-999,9.3,Clouds,354
10037,40.7106378081967 -73.79437208175659,1080,Friday,9692,Travel & Transport,-999,-999.0,Clouds,354
10037,40.7074416107634 -73.7945959401117,1080,Friday,6586,Professional & Other Places,-999,-999.0,Clouds,354
10037,40.80036117114779 -73.9442431926727,1140,Friday,13384,Shop & Service,-999,-999.0,Clouds,354
10037,40.80036117114779 -73.9442431926727,600,Saturday,13384,Shop & Service,-999,-999.0,Clouds,354
10037,40.7106378081967 -73.79437208175659,600,Saturday,9692,Travel & Transport,-999,-999.0,Clouds,354
10037,40.70240710847521 -73.7999725341797,600,Saturday,8487,Travel & Transport,-999,-999.0,Clouds,354
10037,40.6032339344762 -73.9723800443981,660,Saturday,35529,Travel & Transport,-999,-999.0,Fog,354
10037,40.5774555812085 -73.9812469482422,660,Saturday,11376,Travel & Transport,-999,-999.0,Fog,354
10037,40.5769613823836 -73.9816169257406,660,Saturday,22274,Food,1,5.2,Fog,354
10037,40.5733484377664 -73.9803028106689,720,Saturday,31072,Outdoors & Recreation,-999,9.3,Fog,354
10037,40.576891105323206 -73.9819211024292,720,Saturday,14025,Food,2,-999.0,Fog,354
10037,40.6735265522377 -73.9959454536438,720,Saturday,35750,Travel & Transport,-999,-999.0,Clouds,354
10037,40.6783761057844 -73.9033985137939,780,Saturday,12392,Travel & Transport,-999,-999.0,Clouds,354
10037,40.6833176617966 -73.8732594280675,840,Saturday,13340,Travel & Transport,-999,-999.0,Rain,354
10037,40.6912837988929 -73.8673446756575,840,Saturday,21612,Travel & Transport,-999,-999.0,Rain,354
10037,40.6925159104036 -73.85915279388429,840,Saturday,31935,Travel & Transport,-999,-999.0,Rain,354
10037,40.695216613517104 -73.8438534736633,840,Saturday,22788,Travel & Transport,-999,-999.0,Rain,354
10037,40.6970549813256 -73.83675098419191,840,Saturday,19516,Travel & Transport,-999,-999.0,Rain,354
10037,40.70281071 -73.814052,840,Saturday,26712,Food,1,6.9,Rain,354
10037,40.80036117114779 -73.9442431926727,600,Sunday,13384,Shop & Service,-999,-999.0,Clouds,354
10037,40.7106378081967 -73.79437208175659,600,Sunday,9692,Travel & Transport,-999,-999.0,Clouds,354
10037,40.6914746462291 -73.9873838424683,660,Sunday,9227,Travel & Transport,-999,-999.0,Clouds,354
10037,40.6735265522377 -73.9959454536438,660,Sunday,35750,Travel & Transport,-999,-999.0,Clouds,354
10037,40.670267551729005 -73.9897763729095,660,Sunday,2529,Travel & Transport,-999,-999.0,Clouds,354
10037,40.6209815077806 -73.97536684912829,660,Sunday,31166,Travel & Transport,-999,-999.0,Clouds,354
10037,40.6032339344762 -73.9723800443981,660,Sunday,35529,Travel & Transport,-999,-999.0,Clouds,354
10037,40.5733484377664 -73.9803028106689,900,Sunday,31072,Outdoors & Recreation,-999,9.3,Clouds,354
10037,40.6914746462291 -73.9873838424683,1320,Sunday,9227,Travel & Transport,-999,-999.0,Clouds,354
10037,40.6992837309 -73.9905166625977,1320,Sunday,37432,Travel & Transport,-999,-999.0,Clouds,354
10037,40.6783761057844 -73.9033985137939,1320,Sunday,12392,Travel & Transport,-999,-999.0,Clouds,354
10037,40.703446645733 -73.8002773453846,1380,Sunday,8088,Food,1,5.5,Clouds,354
10038,40.80036117114779 -73.9442431926727,720,Monday,13384,Shop & Service,-999,-999.0,Clouds,354
10038,40.7106378081967 -73.79437208175659,720,Monday,9692,Travel & Transport,-999,-999.0,Clouds,354
10038,40.6914746462291 -73.9873838424683,720,Monday,9227,Travel & Transport,-999,-999.0,Clouds,354
10038,40.7629749001036 -73.9818692207336,840,Monday,15790,Travel & Transport,-999,-999.0,Clouds,354
10038,40.6843073787307 -73.97759780287741,840,Monday,10758,Travel & Transport,-999,-999.0,Clouds,354
10038,40.80036117114779 -73.9442431926727,300,Sunday,13384,Shop & Service,-999,-999.0,Clouds,354
10038,40.6914746462291 -73.9873838424683,300,Sunday,9227,Travel & Transport,-999,-999.0,Clouds,354
10038,40.6209815077806 -73.97536684912829,420,Sunday,31166,Travel & Transport,-999,-999.0,Clouds,354
10038,40.6032339344762 -73.9723800443981,420,Sunday,35529,Travel & Transport,-999,-999.0,Clouds,354
10038,40.5748599890725 -73.978434,1080,Sunday,20149,Arts & Entertainment,-999,8.9,Clouds,354
10038,40.5769613823836 -73.9816169257406,1080,Sunday,22274,Food,1,5.2,Clouds,354
10038,40.6914746462291 -73.9873838424683,1080,Sunday,9227,Travel & Transport,-999,-999.0,Clouds,354
10038,40.6783761057844 -73.9033985137939,1080,Sunday,12392,Travel & Transport,-999,-999.0,Clouds,354
10038,40.70240710847521 -73.7999725341797,1200,Sunday,8487,Travel & Transport,-999,-999.0,Rain,354
10038,40.80036117114779 -73.9442431926727,1200,Sunday,13384,Shop & Service,-999,-999.0,Rain,354
10040,40.762399 -73.916267,960,Monday,21546,Shop & Service,-999,6.2,Clouds,354
10040,40.5796875342043 -73.98061256533059,960,Monday,1105,Shop & Service,-999,6.7,Clouds,354
10040,40.700959311038 -73.80771875381471,960,Monday,34503,Travel & Transport,-999,-999.0,Clouds,354
10040,40.5774555812085 -73.9812469482422,960,Monday,11376,Travel & Transport,-999,-999.0,Clouds,354
10040,40.5769613823836 -73.9816169257406,1020,Monday,22274,Food,1,5.2,Clouds,354
10040,40.5733484377664 -73.9803028106689,1140,Monday,31072,Outdoors & Recreation,-999,9.3,Clear,354
10040,40.576891105323206 -73.9819211024292,1140,Monday,14025,Food,2,-999.0,Clear,354
10040,40.80036117114779 -73.9442431926727,1260,Monday,13384,Shop & Service,-999,-999.0,Clear,354
10040,40.80036117114779 -73.9442431926727,480,Tuesday,13384,Shop & Service,-999,-999.0,Clear,354
10040,40.7497034836652 -73.9878129959106,600,Tuesday,799,Travel & Transport,-999,-999.0,Clear,354
10040,40.7503081840931 -73.9890719854358,600,Tuesday,27815,Shop & Service,-999,5.9,Clear,354
10040,40.5796875342043 -73.98061256533059,720,Tuesday,1105,Shop & Service,-999,6.7,Clouds,354
10040,40.5769613823836 -73.9816169257406,720,Tuesday,22274,Food,1,5.2,Clouds,354
10040,40.5768437077307 -73.981329966159,720,Tuesday,27028,Shop & Service,-999,-999.0,Clouds,354
10040,40.5733484377664 -73.9803028106689,1020,Tuesday,31072,Outdoors & Recreation,-999,9.3,Clouds,354
10040,40.5765966540931 -73.9813184877668,1020,Tuesday,25882,Food,1,6.5,Clouds,354
10040,40.5751412694824 -73.9815044403076,1020,Tuesday,31928,Food,2,8.4,Clouds,354
10040,40.6914746462291 -73.9873838424683,1080,Tuesday,9227,Travel & Transport,-999,-999.0,Clouds,354
10040,40.70240710847521 -73.7999725341797,1200,Tuesday,8487,Travel & Transport,-999,-999.0,Clouds,354
10040,40.7050748775105 -73.79641056060791,1200,Tuesday,14701,Shop & Service,-999,6.6,Clouds,354
10040,40.7106378081967 -73.79437208175659,720,Thursday,9692,Travel & Transport,-999,-999.0,Clouds,354
10040,40.5769613823836 -73.9816169257406,1080,Thursday,22274,Food,1,5.2,Clear,354
10040,40.5768437077307 -73.981329966159,1080,Thursday,27028,Shop & Service,-999,-999.0,Clear,354
10040,40.5789862644494 -73.98380354367809,1080,Thursday,22505,Food,2,9.0,Clear,354
10040,40.7093171437512 -73.7974223015331,600,Friday,9558,Shop & Service,-999,6.3,Clear,354
10040,40.7106378081967 -73.79437208175659,600,Friday,9692,Travel & Transport,-999,-999.0,Clear,354
10040,40.76256858864311 -73.96796464920041,660,Friday,30164,Travel & Transport,-999,-999.0,Clear,354
10040,40.8278609004168 -73.925651460886,660,Friday,37856,Travel & Transport,-999,-999.0,Clear,354
10040,40.8465885580691 -73.90898532686641,660,Friday,8946,Professional & Other Places,-999,-999.0,Clear,354
10040,40.7106378081967 -73.79437208175659,1320,Friday,9692,Travel & Transport,-999,-999.0,Clear,354
10040,40.80036117114779 -73.9442431926727,360,Saturday,13384,Shop & Service,-999,-999.0,Clouds,354
10040,40.7106378081967 -73.79437208175659,360,Saturday,9692,Travel & Transport,-999,-999.0,Clouds,354
10040,40.5774555812085 -73.9812469482422,480,Saturday,11376,Travel & Transport,-999,-999.0,Rain,354
10040,40.5733484377664 -73.9803028106689,1020,Saturday,31072,Outdoors & Recreation,-999,9.3,Clouds,354
10040,40.574952163147294 -73.9811577902044,1020,Saturday,3538,Shop & Service,-999,6.8,Clouds,354
10040,40.5768437077307 -73.981329966159,1020,Saturday,27028,Shop & Service,-999,-999.0,Clouds,354
10040,40.7106378081967 -73.79437208175659,1320,Saturday,9692,Travel & Transport,-999,-999.0,Clear,354
10040,40.80036117114779 -73.9442431926727,1320,Saturday,13384,Shop & Service,-999,-999.0,Clear,354
10040,40.670267551729005 -73.9897763729095,480,Sunday,2529,Travel & Transport,-999,-999.0,Clear,354
10040,40.5774555812085 -73.9812469482422,480,Sunday,11376,Travel & Transport,-999,-999.0,Clear,354
10040,40.5774555812085 -73.9812469482422,660,Sunday,11376,Travel & Transport,-999,-999.0,Clear,354
10040,40.5769613823836 -73.9816169257406,660,Sunday,22274,Food,1,5.2,Clear,354
10040,40.574952163147294 -73.9811577902044,1020,Sunday,3538,Shop & Service,-999,6.8,Clouds,354
10040,40.5733484377664 -73.9803028106689,1020,Sunday,31072,Outdoors & Recreation,-999,9.3,Clouds,354
10040,40.5774555812085 -73.9812469482422,1020,Sunday,11376,Travel & Transport,-999,-999.0,Clouds,354
10040,40.7315840898818 -74.0002155303955,1080,Sunday,38299,Travel & Transport,-999,-999.0,Clear,354
10040,40.738223969621295 -73.9962136745453,1140,Sunday,5466,Travel & Transport,-999,-999.0,Clear,354
10041,40.5765966540931 -73.9813184877668,360,Wednesday,25882,Food,1,6.5,Clouds,354
10041,40.5774555812085 -73.9812469482422,360,Wednesday,11376,Travel & Transport,-999,-999.0,Clouds,354
10041,40.5764684582724 -73.9680030915786,360,Wednesday,28057,Travel & Transport,-999,-999.0,Clouds,354
10041,40.7497034836652 -73.9878129959106,360,Wednesday,799,Travel & Transport,-999,-999.0,Clouds,354
10041,40.7106378081967 -73.79437208175659,420,Wednesday,9692,Travel & Transport,-999,-999.0,Clouds,354
10041,40.7093171437512 -73.7974223015331,480,Wednesday,9558,Shop & Service,-999,6.3,Clouds,354
10041,40.7093171437512 -73.7974223015331,1080,Wednesday,9558,Shop & Service,-999,6.3,Clouds,354
10041,40.5774555812085 -73.9812469482422,1200,Wednesday,11376,Travel & Transport,-999,-999.0,Clear,354
10041,40.5796875342043 -73.98061256533059,1200,Wednesday,1105,Shop & Service,-999,6.7,Clear,354
10041,40.5769613823836 -73.9816169257406,1200,Wednesday,22274,Food,1,5.2,Clear,354
10041,40.5733484377664 -73.9803028106689,1380,Wednesday,31072,Outdoors & Recreation,-999,9.3,Clear,354
10041,40.7106378081967 -73.79437208175659,60,Thursday,9692,Travel & Transport,-999,-999.0,Clear,354
10041,40.80036117114779 -73.9442431926727,60,Thursday,13384,Shop & Service,-999,-999.0,Clouds,354
10041,40.7106378081967 -73.79437208175659,840,Sunday,9692,Travel & Transport,-999,-999.0,Clear,354
10041,40.5774555812085 -73.9812469482422,900,Sunday,11376,Travel & Transport,-999,-999.0,Clouds,354
10041,40.5769613823836 -73.9816169257406,900,Sunday,22274,Food,1,5.2,Clouds,354
10044,40.7085883614824 -73.9910316467285,960,Monday,18603,Travel & Transport,-999,-999.0,Clear,354
10044,40.5769613823836 -73.9816169257406,0,Tuesday,22274,Food,1,5.2,Clear,354
10044,40.5774555812085 -73.9812469482422,0,Tuesday,11376,Travel & Transport,-999,-999.0,Clear,354
10044,40.576828199358296 -73.9816857959764,0,Tuesday,14570,Food,1,-999.0,Clear,354
10044,40.5733484377664 -73.9803028106689,0,Tuesday,31072,Outdoors & Recreation,-999,9.3,Clear,354
10044,40.80036117114779 -73.9442431926727,840,Tuesday,13384,Shop & Service,-999,-999.0,Rain,354
10044,40.7106378081967 -73.79437208175659,840,Tuesday,9692,Travel & Transport,-999,-999.0,Rain,354
10044,40.5774555812085 -73.9812469482422,0,Wednesday,11376,Travel & Transport,-999,-999.0,Rain,354
10044,40.5769613823836 -73.9816169257406,0,Wednesday,22274,Food,1,5.2,Rain,354
10044,40.5733484377664 -73.9803028106689,0,Wednesday,31072,Outdoors & Recreation,-999,9.3,Rain,354
10044,40.57558746820521 -73.9803428219265,0,Wednesday,34658,Nightlife Spot,2,6.9,Rain,354
10044,40.5748599890725 -73.978434,0,Wednesday,20149,Arts & Entertainment,-999,8.9,Rain,354
10044,40.80036117114779 -73.9442431926727,960,Wednesday,13384,Shop & Service,-999,-999.0,Clouds,354
10044,40.70240710847521 -73.7999725341797,960,Wednesday,8487,Travel & Transport,-999,-999.0,Clouds,354
10044,40.5733484377664 -73.9803028106689,960,Wednesday,31072,Outdoors & Recreation,-999,9.3,Clouds,354
10044,40.5791755738089 -73.982552411001,960,Wednesday,38292,Food,1,-999.0,Clouds,354
10044,40.576891105323206 -73.9819211024292,960,Wednesday,14025,Food,2,-999.0,Clouds,354
10044,40.70240710847521 -73.7999725341797,660,Thursday,8487,Travel & Transport,-999,-999.0,Clouds,354
10044,40.762399 -73.916267,660,Thursday,21546,Shop & Service,-999,6.2,Clouds,354
10044,40.763283695152296 -73.9156293869019,660,Thursday,6136,Shop & Service,-999,-999.0,Clouds,354
10044,40.7397735859936 -74.0025758743286,1080,Thursday,2323,Travel & Transport,-999,-999.0,Clouds,354
10044,40.740089 -74.0074467658997,1140,Thursday,23159,Food,4,8.6,Clouds,354
10044,40.7410741466322 -74.00514081631609,1140,Thursday,2455,Shop & Service,-999,8.8,Clouds,354
10044,40.703446645733 -73.8002773453846,1200,Thursday,8088,Food,1,5.5,Clouds,354
10044,40.80036117114779 -73.9442431926727,300,Friday,13384,Shop & Service,-999,-999.0,Clouds,354
10044,40.70240710847521 -73.7999725341797,300,Friday,8487,Travel & Transport,-999,-999.0,Clouds,354
10044,40.7181437748072 -74.0001565217972,360,Friday,8300,Travel & Transport,-999,-999.0,Clouds,354
10044,40.7085883614824 -73.9910316467285,360,Friday,18603,Travel & Transport,-999,-999.0,Clouds,354
10044,40.5778266755975 -73.96074810898621,420,Friday,25779,Travel & Transport,-999,-999.0,Clouds,354
10044,40.5778500001294 -73.9612072931907,420,Friday,677,Food,1,6.9,Clouds,354
10044,40.5774555812085 -73.9812469482422,420,Friday,11376,Travel & Transport,-999,-999.0,Clouds,354
10044,40.5733484377664 -73.9803028106689,420,Friday,31072,Outdoors & Recreation,-999,9.3,Clouds,354
10044,40.5769613823836 -73.9816169257406,420,Friday,22274,Food,1,5.2,Clouds,354
10044,40.5768437077307 -73.981329966159,480,Friday,27028,Shop & Service,-999,-999.0,Clouds,354
10044,40.7051399437131 -73.7957239151001,1080,Friday,37651,Shop & Service,-999,-999.0,Clouds,354
10044,40.80036117114779 -73.9442431926727,1080,Friday,13384,Shop & Service,-999,-999.0,Clouds,354
10044,40.7076902290061 -73.7974337907253,720,Saturday,15869,Professional & Other Places,-999,-999.0,Clouds,354
10044,40.7051399437131 -73.7957239151001,720,Saturday,37651,Shop & Service,-999,-999.0,Clouds,354
10044,40.70240710847521 -73.7999725341797,1200,Saturday,8487,Travel & Transport,-999,-999.0,Clouds,354
10044,40.7397735859936 -74.0025758743286,1260,Saturday,2323,Travel & Transport,-999,-999.0,Clear,354
10044,40.7106378081967 -73.79437208175659,120,Sunday,9692,Travel & Transport,-999,-999.0,Clear,354
10044,40.80036117114779 -73.9442431926727,120,Sunday,13384,Shop & Service,-999,-999.0,Clear,354
10044,40.738223969621295 -73.9962136745453,120,Sunday,5466,Travel & Transport,-999,-999.0,Clear,354
10046,40.80036117114779 -73.9442431926727,1380,Monday,13384,Shop & Service,-999,-999.0,Clear,354
10046,40.7051399437131 -73.7957239151001,780,Wednesday,37651,Shop & Service,-999,-999.0,Rain,354
10046,40.703446645733 -73.8002773453846,720,Friday,8088,Food,1,5.5,Clear,354
10046,40.75051626137429 -73.9934992790222,780,Friday,33364,Arts & Entertainment,-999,9.2,Clear,354
10046,40.7434980442502 -74.1704685393237,900,Friday,23715,Outdoors & Recreation,-999,7.0,Clear,354
10046,40.7374212033396 -74.1708040237427,900,Friday,10103,Travel & Transport,-999,-999.0,Clear,354
10046,40.765258324306295 -74.1800630092621,960,Friday,36484,Travel & Transport,-999,-999.0,Clouds,354
10046,40.7797290212681 -74.174636900425,960,Friday,11995,Travel & Transport,-999,-999.0,Clouds,354
10046,40.780327 -74.180301,960,Friday,26025,Travel & Transport,-999,-999.0,Clouds,354
10046,40.7804915852682 -74.1878515478815,1020,Friday,34463,Travel & Transport,-999,-999.0,Clouds,354
10046,40.8436609768843 -73.9391365178844,840,Saturday,33826,Shop & Service,-999,6.4,Clouds,354
10046,40.83937899059461 -73.941128444167,840,Saturday,10796,Shop & Service,-999,6.6,Clouds,354
10046,40.8355501865349 -73.9402616430287,840,Saturday,914,Shop & Service,-999,-999.0,Clouds,354
10046,40.730348 -74.148042,1140,Saturday,23536,Food,2,-999.0,Clouds,354
10046,40.691508 -73.91341,1260,Saturday,23155,Professional & Other Places,-999,-999.0,Fog,354
10046,40.7825046641039 -74.1828925114931,60,Sunday,14022,Food,1,5.9,Clouds,354
10046,40.780789447209 -74.200323080063,60,Sunday,687,Shop & Service,-999,-999.0,Clouds,354
10046,40.7733931093329 -74.18757063491908,720,Sunday,8075,Shop & Service,-999,6.6,Clear,354
10046,40.7307357788086 -74.14805603027341,720,Sunday,5548,Food,1,-999.0,Clear,354
10046,40.7305488586426 -74.1485214233398,720,Sunday,23248,Professional & Other Places,-999,-999.0,Clear,354
10046,40.8545265772426 -73.9680290222168,1020,Sunday,7728,Travel & Transport,-999,5.1,Clear,354
10046,40.8445514666659 -73.9145428667319,1020,Sunday,14358,Shop & Service,-999,-999.0,Clear,354
10046,40.7629749001036 -73.9818692207336,1140,Sunday,15790,Travel & Transport,-999,-999.0,Clear,354
10046,40.80036117114779 -73.9442431926727,1200,Sunday,13384,Shop & Service,-999,-999.0,Clear,354
10048,40.80036117114779 -73.9442431926727,540,Tuesday,13384,Shop & Service,-999,-999.0,Clear,354
10048,40.702921348660105 -73.8000992653767,540,Tuesday,26763,Food,1,6.6,Clear,354
10048,40.7029276571656 -73.80001544952391,540,Tuesday,20318,Food,1,5.7,Clear,354
10048,40.70240710847521 -73.7999725341797,840,Tuesday,8487,Travel & Transport,-999,-999.0,Clear,354
10048,40.756506126666295 -73.9880275726318,900,Tuesday,34785,Travel & Transport,-999,-999.0,Clear,354
10048,40.75762764254579 -73.9821481704712,900,Tuesday,28711,Food,1,5.4,Clear,354
10048,40.758682653049 -73.9786784393583,1080,Tuesday,17143,Outdoors & Recreation,-999,9.4,Clear,354
10048,40.756506126666295 -73.9880275726318,1200,Tuesday,34785,Travel & Transport,-999,-999.0,Clear,354
10048,40.75762764254579 -73.9821481704712,1260,Tuesday,28711,Food,1,5.4,Clear,354
10048,40.756506126666295 -73.9880275726318,420,Wednesday,34785,Travel & Transport,-999,-999.0,Clear,354
10048,40.7034086412354 -73.800145221523,960,Wednesday,20019,Food,1,4.9,Clear,354
10048,40.7589206283909 -73.9792523660094,480,Thursday,29948,Professional & Other Places,-999,-999.0,Clear,354
10048,40.756506126666295 -73.9880275726318,480,Thursday,34785,Travel & Transport,-999,-999.0,Clear,354
10048,40.70240710847521 -73.7999725341797,540,Thursday,8487,Travel & Transport,-999,-999.0,Clouds,354
10048,40.703446645733 -73.8002773453846,540,Thursday,8088,Food,1,5.5,Clouds,354
10048,40.80036117114779 -73.9442431926727,780,Thursday,13384,Shop & Service,-999,-999.0,Clear,354
10048,40.76256858864311 -73.96796464920041,900,Thursday,30164,Travel & Transport,-999,-999.0,Clear,354
10048,40.8444560706405 -73.9146863961351,960,Thursday,26829,Travel & Transport,-999,-999.0,Clear,354
10048,40.8796783025601 -73.8846445083618,960,Thursday,15341,Travel & Transport,-999,-999.0,Clear,354
10048,40.7079315625132 -73.8027991709574,420,Friday,9182,Travel & Transport,-999,-999.0,Clear,354
10048,40.80036117114779 -73.9442431926727,1200,Sunday,13384,Shop & Service,-999,-999.0,Clouds,354
10049,40.7066167081459 -73.7944121103368,900,Monday,21631,Shop & Service,-999,6.3,Clear,354
10049,40.7999632100036 -73.94483327865599,1080,Tuesday,13384,Shop & Service,-999,-999.0,Clouds,354
10049,40.758682653049 -73.9786784393583,1200,Wednesday,17143,Outdoors & Recreation,-999,9.4,Clear,354
10049,40.7583369009738 -73.98237449697709,1200,Wednesday,15941,Food,2,6.3,Clear,354
10049,40.703446645733 -73.8002773453846,1140,Friday,8088,Food,1,5.5,Clouds,354
10049,40.756506126666295 -73.9880275726318,1200,Friday,34785,Travel & Transport,-999,-999.0,Clouds,354
10049,40.7564898726738 -73.9862680435181,1200,Friday,21033,Outdoors & Recreation,-999,9.0,Clouds,354
10049,40.758682653049 -73.9786784393583,1200,Friday,17143,Outdoors & Recreation,-999,9.4,Clouds,354
10049,40.75762764254579 -73.9821481704712,1200,Friday,28711,Food,1,5.4,Clouds,354
10049,40.7564898726738 -73.9862680435181,420,Saturday,21033,Outdoors & Recreation,-999,9.0,Clouds,354
10049,40.703446645733 -73.8002773453846,480,Saturday,8088,Food,1,5.5,Clouds,354
10049,40.7060602188404 -73.7931023182782,540,Saturday,27323,Food,1,5.4,Clouds,354
10049,40.703446645733 -73.8002773453846,1200,Saturday,8088,Food,1,5.5,Clouds,354
10049,40.756506126666295 -73.9880275726318,1260,Saturday,34785,Travel & Transport,-999,-999.0,Clouds,354
10049,40.7587486226439 -73.9785980894904,1260,Saturday,11269,Outdoors & Recreation,-999,8.9,Clouds,354
10049,40.7589206283909 -73.9792523660094,1260,Saturday,29948,Professional & Other Places,-999,-999.0,Clouds,354
10049,40.7600080443825 -73.9805322162711,1260,Saturday,3957,Arts & Entertainment,-999,9.5,Clouds,354
10049,40.7595293001434 -73.9803564548492,1260,Saturday,15680,Professional & Other Places,-999,-999.0,Clouds,354
10049,40.759318007541296 -73.979959487915,1260,Saturday,32954,Professional & Other Places,-999,-999.0,Clouds,354
10049,40.756506126666295 -73.9880275726318,420,Sunday,34785,Travel & Transport,-999,-999.0,Fog,354
10049,40.70240710847521 -73.7999725341797,480,Sunday,8487,Travel & Transport,-999,-999.0,Clouds,354
10049,40.756506126666295 -73.9880275726318,1200,Sunday,34785,Travel & Transport,-999,-999.0,Clouds,354
10049,40.7587486226439 -73.9785980894904,1200,Sunday,11269,Outdoors & Recreation,-999,8.9,Clouds,354
10049,40.7583369009738 -73.98237449697709,1200,Sunday,15941,Food,2,6.3,Clouds,354
10049,40.75762764254579 -73.9821481704712,1200,Sunday,28711,Food,1,5.4,Clouds,354
10050,40.75762764254579 -73.9821481704712,420,Monday,28711,Food,1,5.4,Clear,354
10050,40.758682653049 -73.9786784393583,420,Monday,17143,Outdoors & Recreation,-999,9.4,Clear,354
10050,40.756506126666295 -73.9880275726318,480,Monday,34785,Travel & Transport,-999,-999.0,Clear,354
10050,40.7999632100036 -73.94483327865599,480,Monday,13384,Shop & Service,-999,-999.0,Clear,354
10050,40.7093171437512 -73.7974223015331,660,Monday,9558,Shop & Service,-999,6.3,Fog,354
10050,40.6783761057844 -73.9033985137939,840,Tuesday,12392,Travel & Transport,-999,-999.0,Clouds,354
10050,40.7135654797986 -73.9723634719849,900,Tuesday,21440,Outdoors & Recreation,-999,-999.0,Clouds,354
10050,40.71283098641 -73.9692026628653,900,Tuesday,4260,Travel & Transport,-999,-999.0,Clouds,354
10050,40.7186072791304 -73.9881134033203,900,Tuesday,18377,Travel & Transport,-999,-999.0,Clouds,354
10050,40.70240710847521 -73.7999725341797,300,Wednesday,8487,Travel & Transport,-999,-999.0,Clouds,354
10050,40.7999632100036 -73.94483327865599,300,Wednesday,13384,Shop & Service,-999,-999.0,Clouds,354
10050,40.7103389344795 -73.79423528909679,900,Wednesday,14624,Shop & Service,-999,-999.0,Clear,354
10050,40.7564898726738 -73.9862680435181,1260,Wednesday,21033,Outdoors & Recreation,-999,9.0,Clear,354
10050,40.75762764254579 -73.9821481704712,1260,Wednesday,28711,Food,1,5.4,Clouds,354
10050,40.75762764254579 -73.9821481704712,480,Thursday,28711,Food,1,5.4,Clear,354
10050,40.7587486226439 -73.9785980894904,480,Thursday,11269,Outdoors & Recreation,-999,8.9,Clear,354
10050,40.756506126666295 -73.9880275726318,480,Thursday,34785,Travel & Transport,-999,-999.0,Clear,354
10050,40.70240710847521 -73.7999725341797,540,Thursday,8487,Travel & Transport,-999,-999.0,Clear,354
10050,40.703446645733 -73.8002773453846,1200,Friday,8088,Food,1,5.5,Rain,354
10050,40.7564898726738 -73.9862680435181,1200,Friday,21033,Outdoors & Recreation,-999,9.0,Clouds,354
10050,40.7597356225422 -73.9802222981555,1200,Friday,3957,Arts & Entertainment,-999,9.5,Clouds,354
10050,40.75762764254579 -73.9821481704712,480,Saturday,28711,Food,1,5.4,Clouds,354
10050,40.756506126666295 -73.9880275726318,480,Saturday,34785,Travel & Transport,-999,-999.0,Clouds,354
10050,40.70240710847521 -73.7999725341797,540,Saturday,8487,Travel & Transport,-999,-999.0,Clouds,354
10050,40.7033824875448 -73.7996052361332,540,Saturday,8823,Shop & Service,-999,-999.0,Clouds,354
10050,40.7050748775105 -73.79641056060791,660,Saturday,14701,Shop & Service,-999,6.6,Clouds,354
10050,40.7055139011834 -73.79530253422921,660,Saturday,28628,Shop & Service,-999,6.7,Clouds,354
10050,40.70240710847521 -73.7999725341797,1200,Sunday,8487,Travel & Transport,-999,-999.0,Clouds,354
10050,40.7564898726738 -73.9862680435181,1260,Sunday,21033,Outdoors & Recreation,-999,9.0,Clouds,354
10050,40.7587486226439 -73.9785980894904,1260,Sunday,11269,Outdoors & Recreation,-999,8.9,Clouds,354
10050,40.7564538278204 -73.9829771083278,1260,Sunday,18642,Shop & Service,-999,-999.0,Clouds,354
10050,40.75762764254579 -73.9821481704712,1260,Sunday,28711,Food,1,5.4,Rain,354
10051,40.70240710847521 -73.7999725341797,540,Monday,8487,Travel & Transport,-999,-999.0,Clouds,354
10051,40.7999632100036 -73.94483327865599,540,Monday,13384,Shop & Service,-999,-999.0,Clouds,354
10051,40.75762764254579 -73.9821481704712,660,Tuesday,28711,Food,1,5.4,Clouds,354
10051,40.7999632100036 -73.94483327865599,660,Tuesday,13384,Shop & Service,-999,-999.0,Clouds,354
10051,40.7999632100036 -73.94483327865599,840,Wednesday,13384,Shop & Service,-999,-999.0,Clear,354
10051,40.703446645733 -73.8002773453846,840,Wednesday,8088,Food,1,5.5,Clear,354
10051,40.756506126666295 -73.9880275726318,900,Wednesday,34785,Travel & Transport,-999,-999.0,Clear,354
10051,40.75762764254579 -73.9821481704712,1080,Wednesday,28711,Food,1,5.4,Clear,354
10051,40.753727972632106 -73.98368835767091,1140,Wednesday,20719,Outdoors & Recreation,-999,9.7,Clear,354
10051,40.7999632100036 -73.94483327865599,360,Friday,13384,Shop & Service,-999,-999.0,Clear,354
10051,40.703446645733 -73.8002773453846,1200,Friday,8088,Food,1,5.5,Clear,354
10051,40.70240710847521 -73.7999725341797,1200,Friday,8487,Travel & Transport,-999,-999.0,Clear,354
10051,40.756506126666295 -73.9880275726318,1260,Friday,34785,Travel & Transport,-999,-999.0,Clear,354
10051,40.7587486226439 -73.9785980894904,1260,Friday,11269,Outdoors & Recreation,-999,8.9,Clear,354
10051,40.7564898726738 -73.9862680435181,1260,Friday,21033,Outdoors & Recreation,-999,9.0,Clear,354
10051,40.7564538278204 -73.9829771083278,1260,Friday,18642,Shop & Service,-999,-999.0,Clear,354
10051,40.75762764254579 -73.9821481704712,120,Saturday,28711,Food,1,5.4,Clear,354
10051,40.756506126666295 -73.9880275726318,480,Saturday,34785,Travel & Transport,-999,-999.0,Clear,354
10051,40.7033824875448 -73.7996052361332,600,Saturday,8823,Shop & Service,-999,-999.0,Clear,354
10051,40.703446645733 -73.8002773453846,1200,Saturday,8088,Food,1,5.5,Clear,354
10051,40.70240710847521 -73.7999725341797,1200,Saturday,8487,Travel & Transport,-999,-999.0,Clear,354
10051,40.7564898726738 -73.9862680435181,60,Sunday,21033,Outdoors & Recreation,-999,9.0,Clouds,354
10051,40.7587486226439 -73.9785980894904,60,Sunday,11269,Outdoors & Recreation,-999,8.9,Clouds,354
10051,40.7999632100036 -73.94483327865599,1140,Sunday,13384,Shop & Service,-999,-999.0,Rain,354
10051,40.703446645733 -73.8002773453846,1200,Sunday,8088,Food,1,5.5,Rain,354
10051,40.70240710847521 -73.7999725341797,1200,Sunday,8487,Travel & Transport,-999,-999.0,Rain,354
10051,40.75762764254579 -73.9821481704712,1260,Sunday,28711,Food,1,5.4,Clouds,354
10053,40.7999632100036 -73.94483327865599,540,Friday,13384,Shop & Service,-999,-999.0,Clouds,354
10053,40.70240710847521 -73.7999725341797,540,Friday,8487,Travel & Transport,-999,-999.0,Clouds,354
10053,40.756506126666295 -73.9880275726318,600,Friday,34785,Travel & Transport,-999,-999.0,Clouds,354
10053,40.7564898726738 -73.9862680435181,600,Friday,21033,Outdoors & Recreation,-999,9.0,Clouds,354
10053,40.7587486226439 -73.9785980894904,600,Friday,11269,Outdoors & Recreation,-999,8.9,Clouds,354
10053,40.7103389344795 -73.79423528909679,1140,Friday,14624,Shop & Service,-999,-999.0,Clear,354
10053,40.7999632100036 -73.94483327865599,840,Saturday,13384,Shop & Service,-999,-999.0,Snow,354
10053,40.7087674532323 -73.7997086377043,1140,Saturday,12831,Shop & Service,-999,6.6,Snow,354
10053,40.7564898726738 -73.9862680435181,1200,Saturday,21033,Outdoors & Recreation,-999,9.0,Clouds,354
10053,40.75762764254579 -73.9821481704712,1200,Saturday,28711,Food,1,5.4,Clouds,354
10053,40.75762764254579 -73.9821481704712,1260,Saturday,28711,Food,1,5.4,Clouds,354
10053,40.7999632100036 -73.94483327865599,1140,Sunday,13384,Shop & Service,-999,-999.0,Clear,354
10053,40.70240710847521 -73.7999725341797,1140,Sunday,8487,Travel & Transport,-999,-999.0,Clear,354
10055,40.7050748775105 -73.79641056060791,1020,Tuesday,14701,Shop & Service,-999,6.6,Clear,354
10055,40.7093171437512 -73.7974223015331,1080,Tuesday,9558,Shop & Service,-999,6.3,Clear,354
10055,40.7999632100036 -73.94483327865599,480,Wednesday,13384,Shop & Service,-999,-999.0,Clouds,354
10055,40.7087674532323 -73.7997086377043,660,Wednesday,12831,Shop & Service,-999,6.6,Fog,354
10055,40.70240710847521 -73.7999725341797,900,Wednesday,8487,Travel & Transport,-999,-999.0,Clouds,354
10055,40.7217170453931 -73.84452469646929,900,Wednesday,25352,Travel & Transport,-999,-999.0,Clouds,354
10055,40.7353691197001 -73.8746777936432,900,Wednesday,19474,Shop & Service,-999,6.4,Clouds,354
10055,40.70240710847521 -73.7999725341797,960,Wednesday,8487,Travel & Transport,-999,-999.0,Clouds,354
10055,40.7999632100036 -73.94483327865599,600,Thursday,13384,Shop & Service,-999,-999.0,Clear,354
10055,40.70240710847521 -73.7999725341797,1020,Thursday,8487,Travel & Transport,-999,-999.0,Clear,354
10055,40.7564898726738 -73.9862680435181,1080,Thursday,21033,Outdoors & Recreation,-999,9.0,Clear,354
10055,40.7587486226439 -73.9785980894904,1080,Thursday,11269,Outdoors & Recreation,-999,8.9,Clear,354
10055,40.7564538278204 -73.9829771083278,1080,Thursday,18642,Shop & Service,-999,-999.0,Clear,354
10055,40.7591113789453 -73.9795450679418,1080,Thursday,3365,Professional & Other Places,-999,8.8,Clear,354
10055,40.7999632100036 -73.94483327865599,600,Friday,13384,Shop & Service,-999,-999.0,Clear,354
10055,40.7093171437512 -73.7974223015331,600,Friday,9558,Shop & Service,-999,6.3,Clear,354
10055,40.756506126666295 -73.9880275726318,600,Friday,34785,Travel & Transport,-999,-999.0,Clear,354
10055,40.7564898726738 -73.9862680435181,600,Friday,21033,Outdoors & Recreation,-999,9.0,Clear,354
10055,40.7535965987135 -73.9835643768311,600,Friday,28996,Outdoors & Recreation,-999,-999.0,Clear,354
10055,40.75885710200311 -73.98109465898241,1020,Friday,37747,Travel & Transport,-999,-999.0,Clouds,354
10055,40.7551327832984 -73.9842626728921,1020,Friday,22247,Shop & Service,-999,8.7,Clouds,354
10055,40.7217170453931 -73.84452469646929,1200,Friday,25352,Travel & Transport,-999,-999.0,Rain,354
10055,40.703446645733 -73.8002773453846,900,Saturday,8088,Food,1,5.5,Clouds,354
10055,40.7603907168784 -73.9758825302124,1080,Saturday,7059,Travel & Transport,-999,-999.0,Clouds,354
10055,40.75762764254579 -73.9821481704712,1080,Saturday,28711,Food,1,5.4,Clouds,354
10056,40.7564538278204 -73.9829771083278,60,Tuesday,18642,Shop & Service,-999,-999.0,Clouds,354
10056,40.75762764254579 -73.9821481704712,60,Tuesday,28711,Food,1,5.4,Clouds,354
10056,40.7577593862175 -73.9824663235906,60,Tuesday,29092,Food,1,8.1,Clouds,354
10056,40.7516329998705 -73.9758854995058,900,Tuesday,2075,Travel & Transport,-999,-999.0,Clouds,354
10056,40.803894 -73.937624,720,Wednesday,7096,Travel & Transport,-999,-999.0,Clouds,354
10056,40.8004608154297 -73.9443359375,720,Thursday,19448,Residence,-999,-999.0,Clear,354
10056,40.7999632100036 -73.94483327865599,840,Thursday,13384,Shop & Service,-999,-999.0,Clear,354
10056,40.7980062031305 -73.93997462192921,840,Thursday,26150,Shop & Service,-999,-999.0,Clear,354
10056,40.803894 -73.937624,1320,Thursday,7096,Travel & Transport,-999,-999.0,Clouds,354
10056,40.7564538278204 -73.9829771083278,1320,Thursday,18642,Shop & Service,-999,-999.0,Clouds,354
10056,40.75885710200311 -73.98109465898241,720,Friday,37747,Travel & Transport,-999,-999.0,Clouds,354
10057,40.7530562559525 -73.9776051919239,1080,Monday,17956,Food,1,4.4,Clouds,354
10057,40.7587486226439 -73.9785980894904,1320,Monday,11269,Outdoors & Recreation,-999,8.9,Clouds,354
10057,40.75762764254579 -73.9821481704712,1320,Monday,28711,Food,1,5.4,Clouds,354
10057,40.7564538278204 -73.9829771083278,60,Tuesday,18642,Shop & Service,-999,-999.0,Clear,354
10057,40.7603907168784 -73.9758825302124,1320,Thursday,7059,Travel & Transport,-999,-999.0,Clear,354
10057,40.7587486226439 -73.9785980894904,1320,Thursday,11269,Outdoors & Recreation,-999,8.9,Clear,354
10057,40.7564538278204 -73.9829771083278,1320,Thursday,18642,Shop & Service,-999,-999.0,Clear,354
10057,40.75762764254579 -73.9821481704712,1320,Thursday,28711,Food,1,5.4,Clear,354
10057,40.75885710200311 -73.98109465898241,660,Friday,37747,Travel & Transport,-999,-999.0,Clear,354
10057,40.7587486226439 -73.9785980894904,660,Friday,11269,Outdoors & Recreation,-999,8.9,Clear,354
10057,40.798518 -73.941711,660,Friday,4869,Travel & Transport,-999,-999.0,Clear,354
10057,40.798518 -73.941711,900,Friday,4869,Travel & Transport,-999,-999.0,Clouds,354
10057,40.7981187811842 -73.9404166342455,900,Friday,3158,Shop & Service,-999,6.7,Clouds,354
10057,40.6408886740465 -73.78684043884279,960,Friday,13232,Travel & Transport,-999,-999.0,Clouds,354
10057,40.7939263003705 -73.9432294162555,1320,Friday,38329,Food,1,6.5,Clouds,354
10057,40.8004769042981 -73.9443477988243,1320,Friday,13384,Shop & Service,-999,-999.0,Clouds,354
10057,40.798518 -73.941711,1320,Friday,4869,Travel & Transport,-999,-999.0,Clouds,354
10057,40.75762764254579 -73.9821481704712,60,Saturday,28711,Food,1,5.4,Clear,354
10057,40.7980062031305 -73.93997462192921,540,Saturday,26150,Shop & Service,-999,-999.0,Clear,354
10057,40.8004608154297 -73.9443359375,840,Saturday,19448,Residence,-999,-999.0,Clear,354
10057,40.8004769042981 -73.9443477988243,840,Saturday,13384,Shop & Service,-999,-999.0,Clear,354
10057,40.7989140737627 -73.9419895010589,600,Sunday,18725,Shop & Service,-999,-999.0,Clear,354
10057,40.8004769042981 -73.9443477988243,900,Sunday,13384,Shop & Service,-999,-999.0,Clear,354
10023,40.7095642963559 -73.7980628013611,420,Monday,13384,Shop & Service,-999,-999.0,Clear,354
10023,40.717786213012296 -73.9862598722017,720,Monday,26926,Professional & Other Places,-999,-999.0,Clear,354
10023,40.7186072791304 -73.9881134033203,780,Monday,18377,Travel & Transport,-999,-999.0,Clear,354
10023,40.7127847799583 -73.98929357528691,780,Monday,792,Food,1,4.7,Clear,354
10023,40.718928 -73.9894545078278,780,Monday,1751,Professional & Other Places,-999,-999.0,Clear,354
10023,40.7137281244465 -73.9901089668274,780,Monday,11667,Travel & Transport,-999,-999.0,Clear,354
10023,40.7148991541825 -73.9892613887787,780,Monday,30633,Outdoors & Recreation,-999,6.6,Clear,354
10023,40.7172585417556 -73.9886645185195,780,Monday,22294,Outdoors & Recreation,-999,-999.0,Clear,354
10023,40.714294 -73.988845,780,Monday,33574,Professional & Other Places,-999,-999.0,Clear,354
10023,40.6606198139143 -73.9794445037842,780,Monday,18632,Travel & Transport,-999,-999.0,Clear,354
10023,40.649485135359 -73.9758825302124,780,Monday,28852,Travel & Transport,-999,-999.0,Clear,354
10023,40.6355478905274 -73.978157043457,780,Monday,15770,Travel & Transport,-999,-999.0,Clear,354
10023,40.630727792284006 -73.9771699905396,780,Monday,29561,Travel & Transport,-999,-999.0,Clear,354
10023,40.625990539847 -73.97624497132959,780,Monday,24916,Travel & Transport,-999,-999.0,Clear,354
10023,40.6209815077806 -73.97536684912829,780,Monday,31166,Travel & Transport,-999,-999.0,Clear,354
10023,40.614812 -73.974199,780,Monday,33631,Travel & Transport,-999,-999.0,Clear,354
10023,40.6090691806825 -73.97311126196979,780,Monday,1195,Travel & Transport,-999,-999.0,Clear,354
10023,40.6032339344762 -73.9723800443981,780,Monday,35529,Travel & Transport,-999,-999.0,Clear,354
10023,40.576119157443294 -73.9760541915894,840,Monday,614,Travel & Transport,-999,-999.0,Clear,354
10023,40.5960578236576 -73.9733558893204,840,Monday,16450,Travel & Transport,-999,-999.0,Clear,354
10023,40.5774555812085 -73.9812469482422,840,Monday,11376,Travel & Transport,-999,-999.0,Clear,354
10023,40.5751412694824 -73.9815044403076,840,Monday,31928,Food,2,8.4,Clear,354
10023,40.5733484377664 -73.9803028106689,840,Monday,31072,Outdoors & Recreation,-999,9.3,Clear,354
10023,40.573607648526 -73.9766983792632,840,Monday,23872,Outdoors & Recreation,-999,9.3,Clear,354
10023,40.5733484377664 -73.9803028106689,840,Monday,31072,Outdoors & Recreation,-999,9.3,Clear,354
10023,40.5797388474599 -73.9814964027685,900,Monday,7024,Travel & Transport,-999,-999.0,Clear,354
10023,40.5769613823836 -73.9816169257406,900,Monday,22274,Food,1,5.2,Clear,354
10023,40.5779674 -73.98168255,900,Monday,21741,Travel & Transport,-999,-999.0,Clear,354
10023,40.5783660276293 -73.9834764134437,900,Monday,8983,Shop & Service,-999,-999.0,Clear,354
10023,40.5774555812085 -73.9812469482422,900,Monday,11376,Travel & Transport,-999,-999.0,Clear,354
10023,40.574130770241 -73.9751100540161,900,Monday,9470,Arts & Entertainment,-999,7.3,Clear,354
10023,40.5808535628616 -73.9747613668442,900,Monday,22722,Travel & Transport,-999,-999.0,Clear,354
10023,40.7095642963559 -73.7980628013611,480,Tuesday,13384,Shop & Service,-999,-999.0,Clear,354
10023,40.705414144111 -73.9493829518952,480,Tuesday,37758,Travel & Transport,-999,-999.0,Clear,354
10023,40.6735265522377 -73.9959454536438,480,Tuesday,35750,Travel & Transport,-999,-999.0,Clear,354
10023,40.670267551729005 -73.9897763729095,480,Tuesday,2529,Travel & Transport,-999,-999.0,Clear,354
10023,40.6603919297652 -73.9980697631836,660,Tuesday,33689,Travel & Transport,-999,-999.0,Clear,354
10023,40.735282496916206 -73.9904031515828,840,Tuesday,32276,Outdoors & Recreation,-999,9.4,Clear,354
10023,40.7357343464241 -73.9905676245691,840,Tuesday,24192,Travel & Transport,-999,-999.0,Clear,354
10023,40.707560746779 -73.9402559026108,1260,Tuesday,6100,Travel & Transport,-999,-999.0,Clear,354
10023,40.717273679029205 -73.9568710327148,1260,Tuesday,5726,Travel & Transport,-999,-999.0,Clear,354
10023,40.730592217474 -73.98163318634029,1260,Tuesday,31921,Travel & Transport,-999,-999.0,Clear,354
10023,40.7332100782357 -73.9875984191895,1260,Tuesday,14349,Travel & Transport,-999,-999.0,Clear,354
10023,40.7038650412276 -73.9474014937878,600,Wednesday,8587,Travel & Transport,-999,-999.0,Clear,354
10023,40.7186072791304 -73.9881134033203,600,Wednesday,18377,Travel & Transport,-999,-999.0,Clear,354
10023,40.7252667480795 -73.99617075920101,600,Wednesday,23845,Travel & Transport,-999,-999.0,Clear,354
10023,40.7315840898818 -74.0002155303955,600,Wednesday,38299,Travel & Transport,-999,-999.0,Clear,354
10023,40.7124920151581 -74.0101718902588,600,Wednesday,12183,Travel & Transport,-999,-999.0,Clear,354
10023,40.7133238793446 -74.00795798740559,600,Wednesday,38150,Professional & Other Places,-999,-999.0,Clear,354
10023,40.714996124190606 -74.014287336531,600,Wednesday,15144,Professional & Other Places,-999,-999.0,Clear,354
10023,40.715297624882005 -74.0147852897644,660,Wednesday,13805,Food,2,9.1,Clear,354
10023,40.7154236712394 -74.0158635377884,660,Wednesday,30758,Professional & Other Places,-999,-999.0,Clear,354
10023,40.712508279903 -74.00766134262079,660,Wednesday,18320,Travel & Transport,-999,-999.0,Clear,354
10023,40.7110712116457 -74.0096794993046,660,Wednesday,36040,Travel & Transport,-999,-999.0,Clear,354
10023,40.7103775644912 -74.0075540542603,660,Wednesday,15673,Travel & Transport,-999,-999.0,Clear,354
10023,40.7084114717555 -73.95790636539459,1380,Wednesday,7302,Travel & Transport,-999,-999.0,Clouds,354
10023,40.7068153765355 -73.95348072052,1380,Wednesday,1137,Travel & Transport,-999,-999.0,Clouds,354
10023,40.7038650412276 -73.9474014937878,1380,Wednesday,8587,Travel & Transport,-999,-999.0,Clouds,354
10023,40.705071459613706 -73.9471098402602,1380,Wednesday,25135,Residence,-999,-999.0,Clouds,354
10023,40.7095642963559 -73.7980628013611,420,Thursday,13384,Shop & Service,-999,-999.0,Fog,354
10023,40.5774555812085 -73.9812469482422,840,Thursday,11376,Travel & Transport,-999,-999.0,Clear,354
10023,40.5797388474599 -73.9814964027685,840,Thursday,7024,Travel & Transport,-999,-999.0,Clear,354
10023,40.5783660276293 -73.9834764134437,840,Thursday,8983,Shop & Service,-999,-999.0,Clear,354
10023,40.5769613823836 -73.9816169257406,840,Thursday,22274,Food,1,5.2,Clear,354
10023,40.7038650412276 -73.9474014937878,1200,Thursday,8587,Travel & Transport,-999,-999.0,Clear,354
10023,40.705071459613706 -73.9471098402602,1200,Thursday,25135,Residence,-999,-999.0,Clear,354
10023,40.7095642963559 -73.7980628013611,1200,Thursday,13384,Shop & Service,-999,-999.0,Clear,354
10023,40.70293685699011 -73.9468285695388,1260,Thursday,18570,Shop & Service,-999,-999.0,Clear,354
10023,40.6994816788895 -73.94011239211001,1260,Thursday,8817,Food,1,-999.0,Clear,354
10023,40.700222172527 -73.9474255518072,1260,Thursday,15760,Food,1,-999.0,Clear,354
10023,40.6999024119916 -73.9468228293157,1260,Thursday,8251,Nightlife Spot,2,-999.0,Clear,354
10023,40.7095642963559 -73.7980628013611,480,Friday,13384,Shop & Service,-999,-999.0,Clear,354
10023,40.705414144111 -73.9493829518952,480,Friday,37758,Travel & Transport,-999,-999.0,Clear,354
10023,40.6997392325848 -73.95021915435791,480,Friday,27339,Travel & Transport,-999,-999.0,Clear,354
10023,40.69526718993741 -73.9494575737938,480,Friday,4854,Travel & Transport,-999,-999.0,Clear,354
10023,40.6899054282934 -73.9517765784408,480,Friday,16999,Travel & Transport,-999,-999.0,Clear,354
10023,40.6886254895731 -73.9599674933305,480,Friday,29147,Travel & Transport,-999,-999.0,Clear,354
10023,40.6871060402909 -73.9754104614258,480,Friday,31531,Travel & Transport,-999,-999.0,Clear,354
10023,40.6884768534347 -73.9850127696991,480,Friday,5993,Travel & Transport,-999,-999.0,Clear,354
10023,40.6861053695685 -73.9904737472534,480,Friday,28306,Travel & Transport,-999,-999.0,Clear,354
10023,40.680695458897205 -73.9956544648521,480,Friday,14751,Travel & Transport,-999,-999.0,Clear,354
10023,40.670267551729005 -73.9897763729095,480,Friday,2529,Travel & Transport,-999,-999.0,Clear,354
10023,40.680695458897205 -73.9956544648521,540,Friday,14751,Travel & Transport,-999,-999.0,Clear,354
10023,40.6735265522377 -73.9959454536438,540,Friday,35750,Travel & Transport,-999,-999.0,Clear,354
10023,40.670267551729005 -73.9897763729095,540,Friday,2529,Travel & Transport,-999,-999.0,Clear,354
10023,40.66534009619971 -73.992919921875,600,Friday,29197,Travel & Transport,-999,-999.0,Clear,354
10023,40.6603919297652 -73.9980697631836,600,Friday,33689,Travel & Transport,-999,-999.0,Clear,354
10023,40.7514187728686 -73.9912413017774,600,Friday,12292,Professional & Other Places,-999,-999.0,Clear,354
10023,40.653946812382 -74.0045378711284,660,Friday,28327,Travel & Transport,-999,-999.0,Clouds,354
10023,40.6843073787307 -73.97759780287741,660,Friday,10758,Travel & Transport,-999,-999.0,Clouds,354
10023,40.7130694111687 -74.0044105052948,660,Friday,19232,Travel & Transport,-999,-999.0,Clouds,354
10023,40.713435 -74.006141,660,Friday,5337,Outdoors & Recreation,-999,9.2,Clouds,354
10023,40.7126587286049 -74.005880355835,660,Friday,20846,Professional & Other Places,-999,-999.0,Clouds,354
10023,40.7140556666667 -74.005586,720,Friday,8376,Professional & Other Places,-999,-999.0,Clouds,354
10023,40.735282496916206 -73.9904031515828,720,Friday,32276,Outdoors & Recreation,-999,9.4,Clouds,354
10023,40.7357343464241 -73.9905676245691,720,Friday,24192,Travel & Transport,-999,-999.0,Clouds,354
10023,40.736339892082206 -73.99444931986771,720,Friday,12673,Professional & Other Places,-999,-999.0,Clouds,354
10023,40.7186072791304 -73.9881134033203,840,Friday,18377,Travel & Transport,-999,-999.0,Clouds,354
10023,40.7084114717555 -73.95790636539459,840,Friday,7302,Travel & Transport,-999,-999.0,Clouds,354
10023,40.7068153765355 -73.95348072052,840,Friday,1137,Travel & Transport,-999,-999.0,Clouds,354
10023,40.7095642963559 -73.7980628013611,1380,Friday,13384,Shop & Service,-999,-999.0,Clouds,354
10023,40.7095642963559 -73.7980628013611,600,Saturday,13384,Shop & Service,-999,-999.0,Clear,354
10023,40.7037572732322 -73.9445543289185,600,Saturday,21070,Professional & Other Places,-999,-999.0,Clear,354
10023,40.702910672483 -73.9445496875947,600,Saturday,37133,Shop & Service,-999,6.8,Clear,354
10023,40.705071459613706 -73.9471098402602,1320,Saturday,25135,Residence,-999,-999.0,Clouds,354
10026,40.7084114717555 -73.95790636539459,720,Monday,7302,Travel & Transport,-999,-999.0,Clouds,354
10026,40.738223969621295 -73.9962136745453,780,Monday,5466,Travel & Transport,-999,-999.0,Clouds,354
10026,40.736339892082206 -73.99444931986771,780,Monday,12673,Professional & Other Places,-999,-999.0,Clouds,354
10026,40.7181437748072 -74.0001565217972,780,Monday,8300,Travel & Transport,-999,-999.0,Clouds,354
10026,40.7181437748072 -74.0001565217972,840,Monday,8300,Travel & Transport,-999,-999.0,Clouds,354
10026,40.7154347763394 -74.00464116412608,840,Monday,10204,Professional & Other Places,-999,-999.0,Clouds,354
10026,40.7086604933336 -74.009249122783,840,Monday,14120,Shop & Service,-999,7.9,Clouds,354
10026,40.71694 -74.006117,840,Monday,15253,Shop & Service,-999,6.5,Clouds,354
10026,40.7186072791304 -73.9881134033203,900,Monday,18377,Travel & Transport,-999,-999.0,Clouds,354
10026,40.718689821678296 -73.9886645185195,900,Monday,4683,Shop & Service,-999,6.7,Clouds,354
10026,40.7188268326834 -73.9882099628448,960,Monday,20034,Food,1,4.9,Clouds,354
10026,40.7095642963559 -73.7980628013611,720,Tuesday,13384,Shop & Service,-999,-999.0,Clouds,354
10026,40.7084114717555 -73.95790636539459,720,Tuesday,7302,Travel & Transport,-999,-999.0,Clouds,354
10026,40.7135654797986 -73.9723634719849,720,Tuesday,21440,Outdoors & Recreation,-999,-999.0,Clouds,354
10026,40.7121836958424 -73.9677792473058,720,Tuesday,4260,Travel & Transport,-999,-999.0,Clouds,354
10026,40.6914746462291 -73.9873838424683,780,Tuesday,9227,Travel & Transport,-999,-999.0,Clouds,354
10026,40.6954129728404 -73.9873215932632,780,Tuesday,24171,College & University,-999,-999.0,Clouds,354
10026,40.7084114717555 -73.95790636539459,900,Tuesday,7302,Travel & Transport,-999,-999.0,Clouds,354
10026,40.7068153765355 -73.95348072052,900,Tuesday,1137,Travel & Transport,-999,-999.0,Clouds,354
10026,40.7028591263471 -73.9448309616292,1140,Tuesday,37133,Shop & Service,-999,6.8,Clouds,354
10026,40.705071459613706 -73.9471098402602,1260,Tuesday,25135,Residence,-999,-999.0,Clouds,354
10026,40.705071459613706 -73.9471098402602,540,Wednesday,25135,Residence,-999,-999.0,Clouds,354
10026,40.7002598021248 -73.9411425590515,540,Wednesday,8674,Travel & Transport,-999,-999.0,Clouds,354
10026,40.7038650412276 -73.9474014937878,540,Wednesday,8587,Travel & Transport,-999,-999.0,Clouds,354
10026,40.7068153765355 -73.95348072052,540,Wednesday,1137,Travel & Transport,-999,-999.0,Clouds,354
10026,40.7084114717555 -73.95790636539459,540,Wednesday,7302,Travel & Transport,-999,-999.0,Clouds,354
10026,40.7121836958424 -73.9677792473058,540,Wednesday,4260,Travel & Transport,-999,-999.0,Clouds,354
10026,40.7135654797986 -73.9723634719849,540,Wednesday,21440,Outdoors & Recreation,-999,-999.0,Clouds,354
10026,40.7186072791304 -73.9881134033203,540,Wednesday,18377,Travel & Transport,-999,-999.0,Clouds,354
10026,40.5808535628616 -73.9747613668442,600,Wednesday,22722,Travel & Transport,-999,-999.0,Clouds,354
10026,40.576119157443294 -73.9760541915894,600,Wednesday,614,Travel & Transport,-999,-999.0,Clouds,354
10026,40.5774555812085 -73.9812469482422,600,Wednesday,11376,Travel & Transport,-999,-999.0,Clouds,354
10026,40.5733484377664 -73.9803028106689,600,Wednesday,31072,Outdoors & Recreation,-999,9.3,Clouds,354
10026,40.5733484377664 -73.9803028106689,1020,Thursday,31072,Outdoors & Recreation,-999,9.3,Clouds,354
10026,40.5774555812085 -73.9812469482422,1020,Thursday,11376,Travel & Transport,-999,-999.0,Clouds,354
10026,40.576119157443294 -73.9760541915894,1020,Thursday,614,Travel & Transport,-999,-999.0,Clouds,354
10026,40.5808535628616 -73.9747613668442,1020,Thursday,22722,Travel & Transport,-999,-999.0,Clouds,354
10026,40.590094770091206 -73.9741787950652,1020,Thursday,22481,Travel & Transport,-999,-999.0,Clouds,354
10026,40.5960578236576 -73.9733558893204,1020,Thursday,16450,Travel & Transport,-999,-999.0,Clouds,354
10026,40.7186072791304 -73.9881134033203,1080,Thursday,18377,Travel & Transport,-999,-999.0,Clouds,354
10026,40.7135654797986 -73.9723634719849,1080,Thursday,21440,Outdoors & Recreation,-999,-999.0,Clouds,354
10026,40.7121836958424 -73.9677792473058,1080,Thursday,4260,Travel & Transport,-999,-999.0,Clouds,354
10026,40.7068153765355 -73.95348072052,1080,Thursday,1137,Travel & Transport,-999,-999.0,Clouds,354
10026,40.7038650412276 -73.9474014937878,1080,Thursday,8587,Travel & Transport,-999,-999.0,Clouds,354
10026,40.7095642963559 -73.7980628013611,480,Friday,13384,Shop & Service,-999,-999.0,Clear,354
10026,40.705414144111 -73.9493829518952,480,Friday,37758,Travel & Transport,-999,-999.0,Clear,354
10026,40.6997392325848 -73.95021915435791,480,Friday,27339,Travel & Transport,-999,-999.0,Clear,354
10026,40.680695458897205 -73.9956544648521,480,Friday,14751,Travel & Transport,-999,-999.0,Clear,354
10026,40.6735265522377 -73.9959454536438,480,Friday,35750,Travel & Transport,-999,-999.0,Clear,354
10026,40.670267551729005 -73.9897763729095,480,Friday,2529,Travel & Transport,-999,-999.0,Clear,354
10026,40.7514187728686 -73.9912413017774,840,Friday,12292,Professional & Other Places,-999,-999.0,Clouds,354
10026,40.653946812382 -74.0045378711284,840,Friday,28327,Travel & Transport,-999,-999.0,Clouds,354
10026,40.6463999797528 -73.99432003498079,840,Friday,34406,Travel & Transport,-999,-999.0,Clouds,354
10026,40.625956203703 -73.9970183372498,840,Friday,34328,Travel & Transport,-999,-999.0,Clouds,354
10026,40.5774555812085 -73.9812469482422,840,Friday,11376,Travel & Transport,-999,-999.0,Clouds,354
10026,40.5733484377664 -73.9803028106689,840,Friday,31072,Outdoors & Recreation,-999,9.3,Clouds,354
10026,40.5768437077307 -73.981329966159,1140,Friday,27028,Shop & Service,-999,-999.0,Clear,354
10026,40.5769613823836 -73.9816169257406,1320,Friday,22274,Food,1,5.2,Clear,354
10026,40.5733484377664 -73.9803028106689,1320,Friday,31072,Outdoors & Recreation,-999,9.3,Clear,354
10026,40.7646488771231 -73.9663553237915,120,Saturday,23753,Travel & Transport,-999,-999.0,Clear,354
10026,40.7639385009364 -73.9730883042038,120,Saturday,32640,Shop & Service,-999,9.3,Clear,354
10026,40.76256858864311 -73.96796464920041,120,Saturday,30164,Travel & Transport,-999,-999.0,Clear,354
10026,40.7038650412276 -73.9474014937878,120,Saturday,8587,Travel & Transport,-999,-999.0,Clear,354
10026,40.7095642963559 -73.7980628013611,120,Saturday,13384,Shop & Service,-999,-999.0,Clear,354
10026,40.7095642963559 -73.7980628013611,420,Saturday,13384,Shop & Service,-999,-999.0,Clear,354
10026,40.7068153765355 -73.95348072052,420,Saturday,1137,Travel & Transport,-999,-999.0,Clear,354
10026,40.7084114717555 -73.95790636539459,420,Saturday,7302,Travel & Transport,-999,-999.0,Clear,354
10026,40.7135654797986 -73.9723634719849,420,Saturday,21440,Outdoors & Recreation,-999,-999.0,Clear,354
10026,40.7121836958424 -73.9677792473058,420,Saturday,4260,Travel & Transport,-999,-999.0,Clear,354
10026,40.7186072791304 -73.9881134033203,420,Saturday,18377,Travel & Transport,-999,-999.0,Clear,354
10026,40.7202661102641 -73.9940786361694,420,Saturday,2002,Travel & Transport,-999,-999.0,Clear,354
10026,40.7181437748072 -74.0001565217972,420,Saturday,8300,Travel & Transport,-999,-999.0,Clear,354
10026,40.6843073787307 -73.97759780287741,480,Saturday,10758,Travel & Transport,-999,-999.0,Clear,354
10026,40.6552622957536 -73.9615085721016,480,Saturday,17879,Travel & Transport,-999,-999.0,Clear,354
10026,40.65052298546061 -73.9629811048507,480,Saturday,37422,Travel & Transport,-999,-999.0,Clear,354
10026,40.6409245350021 -73.9638914569999,480,Saturday,6064,Travel & Transport,-999,-999.0,Clear,354
10026,40.6090656243329 -73.9577722549438,480,Saturday,16731,Travel & Transport,-999,-999.0,Clear,354
10026,40.5778266755975 -73.96074810898621,480,Saturday,25779,Travel & Transport,-999,-999.0,Clear,354
10026,40.5764684582724 -73.9680030915786,480,Saturday,28057,Travel & Transport,-999,-999.0,Clear,354
10026,40.5774555812085 -73.9812469482422,480,Saturday,11376,Travel & Transport,-999,-999.0,Clear,354
10026,40.5808535628616 -73.9747613668442,900,Saturday,22722,Travel & Transport,-999,-999.0,Clear,354
10026,40.7103775644912 -74.0075540542603,960,Saturday,15673,Travel & Transport,-999,-999.0,Clear,354
10026,40.7130694111687 -74.0044105052948,960,Saturday,19232,Travel & Transport,-999,-999.0,Clear,354
10026,40.7181437748072 -74.0001565217972,960,Saturday,8300,Travel & Transport,-999,-999.0,Clear,354
10026,40.7038650412276 -73.9474014937878,960,Saturday,8587,Travel & Transport,-999,-999.0,Clear,354
10026,40.7095642963559 -73.7980628013611,960,Saturday,13384,Shop & Service,-999,-999.0,Clear,354
10026,40.7095642963559 -73.7980628013611,540,Sunday,13384,Shop & Service,-999,-999.0,Clear,354
10026,40.7084114717555 -73.95790636539459,540,Sunday,7302,Travel & Transport,-999,-999.0,Clear,354
10026,40.7121836958424 -73.9677792473058,540,Sunday,4260,Travel & Transport,-999,-999.0,Clear,354
10026,40.7186072791304 -73.9881134033203,540,Sunday,18377,Travel & Transport,-999,-999.0,Clear,354
10026,40.6355478905274 -73.978157043457,600,Sunday,15770,Travel & Transport,-999,-999.0,Clear,354
10026,40.6209815077806 -73.97536684912829,600,Sunday,31166,Travel & Transport,-999,-999.0,Clear,354
10026,40.576891105323206 -73.9819211024292,1020,Sunday,14025,Food,2,-999.0,Clouds,354
10026,40.5733484377664 -73.9803028106689,1020,Sunday,31072,Outdoors & Recreation,-999,9.3,Clouds,354
10026,40.645106340454 -73.9791547985996,1020,Sunday,3865,Travel & Transport,-999,-999.0,Clear,354
10026,40.670267551729005 -73.9897763729095,1020,Sunday,2529,Travel & Transport,-999,-999.0,Clear,354
10026,40.680695458897205 -73.9956544648521,1020,Sunday,14751,Travel & Transport,-999,-999.0,Clear,354
10026,40.6914746462291 -73.9873838424683,1080,Sunday,9227,Travel & Transport,-999,-999.0,Clear,354
10026,40.6992837309 -73.9905166625977,1080,Sunday,37432,Travel & Transport,-999,-999.0,Clear,354
10026,40.7103775644912 -74.0075540542603,1080,Sunday,15673,Travel & Transport,-999,-999.0,Clear,354
10026,40.7202661102641 -73.9940786361694,1140,Sunday,2002,Travel & Transport,-999,-999.0,Clear,354
10026,40.7186072791304 -73.9881134033203,1140,Sunday,18377,Travel & Transport,-999,-999.0,Clear,354
10026,40.7121836958424 -73.9677792473058,1140,Sunday,4260,Travel & Transport,-999,-999.0,Clear,354
10026,40.7135654797986 -73.9723634719849,1140,Sunday,21440,Outdoors & Recreation,-999,-999.0,Clear,354
10026,40.7084114717555 -73.95790636539459,1140,Sunday,7302,Travel & Transport,-999,-999.0,Clear,354
10026,40.7068153765355 -73.95348072052,1140,Sunday,1137,Travel & Transport,-999,-999.0,Clear,354
10026,40.7095642963559 -73.7980628013611,1140,Sunday,13384,Shop & Service,-999,-999.0,Clear,354
10026,40.7067858383577 -73.95191434021758,1200,Sunday,162,Shop & Service,-999,-999.0,Clear,354
10026,40.7095642963559 -73.7980628013611,1200,Sunday,13384,Shop & Service,-999,-999.0,Clear,354
10027,40.7095642963559 -73.7980628013611,420,Monday,13384,Shop & Service,-999,-999.0,Clouds,354
10027,40.705414144111 -73.9493829518952,420,Monday,37758,Travel & Transport,-999,-999.0,Clouds,354
10027,40.7038650412276 -73.9474014937878,480,Monday,8587,Travel & Transport,-999,-999.0,Clouds,354
10027,40.7068153765355 -73.95348072052,480,Monday,1137,Travel & Transport,-999,-999.0,Clouds,354
10027,40.7084114717555 -73.95790636539459,480,Monday,7302,Travel & Transport,-999,-999.0,Clouds,354
10027,40.7135654797986 -73.9723634719849,480,Monday,21440,Outdoors & Recreation,-999,-999.0,Clouds,354
10027,40.7121836958424 -73.9677792473058,480,Monday,4260,Travel & Transport,-999,-999.0,Clouds,354
10027,40.7186072791304 -73.9881134033203,480,Monday,18377,Travel & Transport,-999,-999.0,Clouds,354
10027,40.7018214863357 -73.9868688583374,480,Monday,3149,Travel & Transport,-999,-999.0,Clouds,354
10027,40.6914746462291 -73.9873838424683,480,Monday,9227,Travel & Transport,-999,-999.0,Clouds,354
10027,40.6735265522377 -73.9959454536438,480,Monday,35750,Travel & Transport,-999,-999.0,Clouds,354
10027,40.670267551729005 -73.9897763729095,480,Monday,2529,Travel & Transport,-999,-999.0,Clouds,354
10027,40.66534009619971 -73.992919921875,540,Monday,29197,Travel & Transport,-999,-999.0,Clouds,354
10027,40.6603919297652 -73.9980697631836,540,Monday,33689,Travel & Transport,-999,-999.0,Clouds,354
10027,40.6603919297652 -73.9980697631836,1020,Monday,33689,Travel & Transport,-999,-999.0,Clouds,354
10027,40.6843073787307 -73.97759780287741,1020,Monday,10758,Travel & Transport,-999,-999.0,Clouds,354
10027,40.7516329998705 -73.9758854995058,1200,Monday,2075,Travel & Transport,-999,-999.0,Clouds,354
10027,40.752812398933 -73.9771747434091,1200,Monday,637,Shop & Service,-999,8.9,Clouds,354
10027,40.7252667480795 -73.99617075920101,1200,Monday,23845,Travel & Transport,-999,-999.0,Clouds,354
10027,40.7121836958424 -73.9677792473058,1200,Monday,4260,Travel & Transport,-999,-999.0,Clouds,354
10027,40.7038650412276 -73.9474014937878,1260,Monday,8587,Travel & Transport,-999,-999.0,Clouds,354
10027,40.7095642963559 -73.7980628013611,1260,Monday,13384,Shop & Service,-999,-999.0,Clouds,354
10027,40.7038650412276 -73.9474014937878,480,Tuesday,8587,Travel & Transport,-999,-999.0,Rain,354
10027,40.7068153765355 -73.95348072052,480,Tuesday,1137,Travel & Transport,-999,-999.0,Rain,354
10027,40.7084114717555 -73.95790636539459,480,Tuesday,7302,Travel & Transport,-999,-999.0,Rain,354
10027,40.7121836958424 -73.9677792473058,480,Tuesday,4260,Travel & Transport,-999,-999.0,Rain,354
10027,40.7186072791304 -73.9881134033203,480,Tuesday,18377,Travel & Transport,-999,-999.0,Rain,354
10027,40.6914746462291 -73.9873838424683,480,Tuesday,9227,Travel & Transport,-999,-999.0,Clouds,354
10027,40.6861053695685 -73.9904737472534,480,Tuesday,28306,Travel & Transport,-999,-999.0,Clouds,354
10027,40.680695458897205 -73.9956544648521,480,Tuesday,14751,Travel & Transport,-999,-999.0,Clouds,354
10027,40.6735265522377 -73.9959454536438,480,Tuesday,35750,Travel & Transport,-999,-999.0,Clouds,354
10027,40.670267551729005 -73.9897763729095,600,Tuesday,2529,Travel & Transport,-999,-999.0,Clouds,354
10027,40.66534009619971 -73.992919921875,600,Tuesday,29197,Travel & Transport,-999,-999.0,Clouds,354
10027,40.6603919297652 -73.9980697631836,600,Tuesday,33689,Travel & Transport,-999,-999.0,Clouds,354
10027,40.7103775644912 -74.0075540542603,900,Tuesday,15673,Travel & Transport,-999,-999.0,Rain,354
10027,40.7397735859936 -74.0025758743286,900,Tuesday,2323,Travel & Transport,-999,-999.0,Rain,354
10027,40.7410741466322 -74.00514081631609,900,Tuesday,2455,Shop & Service,-999,8.8,Rain,354
10027,40.7357343464241 -73.9905676245691,900,Tuesday,24192,Travel & Transport,-999,-999.0,Rain,354
10027,40.7516329998705 -73.9758854995058,900,Tuesday,2075,Travel & Transport,-999,-999.0,Rain,354
10027,40.752812398933 -73.9771747434091,900,Tuesday,637,Shop & Service,-999,8.9,Rain,354
10027,40.7516329998705 -73.9758854995058,960,Tuesday,2075,Travel & Transport,-999,-999.0,Clouds,354
10027,40.7520198739458 -73.98174047470091,960,Tuesday,14805,Professional & Other Places,-999,-999.0,Clouds,354
10027,40.753271503883205 -73.9822769165039,960,Tuesday,11406,Professional & Other Places,-999,-999.0,Clouds,354
10027,40.7530439365562 -73.98219108581542,960,Tuesday,32885,Professional & Other Places,-999,-999.0,Clouds,354
10027,40.7534503062366 -73.9809036254883,960,Tuesday,29904,Travel & Transport,-999,-999.0,Clouds,354
10027,40.7546287642643 -73.9840579032898,960,Tuesday,5908,Travel & Transport,-999,-999.0,Clouds,354
10027,40.7135654797986 -73.9723634719849,1020,Tuesday,21440,Outdoors & Recreation,-999,-999.0,Clouds,354
10027,40.705071459613706 -73.9471098402602,1260,Tuesday,25135,Residence,-999,-999.0,Clouds,354
10027,40.7095642963559 -73.7980628013611,1260,Tuesday,13384,Shop & Service,-999,-999.0,Clouds,354
10027,40.7068153765355 -73.95348072052,480,Wednesday,1137,Travel & Transport,-999,-999.0,Clouds,354
10027,40.7084114717555 -73.95790636539459,480,Wednesday,7302,Travel & Transport,-999,-999.0,Clouds,354
10027,40.7135654797986 -73.9723634719849,480,Wednesday,21440,Outdoors & Recreation,-999,-999.0,Clouds,354
10027,40.670267551729005 -73.9897763729095,480,Wednesday,2529,Travel & Transport,-999,-999.0,Clouds,354
10027,40.66534009619971 -73.992919921875,540,Wednesday,29197,Travel & Transport,-999,-999.0,Clouds,354
10027,40.6603919297652 -73.9980697631836,540,Wednesday,33689,Travel & Transport,-999,-999.0,Clouds,354
10027,40.7514187728686 -73.9912413017774,540,Wednesday,12292,Professional & Other Places,-999,-999.0,Clouds,354
10027,40.653946812382 -74.0045378711284,780,Wednesday,28327,Travel & Transport,-999,-999.0,Clouds,354
10027,40.6463999797528 -73.99432003498079,840,Wednesday,34406,Travel & Transport,-999,-999.0,Clouds,354
10027,40.6018976465138 -73.9935207366943,840,Wednesday,25740,Travel & Transport,-999,-999.0,Clouds,354
10027,40.5774555812085 -73.9812469482422,840,Wednesday,11376,Travel & Transport,-999,-999.0,Clear,354
10027,40.5733484377664 -73.9803028106689,840,Wednesday,31072,Outdoors & Recreation,-999,9.3,Clear,354
10027,40.5769613823836 -73.9816169257406,1020,Wednesday,22274,Food,1,5.2,Clear,354
10027,40.5733484377664 -73.9803028106689,1020,Wednesday,31072,Outdoors & Recreation,-999,9.3,Clear,354
10027,40.5774555812085 -73.9812469482422,1020,Wednesday,11376,Travel & Transport,-999,-999.0,Clear,354
10027,40.5774555812085 -73.9812469482422,1260,Wednesday,11376,Travel & Transport,-999,-999.0,Clear,354
10027,40.6355478905274 -73.978157043457,1260,Wednesday,15770,Travel & Transport,-999,-999.0,Clear,354
10027,40.670267551729005 -73.9897763729095,1260,Wednesday,2529,Travel & Transport,-999,-999.0,Clear,354
10027,40.6914746462291 -73.9873838424683,1260,Wednesday,9227,Travel & Transport,-999,-999.0,Clear,354
10027,40.7186072791304 -73.9881134033203,1260,Wednesday,18377,Travel & Transport,-999,-999.0,Clear,354
10027,40.7095642963559 -73.7980628013611,480,Thursday,13384,Shop & Service,-999,-999.0,Clear,354
10027,40.7038650412276 -73.9474014937878,480,Thursday,8587,Travel & Transport,-999,-999.0,Clear,354
10027,40.7068153765355 -73.95348072052,480,Thursday,1137,Travel & Transport,-999,-999.0,Clear,354
10027,40.7135654797986 -73.9723634719849,480,Thursday,21440,Outdoors & Recreation,-999,-999.0,Clear,354
10027,40.7121836958424 -73.9677792473058,480,Thursday,4260,Travel & Transport,-999,-999.0,Clear,354
10027,40.7186072791304 -73.9881134033203,480,Thursday,18377,Travel & Transport,-999,-999.0,Clear,354
10027,40.6914746462291 -73.9873838424683,480,Thursday,9227,Travel & Transport,-999,-999.0,Clear,354
10027,40.680695458897205 -73.9956544648521,480,Thursday,14751,Travel & Transport,-999,-999.0,Clear,354
10027,40.6735265522377 -73.9959454536438,480,Thursday,35750,Travel & Transport,-999,-999.0,Clear,354
10027,40.670267551729005 -73.9897763729095,480,Thursday,2529,Travel & Transport,-999,-999.0,Clear,354
10027,40.66534009619971 -73.992919921875,480,Thursday,29197,Travel & Transport,-999,-999.0,Clear,354
10027,40.6603919297652 -73.9980697631836,480,Thursday,33689,Travel & Transport,-999,-999.0,Clear,354
10027,40.7514187728686 -73.9912413017774,660,Thursday,12292,Professional & Other Places,-999,-999.0,Clear,354
10027,40.6463999797528 -73.99432003498079,660,Thursday,34406,Travel & Transport,-999,-999.0,Clear,354
10027,40.625956203703 -73.9970183372498,660,Thursday,34328,Travel & Transport,-999,-999.0,Clear,354
10027,40.6018976465138 -73.9935207366943,660,Thursday,25740,Travel & Transport,-999,-999.0,Clear,354
10027,40.5774555812085 -73.9812469482422,660,Thursday,11376,Travel & Transport,-999,-999.0,Clear,354
10027,40.5733484377664 -73.9803028106689,660,Thursday,31072,Outdoors & Recreation,-999,9.3,Clear,354
10027,40.5769613823836 -73.9816169257406,660,Thursday,22274,Food,1,5.2,Clear,354
10027,40.7095642963559 -73.7980628013611,480,Friday,13384,Shop & Service,-999,-999.0,Clear,354
10027,40.7068153765355 -73.95348072052,480,Friday,1137,Travel & Transport,-999,-999.0,Clear,354
10027,40.7084114717555 -73.95790636539459,480,Friday,7302,Travel & Transport,-999,-999.0,Clear,354
10027,40.7186072791304 -73.9881134033203,480,Friday,18377,Travel & Transport,-999,-999.0,Clear,354
10027,40.7121836958424 -73.9677792473058,480,Friday,4260,Travel & Transport,-999,-999.0,Clear,354
10027,40.6914746462291 -73.9873838424683,480,Friday,9227,Travel & Transport,-999,-999.0,Clear,354
10027,40.6735265522377 -73.9959454536438,480,Friday,35750,Travel & Transport,-999,-999.0,Clear,354
10027,40.670267551729005 -73.9897763729095,480,Friday,2529,Travel & Transport,-999,-999.0,Clear,354
10027,40.66534009619971 -73.992919921875,540,Friday,29197,Travel & Transport,-999,-999.0,Clear,354
10027,40.6603919297652 -73.9980697631836,540,Friday,33689,Travel & Transport,-999,-999.0,Clear,354
10027,40.653946812382 -74.0045378711284,660,Friday,28327,Travel & Transport,-999,-999.0,Clear,354
10027,40.6018976465138 -73.9935207366943,720,Friday,25740,Travel & Transport,-999,-999.0,Clear,354
10027,40.5774555812085 -73.9812469482422,720,Friday,11376,Travel & Transport,-999,-999.0,Clear,354
10027,40.5733484377664 -73.9803028106689,720,Friday,31072,Outdoors & Recreation,-999,9.3,Clear,354
10027,40.6536705682139 -74.00522649005991,1080,Friday,24585,Food,1,5.4,Clear,354
10027,40.653946812382 -74.0045378711284,1080,Friday,28327,Travel & Transport,-999,-999.0,Clear,354
10027,40.6843073787307 -73.97759780287741,1080,Friday,10758,Travel & Transport,-999,-999.0,Clear,354
10027,40.7252667480795 -73.99617075920101,1140,Friday,23845,Travel & Transport,-999,-999.0,Clear,354
10027,40.7186072791304 -73.9881134033203,1140,Friday,18377,Travel & Transport,-999,-999.0,Clear,354
10027,40.7121836958424 -73.9677792473058,1140,Friday,4260,Travel & Transport,-999,-999.0,Clear,354
10027,40.7070669423048 -73.95194304057542,780,Saturday,16881,Shop & Service,-999,-999.0,Clear,354
10027,40.7002598021248 -73.9411425590515,900,Saturday,8674,Travel & Transport,-999,-999.0,Clear,354
10027,40.7068153765355 -73.95348072052,900,Saturday,1137,Travel & Transport,-999,-999.0,Clear,354
10027,40.7084114717555 -73.95790636539459,900,Saturday,7302,Travel & Transport,-999,-999.0,Clear,354
10027,40.7121836958424 -73.9677792473058,900,Saturday,4260,Travel & Transport,-999,-999.0,Clear,354
10027,40.7181437748072 -74.0001565217972,960,Saturday,8300,Travel & Transport,-999,-999.0,Clear,354
10027,40.6899127194574 -73.9815044403076,960,Saturday,35589,Travel & Transport,-999,-999.0,Clear,354
10027,40.6090656243329 -73.9577722549438,960,Saturday,16731,Travel & Transport,-999,-999.0,Clear,354
10027,40.5952441792535 -73.9551571011543,960,Saturday,19780,Travel & Transport,-999,-999.0,Clear,354
10027,40.5778266755975 -73.96074810898621,960,Saturday,25779,Travel & Transport,-999,-999.0,Clear,354
10027,40.5748599890725 -73.978434,960,Saturday,20149,Arts & Entertainment,-999,8.9,Clear,354
10027,40.5826654537763 -73.9783226039742,960,Saturday,24466,Arts & Entertainment,-999,7.1,Clear,354
10028,40.7095642963559 -73.7980628013611,480,Monday,13384,Shop & Service,-999,-999.0,Clouds,354
10028,40.7002598021248 -73.9411425590515,480,Monday,8674,Travel & Transport,-999,-999.0,Clouds,354
10028,40.7084114717555 -73.95790636539459,480,Monday,7302,Travel & Transport,-999,-999.0,Clouds,354
10028,40.7121836958424 -73.9677792473058,480,Monday,4260,Travel & Transport,-999,-999.0,Clouds,354
10028,40.7186072791304 -73.9881134033203,480,Monday,18377,Travel & Transport,-999,-999.0,Clouds,354
10028,40.7315840898818 -74.0002155303955,480,Monday,38299,Travel & Transport,-999,-999.0,Clouds,354
10028,40.7397735859936 -74.0025758743286,480,Monday,2323,Travel & Transport,-999,-999.0,Rain,354
10028,40.745905140143 -73.99804159998891,480,Monday,27682,Travel & Transport,-999,-999.0,Rain,354
10028,40.745905140143 -73.99804159998891,540,Monday,27682,Travel & Transport,-999,-999.0,Rain,354
10028,40.7679967046751 -73.9818906784058,720,Monday,13115,Travel & Transport,-999,-999.0,Rain,354
10028,40.8005723332351 -73.9581799507141,900,Monday,16235,Travel & Transport,-999,-999.0,Clouds,354
10028,40.7714256153356 -73.9735007286072,900,Monday,18767,Outdoors & Recreation,-999,9.8,Clouds,354
10028,40.7977621981382 -73.9530944824219,900,Monday,35675,Outdoors & Recreation,-999,9.0,Clouds,354
10028,40.80092562214811 -73.957616686821,900,Monday,14851,Shop & Service,-999,-999.0,Clouds,354
10028,40.8010476553814 -73.95774616532691,900,Monday,12036,Food,1,6.4,Clouds,354
10028,40.802892169672496 -73.95357895392341,900,Monday,10688,Professional & Other Places,-999,-999.0,Clouds,354
10028,40.7959428564861 -73.9617204666138,960,Monday,37064,Travel & Transport,-999,-999.0,Clouds,354
10028,40.7916501496793 -73.9647138118744,960,Monday,37732,Travel & Transport,-999,-999.0,Clouds,354
10028,40.7852857112617 -73.9693593978882,960,Monday,24195,Travel & Transport,-999,-999.0,Clouds,354
10028,40.781971250369295 -73.9717626571655,960,Monday,8368,Travel & Transport,-999,-999.0,Clouds,354
10028,40.7762192933308 -73.9760541915894,960,Monday,31903,Travel & Transport,-999,-999.0,Clouds,354
10028,40.7679967046751 -73.9818906784058,1020,Monday,13115,Travel & Transport,-999,-999.0,Clouds,354
10028,40.756506126666295 -73.9880275726318,1140,Monday,34785,Travel & Transport,-999,-999.0,Clouds,354
10028,40.7516450900852 -73.99355980323409,1140,Monday,2101,Travel & Transport,-999,-999.0,Clouds,354
10028,40.7186072791304 -73.9881134033203,1140,Monday,18377,Travel & Transport,-999,-999.0,Clouds,354
10028,40.7135654797986 -73.9723634719849,1140,Monday,21440,Outdoors & Recreation,-999,-999.0,Clouds,354
10028,40.7121836958424 -73.9677792473058,1140,Monday,4260,Travel & Transport,-999,-999.0,Clouds,354
10028,40.7084114717555 -73.95790636539459,1140,Monday,7302,Travel & Transport,-999,-999.0,Clouds,354
10028,40.7068153765355 -73.95348072052,1140,Monday,1137,Travel & Transport,-999,-999.0,Clouds,354
10028,40.7028591263471 -73.9448309616292,480,Tuesday,37133,Shop & Service,-999,6.8,Clouds,354
10028,40.7037572732322 -73.9445543289185,480,Tuesday,21070,Professional & Other Places,-999,-999.0,Clouds,354
10028,40.7068153765355 -73.95348072052,480,Tuesday,1137,Travel & Transport,-999,-999.0,Clouds,354
10028,40.7084114717555 -73.95790636539459,480,Tuesday,7302,Travel & Transport,-999,-999.0,Clouds,354
10028,40.7186072791304 -73.9881134033203,480,Tuesday,18377,Travel & Transport,-999,-999.0,Clouds,354
10028,40.7252667480795 -73.99617075920101,480,Tuesday,23845,Travel & Transport,-999,-999.0,Clouds,354
10028,40.7124920151581 -74.0101718902588,480,Tuesday,12183,Travel & Transport,-999,-999.0,Clouds,354
10028,40.7154236712394 -74.0158635377884,540,Tuesday,30758,Professional & Other Places,-999,-999.0,Clouds,354
10028,40.7137427966761 -74.01363317960791,540,Tuesday,17275,Professional & Other Places,-999,-999.0,Clouds,354
10028,40.7136305377055 -74.01487112045291,540,Tuesday,24143,Professional & Other Places,-999,-999.0,Clouds,354
10028,40.7141285590144 -74.00973114442209,600,Tuesday,23023,Food,1,6.2,Clouds,354
10028,40.5774555812085 -73.9812469482422,660,Wednesday,11376,Travel & Transport,-999,-999.0,Clouds,354
10028,40.5769613823836 -73.9816169257406,1200,Wednesday,22274,Food,1,5.2,Clear,354
10028,40.5774555812085 -73.9812469482422,1200,Wednesday,11376,Travel & Transport,-999,-999.0,Clear,354
10028,40.5733484377664 -73.9803028106689,1200,Wednesday,31072,Outdoors & Recreation,-999,9.3,Clear,354
10028,40.7186072791304 -73.9881134033203,1260,Wednesday,18377,Travel & Transport,-999,-999.0,Clear,354
10028,40.7121836958424 -73.9677792473058,1260,Wednesday,4260,Travel & Transport,-999,-999.0,Clear,354
10028,40.7095642963559 -73.7980628013611,420,Friday,13384,Shop & Service,-999,-999.0,Clouds,354
10028,40.7038650412276 -73.9474014937878,420,Friday,8587,Travel & Transport,-999,-999.0,Clouds,354
10028,40.7068153765355 -73.95348072052,420,Friday,1137,Travel & Transport,-999,-999.0,Clouds,354
10028,40.7084114717555 -73.95790636539459,420,Friday,7302,Travel & Transport,-999,-999.0,Clouds,354
10028,40.7121836958424 -73.9677792473058,420,Friday,4260,Travel & Transport,-999,-999.0,Clouds,354
10028,40.6914746462291 -73.9873838424683,480,Friday,9227,Travel & Transport,-999,-999.0,Clouds,354
10028,40.670267551729005 -73.9897763729095,480,Friday,2529,Travel & Transport,-999,-999.0,Clouds,354
10028,40.6603919297652 -73.9980697631836,480,Friday,33689,Travel & Transport,-999,-999.0,Clouds,354
10028,40.7514187728686 -73.9912413017774,480,Friday,12292,Professional & Other Places,-999,-999.0,Clouds,354
10028,40.653946812382 -74.0045378711284,780,Friday,28327,Travel & Transport,-999,-999.0,Fog,354
10028,40.6123010297605 -73.98224249614309,780,Friday,24090,Travel & Transport,-999,-999.0,Fog,354
10028,40.5769613823836 -73.9816169257406,840,Friday,22274,Food,1,5.2,Fog,354
10028,40.5733484377664 -73.9803028106689,840,Friday,31072,Outdoors & Recreation,-999,9.3,Fog,354
10028,40.5768437077307 -73.981329966159,840,Friday,27028,Shop & Service,-999,-999.0,Fog,354
10028,40.5774555812085 -73.9812469482422,1320,Friday,11376,Travel & Transport,-999,-999.0,Clear,354
10028,40.670267551729005 -73.9897763729095,1320,Friday,2529,Travel & Transport,-999,-999.0,Clear,354
10028,40.705414144111 -73.9493829518952,0,Saturday,37758,Travel & Transport,-999,-999.0,Clear,354
10028,40.7095642963559 -73.7980628013611,0,Saturday,13384,Shop & Service,-999,-999.0,Clear,354
10028,40.7468342989195 -73.8915538787842,1200,Saturday,6672,Travel & Transport,-999,-999.0,Clear,354
10028,40.746249067567504 -73.89636039733891,1200,Saturday,25587,Travel & Transport,-999,-999.0,Clear,354
10028,40.745597672434 -73.9032898322682,1200,Saturday,5654,Travel & Transport,-999,-999.0,Clear,354
10028,40.744103175215294 -73.9124965667725,1200,Saturday,17752,Travel & Transport,-999,-999.0,Clear,354
10028,40.7437455197583 -73.924298286438,1200,Saturday,10181,Travel & Transport,-999,-999.0,Clear,354
10028,40.74437954402379 -73.9306712150574,1200,Saturday,33775,Travel & Transport,-999,-999.0,Clear,354
10028,40.7466392223744 -73.94554138183591,1200,Saturday,7825,Travel & Transport,-999,-999.0,Clear,354
10028,40.75047562272479 -73.9402842521667,1200,Saturday,34523,Travel & Transport,-999,-999.0,Clear,354
10028,40.7095642963559 -73.7980628013611,1260,Saturday,13384,Shop & Service,-999,-999.0,Clear,354
10028,40.798518 -73.941711,600,Sunday,4869,Travel & Transport,-999,-999.0,Clear,354
10028,40.7181437748072 -74.0001565217972,780,Sunday,8300,Travel & Transport,-999,-999.0,Clear,354
10028,40.7186072791304 -73.9881134033203,780,Sunday,18377,Travel & Transport,-999,-999.0,Clear,354
10028,40.7466392223744 -73.94554138183591,840,Sunday,7825,Travel & Transport,-999,-999.0,Clouds,354
10028,40.762243537686295 -73.9860963821411,840,Sunday,3598,Travel & Transport,-999,-999.0,Clouds,354
10028,40.7662927 -73.994276,840,Sunday,18024,Shop & Service,-999,7.4,Clouds,354
10028,40.762243537686295 -73.9860963821411,1080,Sunday,3598,Travel & Transport,-999,-999.0,Clear,354
10028,40.7397735859936 -74.0025758743286,1080,Sunday,2323,Travel & Transport,-999,-999.0,Clear,354
10028,40.707560746779 -73.9402559026108,1080,Sunday,6100,Travel & Transport,-999,-999.0,Clouds,354
10028,40.7095642963559 -73.7980628013611,1200,Sunday,13384,Shop & Service,-999,-999.0,Clouds,354
10029,40.7095642963559 -73.7980628013611,480,Monday,13384,Shop & Service,-999,-999.0,Clear,354
10029,40.7002598021248 -73.9411425590515,480,Monday,8674,Travel & Transport,-999,-999.0,Clear,354
10029,40.7068153765355 -73.95348072052,480,Monday,1137,Travel & Transport,-999,-999.0,Clear,354
10029,40.7084114717555 -73.95790636539459,480,Monday,7302,Travel & Transport,-999,-999.0,Clear,354
10029,40.7121836958424 -73.9677792473058,480,Monday,4260,Travel & Transport,-999,-999.0,Clear,354
10029,40.7186072791304 -73.9881134033203,480,Monday,18377,Travel & Transport,-999,-999.0,Clouds,354
10029,40.6914746462291 -73.9873838424683,480,Monday,9227,Travel & Transport,-999,-999.0,Clouds,354
10029,40.6735265522377 -73.9959454536438,480,Monday,35750,Travel & Transport,-999,-999.0,Clouds,354
10029,40.670267551729005 -73.9897763729095,480,Monday,2529,Travel & Transport,-999,-999.0,Clouds,354
10029,40.6603919297652 -73.9980697631836,540,Monday,33689,Travel & Transport,-999,-999.0,Clouds,354
10029,40.7514187728686 -73.9912413017774,540,Monday,12292,Professional & Other Places,-999,-999.0,Clouds,354
10029,40.653946812382 -74.0045378711284,600,Monday,28327,Travel & Transport,-999,-999.0,Clear,354
10029,40.6536705682139 -74.00522649005991,600,Monday,24585,Food,1,5.4,Clear,354
10029,40.6408968151586 -73.9942932128906,600,Monday,21156,Travel & Transport,-999,-999.0,Clear,354
10029,40.625956203703 -73.9970183372498,600,Monday,34328,Travel & Transport,-999,-999.0,Clear,354
10029,40.5774555812085 -73.9812469482422,600,Monday,11376,Travel & Transport,-999,-999.0,Clear,354
10029,40.5769613823836 -73.9816169257406,600,Monday,22274,Food,1,5.2,Clear,354
10029,40.5733484377664 -73.9803028106689,720,Monday,31072,Outdoors & Recreation,-999,9.3,Clear,354
10029,40.5748599890725 -73.978434,720,Monday,20149,Arts & Entertainment,-999,8.9,Clear,354
10029,40.5826654537763 -73.9783226039742,1140,Monday,24466,Arts & Entertainment,-999,7.1,Clear,354
10029,40.57514007093189 -73.97883913899331,1140,Monday,350,Arts & Entertainment,-999,-999.0,Clear,354
10029,40.5826654537763 -73.9783226039742,1140,Monday,24466,Arts & Entertainment,-999,7.1,Clear,354
10029,40.57484790030711 -73.9775669574738,1140,Monday,12565,Arts & Entertainment,-999,9.2,Clear,354
10029,40.575084225576894 -73.977974653244,1140,Monday,12940,Food,4,6.2,Clear,354
10029,40.5774555812085 -73.9812469482422,1200,Monday,11376,Travel & Transport,-999,-999.0,Clear,354
10029,40.5808535628616 -73.9747613668442,1200,Monday,22722,Travel & Transport,-999,-999.0,Clear,354
10029,40.6032339344762 -73.9723800443981,1200,Monday,35529,Travel & Transport,-999,-999.0,Clear,354
10029,40.6209815077806 -73.97536684912829,1200,Monday,31166,Travel & Transport,-999,-999.0,Clear,354
10029,40.6355478905274 -73.978157043457,1200,Monday,15770,Travel & Transport,-999,-999.0,Clear,354
10029,40.670267551729005 -73.9897763729095,1200,Monday,2529,Travel & Transport,-999,-999.0,Clear,354
10029,40.6735265522377 -73.9959454536438,1200,Monday,35750,Travel & Transport,-999,-999.0,Clear,354
10029,40.705414144111 -73.9493829518952,1200,Monday,37758,Travel & Transport,-999,-999.0,Clear,354
10029,40.7095642963559 -73.7980628013611,1200,Monday,13384,Shop & Service,-999,-999.0,Clear,354
10029,40.7095642963559 -73.7980628013611,300,Tuesday,13384,Shop & Service,-999,-999.0,Clear,354
10029,40.7038650412276 -73.9474014937878,360,Tuesday,8587,Travel & Transport,-999,-999.0,Clear,354
10029,40.7068153765355 -73.95348072052,360,Tuesday,1137,Travel & Transport,-999,-999.0,Clear,354
10029,40.7084114717555 -73.95790636539459,360,Tuesday,7302,Travel & Transport,-999,-999.0,Clear,354
10029,40.7135654797986 -73.9723634719849,360,Tuesday,21440,Outdoors & Recreation,-999,-999.0,Clear,354
10029,40.7121836958424 -73.9677792473058,360,Tuesday,4260,Travel & Transport,-999,-999.0,Clear,354
10029,40.7186072791304 -73.9881134033203,360,Tuesday,18377,Travel & Transport,-999,-999.0,Clear,354
10029,40.6914746462291 -73.9873838424683,360,Tuesday,9227,Travel & Transport,-999,-999.0,Clear,354
10029,40.670267551729005 -73.9897763729095,360,Tuesday,2529,Travel & Transport,-999,-999.0,Clear,354
10029,40.649485135359 -73.9758825302124,360,Tuesday,28852,Travel & Transport,-999,-999.0,Clear,354
10029,40.6032339344762 -73.9723800443981,360,Tuesday,35529,Travel & Transport,-999,-999.0,Clear,354
10029,40.6209815077806 -73.97536684912829,360,Tuesday,31166,Travel & Transport,-999,-999.0,Clear,354
10029,40.5808535628616 -73.9747613668442,360,Tuesday,22722,Travel & Transport,-999,-999.0,Clear,354
10029,40.5774555812085 -73.9812469482422,360,Tuesday,11376,Travel & Transport,-999,-999.0,Clear,354
10029,40.5769613823836 -73.9816169257406,360,Tuesday,22274,Food,1,5.2,Clear,354
10029,40.5774555812085 -73.9812469482422,960,Tuesday,11376,Travel & Transport,-999,-999.0,Clear,354
10029,40.5733484377664 -73.9803028106689,960,Tuesday,31072,Outdoors & Recreation,-999,9.3,Clear,354
10029,40.5808535628616 -73.9747613668442,960,Tuesday,22722,Travel & Transport,-999,-999.0,Clear,354
10029,40.6209815077806 -73.97536684912829,960,Tuesday,31166,Travel & Transport,-999,-999.0,Clear,354
10029,40.649485135359 -73.9758825302124,960,Tuesday,28852,Travel & Transport,-999,-999.0,Clear,354
10029,40.670267551729005 -73.9897763729095,960,Tuesday,2529,Travel & Transport,-999,-999.0,Clear,354
10029,40.7466109584189 -73.94349921156571,1020,Tuesday,23956,Travel & Transport,-999,-999.0,Clear,354
10029,40.7466392223744 -73.94554138183591,1020,Tuesday,7825,Travel & Transport,-999,-999.0,Clear,354
10029,40.725895 -73.909653,1140,Tuesday,25914,Shop & Service,-999,4.6,Clear,354
10029,40.7437455197583 -73.924298286438,1140,Tuesday,10181,Travel & Transport,-999,-999.0,Clouds,354
10029,40.700227266647794 -73.8541746139526,540,Thursday,20796,Outdoors & Recreation,-999,9.2,Clear,354
10029,40.695216613517104 -73.8438534736633,600,Thursday,22788,Travel & Transport,-999,-999.0,Clear,354
10029,40.6914746462291 -73.9873838424683,840,Thursday,9227,Travel & Transport,-999,-999.0,Clear,354
10029,40.6735265522377 -73.9959454536438,840,Thursday,35750,Travel & Transport,-999,-999.0,Clear,354
10029,40.670267551729005 -73.9897763729095,840,Thursday,2529,Travel & Transport,-999,-999.0,Clear,354
10029,40.6603919297652 -73.9980697631836,840,Thursday,33689,Travel & Transport,-999,-999.0,Clear,354
10029,40.653946812382 -74.0045378711284,840,Thursday,28327,Travel & Transport,-999,-999.0,Clear,354
10029,40.6463999797528 -73.99432003498079,840,Thursday,34406,Travel & Transport,-999,-999.0,Clear,354
10029,40.625956203703 -73.9970183372498,840,Thursday,34328,Travel & Transport,-999,-999.0,Clear,354
10029,40.5774555812085 -73.9812469482422,1020,Thursday,11376,Travel & Transport,-999,-999.0,Clouds,354
10029,40.5769613823836 -73.9816169257406,1020,Thursday,22274,Food,1,5.2,Clouds,354
10029,40.705414144111 -73.9493829518952,300,Friday,37758,Travel & Transport,-999,-999.0,Clear,354
10029,40.7095642963559 -73.7980628013611,300,Friday,13384,Shop & Service,-999,-999.0,Clear,354
10029,40.6735265522377 -73.9959454536438,300,Friday,35750,Travel & Transport,-999,-999.0,Clear,354
10029,40.670267551729005 -73.9897763729095,300,Friday,2529,Travel & Transport,-999,-999.0,Clear,354
10029,40.6355478905274 -73.978157043457,360,Friday,15770,Travel & Transport,-999,-999.0,Clear,354
10029,40.6209815077806 -73.97536684912829,360,Friday,31166,Travel & Transport,-999,-999.0,Clear,354
10029,40.6032339344762 -73.9723800443981,360,Friday,35529,Travel & Transport,-999,-999.0,Clear,354
10029,40.5808535628616 -73.9747613668442,360,Friday,22722,Travel & Transport,-999,-999.0,Clear,354
10029,40.5774555812085 -73.9812469482422,360,Friday,11376,Travel & Transport,-999,-999.0,Clear,354
10029,40.5733484377664 -73.9803028106689,360,Friday,31072,Outdoors & Recreation,-999,9.3,Clear,354
10029,40.5769613823836 -73.9816169257406,360,Friday,22274,Food,1,5.2,Clear,354
10029,40.5808535628616 -73.9747613668442,480,Friday,22722,Travel & Transport,-999,-999.0,Clear,354
10029,40.5794112751845 -73.9752388000488,480,Friday,5282,Food,1,5.6,Clear,354
10029,40.5769613823836 -73.9816169257406,540,Friday,22274,Food,1,5.2,Clear,354
10029,40.5748599890725 -73.978434,900,Friday,20149,Arts & Entertainment,-999,8.9,Clouds,354
10029,40.5733484377664 -73.9803028106689,900,Friday,31072,Outdoors & Recreation,-999,9.3,Clouds,354
10029,40.576891105323206 -73.9819211024292,900,Friday,14025,Food,2,-999.0,Clouds,354
10029,40.5808535628616 -73.9747613668442,900,Friday,22722,Travel & Transport,-999,-999.0,Clouds,354
10029,40.7466392223744 -73.94554138183591,1020,Saturday,7825,Travel & Transport,-999,-999.0,Clouds,354
10029,40.7468342989195 -73.8915538787842,1020,Saturday,6672,Travel & Transport,-999,-999.0,Clouds,354
10029,40.7516329998705 -73.9758854995058,1260,Saturday,2075,Travel & Transport,-999,-999.0,Clear,354
10029,40.7524518877628 -73.9932212119473,1260,Saturday,12506,Food,1,5.4,Clear,354
10029,40.7504770051264 -73.9914364242672,1260,Saturday,18269,Food,1,4.7,Clear,354
10029,40.7504498700841 -73.99221103886609,60,Sunday,33364,Arts & Entertainment,-999,9.2,Clear,354
10029,40.7506853147454 -73.99144216316091,60,Sunday,12065,Food,1,5.9,Clear,354
10029,40.7504723876568 -73.9917979742383,60,Sunday,36326,Food,1,7.3,Clear,354
10029,40.7507377242395 -73.99219969562921,60,Sunday,29535,Food,1,8.0,Clear,354
10029,40.7508169866088 -73.9936494827271,60,Sunday,4502,Food,2,6.9,Clear,354
10029,40.7217170453931 -73.84452469646929,540,Sunday,25352,Travel & Transport,-999,-999.0,Clear,354
10029,40.736949700653206 -73.9904737472534,540,Sunday,6246,Food,1,5.1,Clear,354
10029,40.735282496916206 -73.9904031515828,540,Sunday,32276,Outdoors & Recreation,-999,9.4,Clear,354
10029,40.7367680956689 -73.9902656863517,540,Sunday,1565,Arts & Entertainment,-999,7.3,Clear,354
10029,40.7352097339957 -73.99106339580491,540,Sunday,34263,Outdoors & Recreation,-999,-999.0,Clear,354
10029,40.7357343464241 -73.9905676245691,900,Sunday,24192,Travel & Transport,-999,-999.0,Rain,354
10029,40.7497034836652 -73.9878129959106,900,Sunday,799,Travel & Transport,-999,-999.0,Rain,354
10029,40.7524518877628 -73.9932212119473,900,Sunday,12506,Food,1,5.4,Rain,354
10029,40.756506126666295 -73.9880275726318,960,Sunday,34785,Travel & Transport,-999,-999.0,Clouds,354
10029,40.7527792672191 -73.9771001322353,1080,Sunday,36887,Shop & Service,-999,5.8,Clouds,354
10031,40.7095642963559 -73.7980628013611,360,Monday,13384,Shop & Service,-999,-999.0,Clouds,354
10031,40.7068153765355 -73.95348072052,480,Monday,1137,Travel & Transport,-999,-999.0,Clouds,354
10031,40.7084114717555 -73.95790636539459,480,Monday,7302,Travel & Transport,-999,-999.0,Clouds,354
10031,40.7121836958424 -73.9677792473058,480,Monday,4260,Travel & Transport,-999,-999.0,Clouds,354
10031,40.7186072791304 -73.9881134033203,480,Monday,18377,Travel & Transport,-999,-999.0,Clouds,354
10031,40.6914746462291 -73.9873838424683,480,Monday,9227,Travel & Transport,-999,-999.0,Clouds,354
10031,40.6735265522377 -73.9959454536438,480,Monday,35750,Travel & Transport,-999,-999.0,Clouds,354
10031,40.670267551729005 -73.9897763729095,480,Monday,2529,Travel & Transport,-999,-999.0,Clouds,354
10031,40.66534009619971 -73.992919921875,540,Monday,29197,Travel & Transport,-999,-999.0,Clear,354
10031,40.6603919297652 -73.9980697631836,540,Monday,33689,Travel & Transport,-999,-999.0,Clear,354
10031,40.7514187728686 -73.9912413017774,540,Monday,12292,Professional & Other Places,-999,-999.0,Clear,354
10031,40.7514187728686 -73.9912413017774,720,Monday,12292,Professional & Other Places,-999,-999.0,Clear,354
10031,40.6536705682139 -74.00522649005991,720,Monday,24585,Food,1,5.4,Clear,354
10031,40.653946812382 -74.0045378711284,720,Monday,28327,Travel & Transport,-999,-999.0,Clear,354
10031,40.635055311991 -74.01172220706941,720,Monday,1344,Travel & Transport,-999,-999.0,Clear,354
10031,40.5774555812085 -73.9812469482422,840,Monday,11376,Travel & Transport,-999,-999.0,Clouds,354
10031,40.5769613823836 -73.9816169257406,840,Monday,22274,Food,1,5.2,Clouds,354
10031,40.5733484377664 -73.9803028106689,840,Monday,31072,Outdoors & Recreation,-999,9.3,Clouds,354
10031,40.5808535628616 -73.9747613668442,1140,Monday,22722,Travel & Transport,-999,-999.0,Clouds,354
10031,40.6032339344762 -73.9723800443981,1140,Monday,35529,Travel & Transport,-999,-999.0,Clouds,354
10031,40.6209815077806 -73.97536684912829,1140,Monday,31166,Travel & Transport,-999,-999.0,Clouds,354
10031,40.6735265522377 -73.9959454536438,1140,Monday,35750,Travel & Transport,-999,-999.0,Clouds,354
10031,40.7095642963559 -73.7980628013611,420,Tuesday,13384,Shop & Service,-999,-999.0,Clouds,354
10031,40.7084114717555 -73.95790636539459,480,Tuesday,7302,Travel & Transport,-999,-999.0,Fog,354
10031,40.7121836958424 -73.9677792473058,480,Tuesday,4260,Travel & Transport,-999,-999.0,Fog,354
10031,40.7186072791304 -73.9881134033203,480,Tuesday,18377,Travel & Transport,-999,-999.0,Fog,354
10031,40.6914746462291 -73.9873838424683,480,Tuesday,9227,Travel & Transport,-999,-999.0,Fog,354
10031,40.6735265522377 -73.9959454536438,480,Tuesday,35750,Travel & Transport,-999,-999.0,Fog,354
10031,40.665203 -73.998482,960,Tuesday,29660,Shop & Service,-999,5.3,Rain,354
10031,40.664547085762 -73.997627,960,Tuesday,19463,Food,1,5.5,Rain,354
10031,40.6843073787307 -73.97759780287741,1020,Tuesday,10758,Travel & Transport,-999,-999.0,Clouds,354
10031,40.7315840898818 -74.0002155303955,1020,Tuesday,38299,Travel & Transport,-999,-999.0,Clouds,354
10031,40.8111214607691 -73.95236626267429,1020,Tuesday,26557,Travel & Transport,-999,-999.0,Clouds,354
10031,40.7058882004734 -73.9900016784668,1020,Tuesday,12687,Outdoors & Recreation,-999,9.0,Clouds,354
10031,40.8247747033937 -73.9442162969589,1020,Tuesday,20377,Travel & Transport,-999,-999.0,Clouds,354
10031,40.835372407905 -73.94034862518309,1080,Tuesday,5477,Travel & Transport,-999,-999.0,Rain,354
10031,40.8407621067412 -73.93953323364259,1200,Tuesday,12710,Travel & Transport,-999,-999.0,Rain,354
10031,40.7315840898818 -74.0002155303955,1200,Tuesday,38299,Travel & Transport,-999,-999.0,Rain,354
10031,40.7084114717555 -73.95790636539459,1200,Tuesday,7302,Travel & Transport,-999,-999.0,Rain,354
10031,40.7095642963559 -73.7980628013611,1260,Tuesday,13384,Shop & Service,-999,-999.0,Rain,354
10031,40.7095642963559 -73.7980628013611,300,Wednesday,13384,Shop & Service,-999,-999.0,Clouds,354
10031,40.7068153765355 -73.95348072052,300,Wednesday,1137,Travel & Transport,-999,-999.0,Clouds,354
10031,40.7084114717555 -73.95790636539459,300,Wednesday,7302,Travel & Transport,-999,-999.0,Clouds,354
10031,40.7121836958424 -73.9677792473058,300,Wednesday,4260,Travel & Transport,-999,-999.0,Clouds,354
10031,40.7186072791304 -73.9881134033203,300,Wednesday,18377,Travel & Transport,-999,-999.0,Clouds,354
10031,40.6914746462291 -73.9873838424683,360,Wednesday,9227,Travel & Transport,-999,-999.0,Clouds,354
10031,40.6735265522377 -73.9959454536438,360,Wednesday,35750,Travel & Transport,-999,-999.0,Clouds,354
10031,40.670267551729005 -73.9897763729095,360,Wednesday,2529,Travel & Transport,-999,-999.0,Clouds,354
10031,40.649485135359 -73.9758825302124,360,Wednesday,28852,Travel & Transport,-999,-999.0,Clouds,354
10031,40.6209815077806 -73.97536684912829,360,Wednesday,31166,Travel & Transport,-999,-999.0,Clouds,354
10031,40.6032339344762 -73.9723800443981,360,Wednesday,35529,Travel & Transport,-999,-999.0,Clouds,354
10031,40.5808535628616 -73.9747613668442,360,Wednesday,22722,Travel & Transport,-999,-999.0,Clouds,354
10031,40.5774555812085 -73.9812469482422,540,Wednesday,11376,Travel & Transport,-999,-999.0,Clouds,354
10031,40.5769613823836 -73.9816169257406,600,Wednesday,22274,Food,1,5.2,Clouds,354
10031,40.5733484377664 -73.9803028106689,600,Wednesday,31072,Outdoors & Recreation,-999,9.3,Clouds,354
10031,40.5768437077307 -73.981329966159,600,Wednesday,27028,Shop & Service,-999,-999.0,Clouds,354
10031,40.576891105323206 -73.9819211024292,600,Wednesday,14025,Food,2,-999.0,Clouds,354
10031,40.5992933655655 -73.9890260737138,840,Wednesday,10494,Food,1,6.1,Fog,354
10031,40.6018976465138 -73.9935207366943,900,Wednesday,25740,Travel & Transport,-999,-999.0,Fog,354
10031,40.595398 -74.00017797,960,Wednesday,1006,Food,1,6.4,Clouds,354
10031,40.5937838714726 -74.0001726150513,1080,Wednesday,8063,Shop & Service,-999,6.8,Clouds,354
10031,40.6018976465138 -73.9935207366943,1200,Wednesday,25740,Travel & Transport,-999,-999.0,Clouds,354
10031,40.6843073787307 -73.97759780287741,1200,Wednesday,10758,Travel & Transport,-999,-999.0,Clouds,354
10031,40.7520198739458 -73.98174047470091,1200,Wednesday,14805,Professional & Other Places,-999,-999.0,Clouds,354
10031,40.7095642963559 -73.7980628013611,480,Friday,13384,Shop & Service,-999,-999.0,Clouds,354
10031,40.7068153765355 -73.95348072052,480,Friday,1137,Travel & Transport,-999,-999.0,Clouds,354
10031,40.7084114717555 -73.95790636539459,480,Friday,7302,Travel & Transport,-999,-999.0,Clouds,354
10031,40.7135654797986 -73.9723634719849,480,Friday,21440,Outdoors & Recreation,-999,-999.0,Clouds,354
10031,40.7121836958424 -73.9677792473058,480,Friday,4260,Travel & Transport,-999,-999.0,Clouds,354
10031,40.7252667480795 -73.99617075920101,480,Friday,23845,Travel & Transport,-999,-999.0,Clear,354
10031,40.7315840898818 -74.0002155303955,480,Friday,38299,Travel & Transport,-999,-999.0,Clear,354
10031,40.738223969621295 -73.9962136745453,480,Friday,5466,Travel & Transport,-999,-999.0,Clear,354
10031,40.735282496916206 -73.9904031515828,480,Friday,32276,Outdoors & Recreation,-999,9.4,Clear,354
10031,40.7369153020959 -73.99176354093709,480,Friday,30288,Professional & Other Places,-999,-999.0,Clear,354
10031,40.735282496916206 -73.9904031515828,600,Friday,32276,Outdoors & Recreation,-999,9.4,Clear,354
10031,40.705414144111 -73.9493829518952,900,Saturday,37758,Travel & Transport,-999,-999.0,Clear,354
10031,40.6798569394108 -73.8506984710693,960,Saturday,24964,Travel & Transport,-999,-999.0,Clear,354
10031,40.673282437868295 -73.83260965347291,960,Saturday,35189,Arts & Entertainment,-999,6.5,Clear,354
10031,40.660473835167 -73.83029108918642,960,Saturday,22898,Travel & Transport,-999,-999.0,Clear,354
10031,40.645089355976296 -73.7845230102539,960,Saturday,24602,Travel & Transport,-999,7.0,Clear,354
10031,40.5910790609628 -73.796067237854,1020,Saturday,5954,Travel & Transport,-999,-999.0,Clear,354
10031,40.6884768534347 -73.9850127696991,1320,Saturday,5993,Travel & Transport,-999,-999.0,Clear,354
10031,40.705414144111 -73.9493829518952,1320,Saturday,37758,Travel & Transport,-999,-999.0,Clear,354
10031,40.7095642963559 -73.7980628013611,1320,Saturday,13384,Shop & Service,-999,-999.0,Clear,354
10031,40.7095642963559 -73.7980628013611,300,Sunday,13384,Shop & Service,-999,-999.0,Clouds,354
10031,40.705414144111 -73.9493829518952,300,Sunday,37758,Travel & Transport,-999,-999.0,Clouds,354
10031,40.6884768534347 -73.9850127696991,300,Sunday,5993,Travel & Transport,-999,-999.0,Clouds,354
10031,40.6735265522377 -73.9959454536438,300,Sunday,35750,Travel & Transport,-999,-999.0,Clouds,354
10031,40.670267551729005 -73.9897763729095,300,Sunday,2529,Travel & Transport,-999,-999.0,Clouds,354
10031,40.6355478905274 -73.978157043457,360,Sunday,15770,Travel & Transport,-999,-999.0,Clouds,354
10031,40.649485135359 -73.9758825302124,360,Sunday,28852,Travel & Transport,-999,-999.0,Clouds,354
10031,40.6209815077806 -73.97536684912829,360,Sunday,31166,Travel & Transport,-999,-999.0,Clouds,354
10031,40.6032339344762 -73.9723800443981,360,Sunday,35529,Travel & Transport,-999,-999.0,Clouds,354
10031,40.5808535628616 -73.9747613668442,360,Sunday,22722,Travel & Transport,-999,-999.0,Clouds,354
10031,40.5774555812085 -73.9812469482422,360,Sunday,11376,Travel & Transport,-999,-999.0,Clouds,354
10031,40.5769613823836 -73.9816169257406,780,Sunday,22274,Food,1,5.2,Clouds,354
10031,40.5748599890725 -73.978434,780,Sunday,20149,Arts & Entertainment,-999,8.9,Clouds,354
10031,40.576891105323206 -73.9819211024292,780,Sunday,14025,Food,2,-999.0,Clouds,354
10031,40.57514007093189 -73.97883913899331,780,Sunday,350,Arts & Entertainment,-999,-999.0,Clouds,354
10031,40.5733484377664 -73.9803028106689,780,Sunday,31072,Outdoors & Recreation,-999,9.3,Clouds,354
10031,40.5845456598102 -73.9599961924914,840,Sunday,21876,Outdoors & Recreation,-999,-999.0,Clouds,354
10031,40.670267551729005 -73.9897763729095,840,Sunday,2529,Travel & Transport,-999,-999.0,Clouds,354
10039,40.80036117114779 -73.9442431926727,600,Thursday,13384,Shop & Service,-999,-999.0,Clear,354
10039,40.70240710847521 -73.7999725341797,600,Thursday,8487,Travel & Transport,-999,-999.0,Clear,354
10039,40.77834721 -73.980903,660,Thursday,24820,Food,2,7.4,Clear,354
10039,40.7085883614824 -73.9910316467285,720,Thursday,18603,Travel & Transport,-999,-999.0,Clouds,354
10039,40.5778266755975 -73.96074810898621,720,Thursday,25779,Travel & Transport,-999,-999.0,Clouds,354
10039,40.58223226480151 -73.9597780787614,780,Thursday,21087,Food,1,5.6,Clouds,354
10039,40.5764684582724 -73.9680030915786,780,Thursday,28057,Travel & Transport,-999,-999.0,Clouds,354
10039,40.5774555812085 -73.9812469482422,780,Thursday,11376,Travel & Transport,-999,-999.0,Clouds,354
10039,40.5733484377664 -73.9803028106689,780,Thursday,31072,Outdoors & Recreation,-999,9.3,Clouds,354
10039,40.7106378081967 -73.79437208175659,600,Friday,9692,Travel & Transport,-999,-999.0,Clouds,354
10039,40.5774555812085 -73.9812469482422,600,Friday,11376,Travel & Transport,-999,-999.0,Clouds,354
10039,40.5769613823836 -73.9816169257406,1080,Friday,22274,Food,1,5.2,Clouds,354
10039,40.5768437077307 -73.981329966159,1080,Friday,27028,Shop & Service,-999,-999.0,Clouds,354
10039,40.5748599890725 -73.978434,1080,Friday,20149,Arts & Entertainment,-999,8.9,Clouds,354
10039,40.700959311038 -73.80771875381471,1380,Friday,34503,Travel & Transport,-999,-999.0,Clear,354
10039,40.80036117114779 -73.9442431926727,1380,Friday,13384,Shop & Service,-999,-999.0,Clear,354
10039,40.70240710847521 -73.7999725341797,660,Saturday,8487,Travel & Transport,-999,-999.0,Clouds,354
10039,40.762399 -73.916267,840,Saturday,21546,Shop & Service,-999,6.2,Clouds,354
10039,40.6783761057844 -73.9033985137939,840,Saturday,12392,Travel & Transport,-999,-999.0,Clouds,354
10039,40.6914746462291 -73.9873838424683,840,Saturday,9227,Travel & Transport,-999,-999.0,Clouds,354
10039,40.670267551729005 -73.9897763729095,840,Saturday,2529,Travel & Transport,-999,-999.0,Clouds,354
10039,40.6735265522377 -73.9959454536438,840,Saturday,35750,Travel & Transport,-999,-999.0,Clouds,354
10039,40.5774555812085 -73.9812469482422,900,Saturday,11376,Travel & Transport,-999,-999.0,Clouds,354
10039,40.5769613823836 -73.9816169257406,1320,Saturday,22274,Food,1,5.2,Clear,354
10039,40.5768437077307 -73.981329966159,1320,Saturday,27028,Shop & Service,-999,-999.0,Clear,354
10039,40.576891105323206 -73.9819211024292,1320,Saturday,14025,Food,2,-999.0,Clear,354
10039,40.5733484377664 -73.9803028106689,1320,Saturday,31072,Outdoors & Recreation,-999,9.3,Clear,354
10039,40.5748599890725 -73.978434,1320,Saturday,20149,Arts & Entertainment,-999,8.9,Clear,354
10039,40.7106378081967 -73.79437208175659,60,Sunday,9692,Travel & Transport,-999,-999.0,Clouds,354
10042,40.5733484377664 -73.9803028106689,360,Thursday,31072,Outdoors & Recreation,-999,9.3,Clear,354
10042,40.5769613823836 -73.9816169257406,360,Thursday,22274,Food,1,5.2,Clear,354
10042,40.5764684582724 -73.9680030915786,360,Thursday,28057,Travel & Transport,-999,-999.0,Clear,354
10042,40.5778266755975 -73.96074810898621,360,Thursday,25779,Travel & Transport,-999,-999.0,Clear,354
10042,40.6843073787307 -73.97759780287741,420,Thursday,10758,Travel & Transport,-999,-999.0,Clear,354
10042,40.7058882004734 -73.9900016784668,420,Thursday,12687,Outdoors & Recreation,-999,9.0,Clear,354
10042,40.70240710847521 -73.7999725341797,480,Thursday,8487,Travel & Transport,-999,-999.0,Clear,354
10042,40.703446645733 -73.8002773453846,480,Thursday,8088,Food,1,5.5,Clear,354
10042,40.7070710849905 -73.79588274378379,480,Thursday,34734,Shop & Service,-999,6.0,Clear,354
10042,40.80036117114779 -73.9442431926727,480,Thursday,13384,Shop & Service,-999,-999.0,Clear,354
10042,40.70240710847521 -73.7999725341797,480,Friday,8487,Travel & Transport,-999,-999.0,Clear,354
10042,40.7181437748072 -74.0001565217972,480,Friday,8300,Travel & Transport,-999,-999.0,Clear,354
10042,40.7085883614824 -73.9910316467285,540,Friday,18603,Travel & Transport,-999,-999.0,Clear,354
10042,40.5733484377664 -73.9803028106689,600,Friday,31072,Outdoors & Recreation,-999,9.3,Clear,354
10042,40.5769613823836 -73.9816169257406,600,Friday,22274,Food,1,5.2,Clear,354
10042,40.5748599890725 -73.978434,600,Friday,20149,Arts & Entertainment,-999,8.9,Clear,354
10042,40.7085883614824 -73.9910316467285,660,Friday,18603,Travel & Transport,-999,-999.0,Clear,354
10042,40.7181437748072 -74.0001565217972,660,Friday,8300,Travel & Transport,-999,-999.0,Clear,354
10042,40.70240710847521 -73.7999725341797,300,Saturday,8487,Travel & Transport,-999,-999.0,Clouds,354
10042,40.7053894566383 -73.79486593978599,300,Saturday,35667,Shop & Service,-999,-999.0,Clouds,354
10042,40.80036117114779 -73.9442431926727,300,Saturday,13384,Shop & Service,-999,-999.0,Clouds,354
10042,40.7093171437512 -73.7974223015331,420,Saturday,9558,Shop & Service,-999,6.3,Clear,354
10045,40.80036117114779 -73.9442431926727,960,Wednesday,13384,Shop & Service,-999,-999.0,Clouds,354
10045,40.7060602188404 -73.7931023182782,960,Wednesday,27323,Food,1,5.4,Clouds,354
10045,40.706208 -73.79261639,960,Wednesday,37105,Food,1,6.6,Clouds,354
10045,40.7062463010607 -73.7933608305511,960,Wednesday,6441,Shop & Service,-999,6.8,Clouds,354
10045,40.7043089755605 -73.7969225210319,960,Wednesday,37188,Shop & Service,-999,5.9,Clouds,354
10045,40.80036117114779 -73.9442431926727,1260,Wednesday,13384,Shop & Service,-999,-999.0,Clouds,354
10045,40.7106378081967 -73.79437208175659,1020,Thursday,9692,Travel & Transport,-999,-999.0,Clouds,354
10045,40.7093171437512 -73.7974223015331,1020,Thursday,9558,Shop & Service,-999,6.3,Clouds,354
10045,40.7060602188404 -73.7931023182782,1020,Thursday,27323,Food,1,5.4,Clouds,354
10045,40.80036117114779 -73.9442431926727,480,Friday,13384,Shop & Service,-999,-999.0,Clouds,354
10045,40.7135654797986 -73.82782459259029,480,Friday,33527,Professional & Other Places,-999,-999.0,Clouds,354
10047,40.7564898726738 -73.9862680435181,1020,Monday,21033,Outdoors & Recreation,-999,9.0,Clouds,354
10047,40.75762764254579 -73.9821481704712,1080,Monday,28711,Food,1,5.4,Clouds,354
10047,40.7564898726738 -73.9862680435181,1320,Monday,21033,Outdoors & Recreation,-999,9.0,Clouds,354
10047,40.761389790808295 -73.983355891638,1320,Monday,8257,Food,3,5.4,Clouds,354
10047,40.70240710847521 -73.7999725341797,1380,Monday,8487,Travel & Transport,-999,-999.0,Clouds,354
10047,40.80036117114779 -73.9442431926727,1380,Monday,13384,Shop & Service,-999,-999.0,Clouds,354
10047,40.7106378081967 -73.79437208175659,480,Tuesday,9692,Travel & Transport,-999,-999.0,Clouds,354
10047,40.7060602188404 -73.7931023182782,900,Thursday,27323,Food,1,5.4,Clear,354
10047,40.703913451839 -73.79778421076759,900,Thursday,2696,Shop & Service,-999,7.1,Clear,354
10047,40.7066167081459 -73.7944121103368,900,Thursday,21631,Shop & Service,-999,6.3,Clear,354
10047,40.7033046274662 -73.7998637399602,1260,Thursday,1935,Shop & Service,-999,-999.0,Clear,354
10047,40.7093171437512 -73.7974223015331,1260,Thursday,9558,Shop & Service,-999,6.3,Clear,354
10047,40.80036117114779 -73.9442431926727,1260,Thursday,13384,Shop & Service,-999,-999.0,Clear,354
10047,40.7044330857767 -73.7976808081964,960,Friday,16203,Shop & Service,-999,-999.0,Clear,354
10047,40.70461934113671 -73.797117837699,960,Friday,33785,Shop & Service,-999,6.9,Clear,354
10047,40.80036117114779 -73.9442431926727,480,Saturday,13384,Shop & Service,-999,-999.0,Clear,354
10047,40.80036117114779 -73.9442431926727,600,Sunday,13384,Shop & Service,-999,-999.0,Clear,354
10052,40.75762764254579 -73.9821481704712,480,Monday,28711,Food,1,5.4,Clouds,354
10052,40.70240710847521 -73.7999725341797,540,Monday,8487,Travel & Transport,-999,-999.0,Clouds,354
10052,40.7093171437512 -73.7974223015331,1020,Tuesday,9558,Shop & Service,-999,6.3,Rain,354
10052,40.75762764254579 -73.9821481704712,1080,Tuesday,28711,Food,1,5.4,Clouds,354
10052,40.75762764254579 -73.9821481704712,60,Wednesday,28711,Food,1,5.4,Clear,354
10052,40.70240710847521 -73.7999725341797,1140,Wednesday,8487,Travel & Transport,-999,-999.0,Clear,354
10052,40.756506126666295 -73.9880275726318,1200,Wednesday,34785,Travel & Transport,-999,-999.0,Clear,354
10052,40.7999632100036 -73.94483327865599,600,Friday,13384,Shop & Service,-999,-999.0,Clouds,354
10052,40.7109305811497 -73.79173278808591,600,Friday,3332,Food,2,7.2,Clouds,354
10052,40.7999632100036 -73.94483327865599,660,Friday,13384,Shop & Service,-999,-999.0,Clouds,354
10052,40.7595151393505 -73.9787186142796,840,Friday,14304,Shop & Service,-999,6.3,Clouds,354
10052,40.8516862661649 -73.9379882812499,960,Friday,6123,Travel & Transport,-999,-999.0,Clouds,354
10052,40.7679967046751 -73.9818906784058,1140,Friday,13115,Travel & Transport,-999,-999.0,Clouds,354
10052,40.75885710200311 -73.98109465898241,1140,Friday,37747,Travel & Transport,-999,-999.0,Clouds,354
10052,40.75762764254579 -73.9821481704712,1140,Friday,28711,Food,1,5.4,Clouds,354
10052,40.7564538278204 -73.9829771083278,480,Saturday,18642,Shop & Service,-999,-999.0,Clouds,354
10052,40.75762764254579 -73.9821481704712,480,Saturday,28711,Food,1,5.4,Clouds,354
10052,40.7564898726738 -73.9862680435181,480,Saturday,21033,Outdoors & Recreation,-999,9.0,Clouds,354
10052,40.756506126666295 -73.9880275726318,480,Saturday,34785,Travel & Transport,-999,-999.0,Clouds,354
10052,40.7999632100036 -73.94483327865599,540,Saturday,13384,Shop & Service,-999,-999.0,Clouds,354
10052,40.70240710847521 -73.7999725341797,1140,Saturday,8487,Travel & Transport,-999,-999.0,Clouds,354
10052,40.756506126666295 -73.9880275726318,1200,Saturday,34785,Travel & Transport,-999,-999.0,Clouds,354
10052,40.7564898726738 -73.9862680435181,1200,Saturday,21033,Outdoors & Recreation,-999,9.0,Clouds,354
10052,40.7587486226439 -73.9785980894904,1200,Saturday,11269,Outdoors & Recreation,-999,8.9,Clouds,354
10052,40.75762764254579 -73.9821481704712,1200,Saturday,28711,Food,1,5.4,Clouds,354
10052,40.7564898726738 -73.9862680435181,540,Sunday,21033,Outdoors & Recreation,-999,9.0,Clear,354
10052,40.70240710847521 -73.7999725341797,540,Sunday,8487,Travel & Transport,-999,-999.0,Clear,354
10052,40.7999632100036 -73.94483327865599,600,Sunday,13384,Shop & Service,-999,-999.0,Clear,354
10054,40.7564898726738 -73.9862680435181,600,Monday,21033,Outdoors & Recreation,-999,9.0,Clear,354
10054,40.7999632100036 -73.94483327865599,600,Monday,13384,Shop & Service,-999,-999.0,Clear,354
10054,40.7564898726738 -73.9862680435181,480,Tuesday,21033,Outdoors & Recreation,-999,9.0,Clouds,354
10054,40.7558234555631 -73.98633241653441,480,Tuesday,24129,Arts & Entertainment,-999,-999.0,Clouds,354
10054,40.75762764254579 -73.9821481704712,480,Wednesday,28711,Food,1,5.4,Clear,354
10054,40.7564898726738 -73.9862680435181,540,Wednesday,21033,Outdoors & Recreation,-999,9.0,Clear,354
10054,40.756506126666295 -73.9880275726318,540,Wednesday,34785,Travel & Transport,-999,-999.0,Clear,354
10054,40.70240710847521 -73.7999725341797,540,Wednesday,8487,Travel & Transport,-999,-999.0,Clear,354
10054,40.7564898726738 -73.9862680435181,1080,Friday,21033,Outdoors & Recreation,-999,9.0,Clear,354
10054,40.7587486226439 -73.9785980894904,1080,Friday,11269,Outdoors & Recreation,-999,8.9,Clear,354
