tid,lat_lon,date_time,day,poi,category,price,rating,weather,label
9863,40.8326008499829 -73.9152203245855,480,Monday,16072,Residence,-999,-999.0,Clear,349
9863,40.8325597623399 -73.9153236654068,480,Monday,272,Professional & Other Places,-999,-999.0,Clear,349
9863,40.832484107252704 -73.91520884226871,480,Monday,27301,Professional & Other Places,-999,-999.0,Clear,349
9863,40.8326120241738 -73.9153523711807,480,Monday,32356,Food,1,-999.0,Clear,349
9863,40.8325597623399 -73.9153236654068,1020,Tuesday,272,Professional & Other Places,-999,-999.0,Clear,349
9863,40.832484107252704 -73.91520884226871,1020,Tuesday,27301,Professional & Other Places,-999,-999.0,Clear,349
9863,40.8331095100931 -73.9147897372398,1200,Tuesday,27921,Food,1,-999.0,Clear,349
9863,40.83329771 -73.91433,1200,Tuesday,9883,Food,2,-999.0,Clear,349
9863,40.84758 -73.984809,480,Friday,22652,Food,2,6.1,Clear,349
9863,40.847429578145 -73.98378632631129,480,Friday,33706,Shop & Service,-999,6.9,Clear,349
9863,40.845901741130206 -73.985490838145,480,Friday,34311,Shop & Service,-999,7.1,Clear,349
9863,40.80988598165371 -74.0063512289847,480,Friday,31908,Shop & Service,-999,6.1,Clear,349
9863,40.7611708582504 -74.011287689209,540,Friday,7347,Travel & Transport,-999,5.3,Clear,349
9863,40.7657744794092 -74.0223895154342,540,Friday,3050,Travel & Transport,-999,5.3,Clear,349
9863,40.845901741130206 -73.985490838145,720,Saturday,34311,Shop & Service,-999,7.1,Clear,349
9863,40.7606832709659 -73.9899802207947,840,Saturday,3791,Food,3,8.6,Clouds,349
9863,40.76446111336311 -73.983109108657,840,Saturday,14649,Food,3,7.4,Clouds,349
9863,40.7261763245575 -73.9915626798901,900,Saturday,16587,Travel & Transport,-999,9.3,Clear,349
9866,40.832663588921896 -73.9145658314435,600,Monday,16072,Residence,-999,-999.0,Clouds,349
9866,40.8329343159372 -73.91406634835421,600,Monday,24617,Food,1,-999.0,Clouds,349
9866,40.832484107252704 -73.91520884226871,600,Monday,27301,Professional & Other Places,-999,-999.0,Clouds,349
9866,40.83212403955029 -73.9148356666021,600,Monday,272,Professional & Other Places,-999,-999.0,Clouds,349
9866,40.87364275972929 -73.9081192016602,840,Monday,23881,Shop & Service,-999,6.6,Clouds,349
9866,40.832663588921896 -73.9145658314435,780,Wednesday,16072,Residence,-999,-999.0,Clouds,349
9866,40.83212403955029 -73.9148356666021,780,Wednesday,272,Professional & Other Places,-999,-999.0,Clouds,349
9866,40.8329343159372 -73.91406634835421,780,Wednesday,24617,Food,1,-999.0,Clouds,349
9866,40.867459 -73.896905,1020,Wednesday,24994,Shop & Service,-999,5.7,Clouds,349
9866,40.8671847685775 -73.89717578887941,1020,Wednesday,25936,Shop & Service,-999,6.4,Clouds,349
9866,40.8682607720272 -73.902072628377,1140,Wednesday,10725,Professional & Other Places,-999,-999.0,Fog,349
9866,40.86728212990421 -73.8971328735352,1200,Wednesday,335,Shop & Service,-999,6.4,Clouds,349
9866,40.867282215886 -73.897020002745,1200,Wednesday,18409,Food,1,-999.0,Clouds,349
9866,40.83212403955029 -73.9148356666021,420,Friday,272,Professional & Other Places,-999,-999.0,Clear,349
9866,40.832484107252704 -73.91520884226871,420,Friday,27301,Professional & Other Places,-999,-999.0,Clear,349
9866,40.8329343159372 -73.91406634835421,420,Friday,24617,Food,1,-999.0,Clear,349
9866,40.832663588921896 -73.9145658314435,420,Friday,16072,Residence,-999,-999.0,Clear,349
9866,40.867282215886 -73.897020002745,1140,Friday,18409,Food,1,-999.0,Clear,349
9866,40.8659041838043 -73.8948295340664,1140,Friday,26049,Residence,-999,-999.0,Clear,349
9866,40.866954614197205 -73.8964400907548,1140,Friday,21864,Food,1,-999.0,Clear,349
9866,40.83212403955029 -73.9148356666021,480,Saturday,272,Professional & Other Places,-999,-999.0,Clear,349
9866,40.832663588921896 -73.9145658314435,480,Saturday,16072,Residence,-999,-999.0,Clear,349
9866,40.832484107252704 -73.91520884226871,480,Saturday,27301,Professional & Other Places,-999,-999.0,Clear,349
9866,40.8326120241738 -73.9153523711807,480,Saturday,32356,Food,1,-999.0,Clear,349
9866,40.8129751682281 -74.00172829627991,600,Sunday,2664,Professional & Other Places,-999,-999.0,Clear,349
9866,40.8131359724273 -74.0019612666468,600,Sunday,14271,Professional & Other Places,-999,-999.0,Clear,349
9866,40.81416096996929 -74.0046583796203,600,Sunday,728,Outdoors & Recreation,-999,-999.0,Clear,349
9866,40.816415583333296 -74.0042995666667,600,Sunday,37724,Nightlife Spot,2,6.8,Clear,349
9866,40.800194 -73.99455,900,Sunday,27755,Shop & Service,-999,-999.0,Clouds,349
9866,40.83212403955029 -73.9148356666021,1380,Sunday,272,Professional & Other Places,-999,-999.0,Clear,349
9866,40.832484107252704 -73.91520884226871,1380,Sunday,27301,Professional & Other Places,-999,-999.0,Clear,349
9866,40.83258630275 -73.91532940656191,1380,Sunday,16072,Residence,-999,-999.0,Clear,349
9866,40.8331969234033 -73.9140737056732,1380,Sunday,2317,Travel & Transport,-999,-999.0,Clear,349
9868,40.83258630275 -73.91532940656191,1020,Wednesday,16072,Residence,-999,-999.0,Clear,349
9868,40.8324983526906 -73.9152834773161,1020,Wednesday,272,Professional & Other Places,-999,-999.0,Clear,349
9868,40.832484107252704 -73.91520884226871,1020,Wednesday,27301,Professional & Other Places,-999,-999.0,Clear,349
9868,40.832593479216 -73.9152892184725,1020,Wednesday,24617,Food,1,-999.0,Clear,349
9868,40.83258630275 -73.91532940656191,420,Friday,16072,Residence,-999,-999.0,Clouds,349
9868,40.8324983526906 -73.9152834773161,420,Friday,272,Professional & Other Places,-999,-999.0,Clouds,349
9868,40.832484107252704 -73.91520884226871,420,Friday,27301,Professional & Other Places,-999,-999.0,Clouds,349
9868,40.8331969234033 -73.9140737056732,420,Friday,2317,Travel & Transport,-999,-999.0,Clouds,349
9868,40.8129751682281 -74.00172829627991,540,Friday,2664,Professional & Other Places,-999,-999.0,Clouds,349
9868,40.8131359724273 -74.0019612666468,540,Friday,14271,Professional & Other Places,-999,-999.0,Clouds,349
9868,40.761763368800295 -73.9752750191242,600,Friday,3190,Travel & Transport,-999,9.3,Clouds,349
9868,40.761233121448605 -73.97521188597091,600,Friday,5040,Shop & Service,-999,7.8,Clouds,349
9868,40.7622718722179 -73.97446576531759,600,Friday,16082,Shop & Service,-999,8.8,Clouds,349
9868,40.762311876317 -73.97391478205509,600,Friday,9242,Professional & Other Places,-999,-999.0,Clouds,349
9868,40.7653028463973 -73.9657416785081,660,Friday,27066,Food,2,8.6,Clouds,349
9868,40.765797679451104 -73.9691280486012,720,Friday,33336,Food,4,-999.0,Clouds,349
9868,40.7665736187779 -73.9664533951279,720,Friday,36239,Professional & Other Places,-999,8.3,Clouds,349
9868,40.7665140155987 -73.9676013196215,720,Friday,34150,Food,4,9.3,Clouds,349
9868,40.765607228205205 -73.9656728025667,720,Friday,28153,Food,1,7.2,Clouds,349
9868,40.774626 -73.959236,720,Friday,24766,Food,2,-999.0,Clouds,349
9868,40.745212 -73.978328,780,Friday,4795,Nightlife Spot,2,6.3,Clouds,349
9868,40.745478 -73.97781,780,Friday,488,Nightlife Spot,2,-999.0,Fog,349
9868,40.7451354881333 -73.97874176502229,780,Friday,35238,Food,2,-999.0,Fog,349
9868,40.73987512324479 -74.005874937288,1080,Friday,22929,Nightlife Spot,3,-999.0,Clouds,349
9868,40.74000688350711 -74.00581181420308,1080,Friday,18628,Travel & Transport,-999,8.7,Clouds,349
9868,40.7420197810431 -74.00510024344129,1080,Friday,19056,Shop & Service,-999,9.5,Clouds,349
9868,40.74185966827029 -74.0050864219666,1080,Friday,6367,Food,3,9.4,Clouds,349
9868,40.864927664785 -73.9242222523916,1260,Friday,11801,Food,1,-999.0,Clouds,349
9868,40.86386387 -73.925883,1260,Friday,32553,Shop & Service,-999,7.2,Clouds,349
9868,40.83258630275 -73.91532940656191,420,Sunday,16072,Residence,-999,-999.0,Rain,349
9868,40.8324983526906 -73.9152834773161,420,Sunday,272,Professional & Other Places,-999,-999.0,Rain,349
9868,40.832484107252704 -73.91520884226871,420,Sunday,27301,Professional & Other Places,-999,-999.0,Rain,349
9868,40.832593479216 -73.9152892184725,420,Sunday,24617,Food,1,-999.0,Rain,349
9868,40.8129751682281 -74.00172829627991,480,Sunday,2664,Professional & Other Places,-999,-999.0,Clouds,349
9868,40.8131359724273 -74.0019612666468,480,Sunday,14271,Professional & Other Places,-999,-999.0,Clouds,349
9868,40.8120948273672 -74.00346476835409,480,Sunday,32508,Shop & Service,-999,6.6,Clouds,349
9868,40.8139486579174 -74.00454360962979,480,Sunday,728,Outdoors & Recreation,-999,-999.0,Clouds,349
9868,40.77269419000321 -73.9820645818322,540,Sunday,31616,Shop & Service,-999,7.7,Clear,349
9868,40.7730831295588 -73.9828133583069,540,Sunday,27047,Arts & Entertainment,-999,9.3,Clear,349
9868,40.7367349889739 -73.98976065994741,780,Sunday,36211,Shop & Service,-999,8.9,Clear,349
9868,40.7365269712657 -73.99055957794191,780,Sunday,3103,Shop & Service,-999,9.6,Clear,349
9868,40.7365317075433 -73.9908281005557,780,Sunday,18821,Food,2,8.1,Clear,349
9868,40.7366267739913 -73.9908854896675,780,Sunday,36089,Food,3,8.8,Clear,349
9868,40.726437546201 -74.0022539339353,780,Sunday,12442,Food,3,9.0,Clear,349
9868,40.7261614903159 -74.0026326791738,780,Sunday,1407,Food,3,9.4,Clear,349
9868,40.726068318137706 -74.00157104289958,780,Sunday,1724,Nightlife Spot,2,-999.0,Clear,349
9868,40.726298 -74.001899,780,Sunday,2706,Food,2,8.3,Clear,349
9868,40.719493620516296 -74.0041208267212,840,Sunday,37143,Food,3,-999.0,Clear,349
9868,40.7950006778203 -74.07188415527341,960,Sunday,14434,Travel & Transport,-999,4.8,Clouds,349
9868,40.7953157061205 -74.0717640332719,960,Sunday,15135,Shop & Service,-999,-999.0,Clouds,349
9868,40.7951014467319 -74.0724351994471,960,Sunday,31301,Food,1,6.2,Clouds,349
9871,40.8131359724273 -74.0019612666468,480,Friday,14271,Professional & Other Places,-999,-999.0,Clear,349
9871,40.8129751682281 -74.00172829627991,480,Friday,2664,Professional & Other Places,-999,-999.0,Clear,349
9871,40.8139486579174 -74.0041706066851,480,Friday,728,Outdoors & Recreation,-999,-999.0,Clear,349
9871,40.7611708582504 -74.011287689209,540,Friday,7347,Travel & Transport,-999,5.3,Clear,349
9871,40.76518 -74.02026,540,Friday,33263,Travel & Transport,-999,-999.0,Clear,349
9871,40.7640963068463 -74.0202140808105,540,Friday,36313,Outdoors & Recreation,-999,9.1,Clear,349
9871,40.7407782584499 -73.98768315098721,960,Saturday,15829,Food,2,8.1,Clear,349
9871,40.7417785115112 -73.9853817957533,960,Saturday,1202,Food,1,7.8,Clear,349
9871,40.7426562844735 -73.9890146255493,960,Saturday,19663,Shop & Service,-999,9.0,Clear,349
9871,40.7431140256761 -73.98917528677009,960,Saturday,12019,Nightlife Spot,2,6.7,Clear,349
9871,40.721038 -73.996056,1080,Saturday,37489,Food,1,-999.0,Clear,349
9871,40.7204139220372 -73.9984492242955,1080,Saturday,20259,Professional & Other Places,-999,-999.0,Clear,349
9871,40.80019176006321 -73.9946633577347,540,Sunday,31205,Shop & Service,-999,-999.0,Clouds,349
9871,40.800194 -73.99455,540,Sunday,27755,Shop & Service,-999,-999.0,Clouds,349
9871,40.8002312249141 -73.99446487426759,540,Sunday,13693,Food,1,7.3,Clouds,349
9871,40.7611708582504 -74.011287689209,540,Sunday,7347,Travel & Transport,-999,5.3,Clouds,349
9871,40.7597770159604 -73.991677457657,660,Sunday,1286,Food,2,8.0,Clouds,349
9871,40.7604234921454 -73.9911953905745,660,Sunday,20051,Food,2,7.1,Clouds,349
9871,40.8545265772426 -73.9680290222168,900,Sunday,7728,Travel & Transport,-999,5.1,Clouds,349
9871,40.87285 -73.918479,960,Sunday,34063,Professional & Other Places,-999,-999.0,Clouds,349
9872,40.83258630275 -73.91532940656191,1380,Wednesday,16072,Residence,-999,-999.0,Clear,349
9872,40.832484107252704 -73.91520884226871,1380,Wednesday,27301,Professional & Other Places,-999,-999.0,Clear,349
9872,40.8330400487979 -73.9148012195814,1380,Wednesday,27921,Food,1,-999.0,Clear,349
9872,40.833761118451 -73.918442953373,240,Thursday,13378,Travel & Transport,-999,-999.0,Clear,349
9872,40.8337688181605 -73.9165350453848,240,Thursday,27787,Food,1,-999.0,Clear,349
9872,40.832587670613 -73.9164259640845,300,Thursday,8926,Shop & Service,-999,-999.0,Clear,349
9872,40.8331969234033 -73.9140737056732,300,Thursday,2317,Travel & Transport,-999,-999.0,Clear,349
9872,40.8324983526906 -73.9152834773161,540,Thursday,272,Professional & Other Places,-999,-999.0,Clear,349
9872,40.832593479216 -73.9152892184725,540,Thursday,24617,Food,1,-999.0,Clear,349
9872,40.8326120241738 -73.9153523711807,540,Thursday,32356,Food,1,-999.0,Clear,349
9872,40.8327853304008 -73.9149332664609,540,Thursday,6648,Shop & Service,-999,-999.0,Clear,349
9873,40.8326120241738 -73.9153523711807,360,Monday,32356,Food,1,-999.0,Clouds,349
9873,40.8327853304008 -73.9149332664609,660,Tuesday,6648,Shop & Service,-999,-999.0,Clouds,349
9873,40.8324983526906 -73.9152834773161,660,Tuesday,272,Professional & Other Places,-999,-999.0,Clouds,349
9873,40.832587670613 -73.9164259640845,660,Tuesday,8926,Shop & Service,-999,-999.0,Clouds,349
9873,40.86386387 -73.925883,720,Tuesday,32553,Shop & Service,-999,7.2,Clouds,349
9873,40.864927664785 -73.9242222523916,720,Tuesday,11801,Food,1,-999.0,Clouds,349
9873,40.6943849768256 -73.98879077596631,780,Tuesday,31095,Professional & Other Places,-999,-999.0,Clouds,349
9873,40.69264 -73.98874,780,Tuesday,11115,Travel & Transport,-999,8.1,Clouds,349
9873,40.69211070019279 -73.98889981642179,900,Tuesday,30481,Food,2,9.1,Clouds,349
9873,40.6924835502475 -73.98855547793029,900,Tuesday,17373,Food,1,7.4,Clouds,349
9873,40.69264 -73.98874,960,Tuesday,11115,Travel & Transport,-999,8.1,Clouds,349
9873,40.864927664785 -73.9242222523916,780,Wednesday,11801,Food,1,-999.0,Clear,349
9873,40.864766916382 -73.92425537109379,780,Wednesday,5044,Residence,-999,-999.0,Clear,349
9873,40.737535357475295 -74.003886,1140,Saturday,16485,Food,3,9.2,Clear,349
9874,40.873577858428895 -73.90859127044679,780,Wednesday,3760,Food,1,6.3,Clear,349
9874,40.8734310087479 -73.9087269663001,780,Wednesday,23007,Shop & Service,-999,5.7,Clear,349
9874,40.872505187988295 -73.90602111816409,780,Wednesday,20572,Food,1,-999.0,Clear,349
9874,40.7306572587406 -73.99997949600221,1020,Thursday,88,Food,2,9.1,Clear,349
9874,40.7300696844065 -74.0003544578773,1020,Thursday,11719,Arts & Entertainment,-999,9.4,Clear,349
9874,40.7341014947981 -73.9992583770174,1200,Thursday,37511,Food,1,7.0,Clear,349
9874,40.7333567113549 -73.99983798076671,1200,Thursday,26450,Shop & Service,-999,5.7,Clear,349
9874,40.734448361051896 -73.9989829211553,1200,Thursday,4159,Arts & Entertainment,-999,9.1,Clear,349
9874,40.720417902463005 -73.98438319412891,1200,Thursday,1873,Nightlife Spot,2,-999.0,Clear,349
9874,40.7221265763234 -73.9834706743118,1200,Thursday,36545,Food,2,8.1,Clear,349
9874,40.721294 -73.983994,1200,Thursday,34153,Food,2,9.1,Clear,349
9874,40.7227065 -73.980055,1200,Thursday,27622,Food,1,9.1,Clear,349
9874,40.74257065 -74.000398,1260,Thursday,19358,Food,1,-999.0,Clear,349
9874,40.7445281391175 -73.99875337430109,1260,Thursday,18723,Food,2,7.7,Clear,349
9874,40.7428162121084 -74.0004061055118,1260,Thursday,13217,Food,1,6.9,Clear,349
9874,40.74246 -74.029347,1260,Thursday,36251,Food,2,7.2,Clear,349
9874,40.7431127959633 -74.0293208514264,1260,Thursday,28197,College & University,-999,-999.0,Clear,349
9874,40.744371574419496 -74.0335954320974,1260,Thursday,21380,Travel & Transport,-999,-999.0,Clear,349
9874,40.8129751682281 -74.00172829627991,1320,Thursday,2664,Professional & Other Places,-999,-999.0,Clear,349
9874,40.8131359724273 -74.0019612666468,1320,Thursday,14271,Professional & Other Places,-999,-999.0,Clear,349
9874,40.8139486579174 -74.0041706066851,1320,Thursday,728,Outdoors & Recreation,-999,-999.0,Clear,349
9874,40.8129751682281 -74.00172829627991,480,Friday,2664,Professional & Other Places,-999,-999.0,Clear,349
9874,40.76518 -74.02026,540,Friday,33263,Travel & Transport,-999,-999.0,Clear,349
9874,40.7611708582504 -74.011287689209,540,Friday,7347,Travel & Transport,-999,5.3,Clear,349
9874,40.7640963068463 -74.0202140808105,540,Friday,36313,Outdoors & Recreation,-999,9.1,Clear,349
9874,40.7633757591248 -74.0207183361053,540,Friday,12796,Professional & Other Places,-999,-999.0,Clear,349
9874,40.765219379615296 -74.02301495261851,540,Friday,3050,Travel & Transport,-999,5.3,Clear,349
9874,40.7470618874989 -74.00519371032709,660,Friday,1531,Outdoors & Recreation,-999,9.7,Clear,349
9874,40.7833685432654 -73.9781999588013,900,Friday,27211,Nightlife Spot,1,-999.0,Clear,349
9874,40.7826000627039 -73.9787128750056,900,Friday,33050,Food,2,7.6,Clear,349
9874,40.8993475548349 -74.05613149787841,1080,Friday,13389,Food,1,6.4,Clear,349
9874,40.832484107252704 -73.91520884226871,360,Saturday,27301,Professional & Other Places,-999,-999.0,Clear,349
9874,40.8326120241738 -73.9153523711807,360,Saturday,32356,Food,1,-999.0,Clear,349
9874,40.8324983526906 -73.9152834773161,360,Saturday,272,Professional & Other Places,-999,-999.0,Clear,349
9874,40.83258630275 -73.91532940656191,360,Saturday,16072,Residence,-999,-999.0,Clear,349
9874,40.7583362185418 -73.9629636626862,1020,Saturday,4838,Food,1,-999.0,Clear,349
9874,40.7581931912006 -73.9625848392459,1020,Saturday,16844,Food,3,-999.0,Clear,349
9874,40.8129751682281 -74.00172829627991,1260,Saturday,2664,Professional & Other Places,-999,-999.0,Clear,349
9874,40.765010483126 -73.9584213495255,1320,Saturday,19061,Outdoors & Recreation,-999,8.6,Clouds,349
9874,40.7657014885036 -73.9571147754404,1320,Saturday,32099,Food,1,6.5,Clouds,349
9874,40.8324983526906 -73.9152834773161,420,Sunday,272,Professional & Other Places,-999,-999.0,Clouds,349
9874,40.83258630275 -73.91532940656191,420,Sunday,16072,Residence,-999,-999.0,Clouds,349
9874,40.8326120241738 -73.9153523711807,420,Sunday,32356,Food,1,-999.0,Clouds,349
9874,40.8330400487979 -73.9148012195814,420,Sunday,27921,Food,1,-999.0,Clouds,349
9874,40.8048252891597 -73.9662869455088,660,Sunday,26883,Shop & Service,-999,6.4,Clear,349
9874,40.8043438370494 -73.96648209332359,660,Sunday,31689,Food,1,6.6,Clear,349
9874,40.735282496916206 -73.9904031515828,780,Sunday,32276,Outdoors & Recreation,-999,9.4,Clear,349
9874,40.7357343464241 -73.9905676245691,780,Sunday,24192,Travel & Transport,-999,-999.0,Clear,349
9874,40.7365317075433 -73.9908281005557,780,Sunday,18821,Food,2,8.1,Clear,349
9874,40.7366267739913 -73.9908854896675,780,Sunday,36089,Food,3,8.8,Clear,349
9874,40.7367349889739 -73.98976065994741,840,Sunday,36211,Shop & Service,-999,8.9,Clear,349
9874,40.7365959858949 -73.988997378882,840,Sunday,13371,Nightlife Spot,2,-999.0,Clear,349
9874,40.7366735830494 -73.98937041136091,840,Sunday,29747,Shop & Service,-999,8.7,Clear,349
9874,40.7369497006533 -73.9908385276794,840,Sunday,19741,Nightlife Spot,2,-999.0,Clear,349
9874,40.8654728085295 -73.9272701740265,960,Sunday,9402,Travel & Transport,-999,-999.0,Clouds,349
9874,40.864766916382 -73.92425537109379,960,Sunday,5044,Residence,-999,-999.0,Clouds,349
9874,40.86504942 -73.92275368,960,Sunday,11113,Residence,-999,-999.0,Clouds,349
9874,40.8635517287334 -73.91804495394359,1320,Sunday,15876,Shop & Service,-999,5.8,Clear,349
9874,40.8616730860141 -73.912257864378,1320,Sunday,9079,Shop & Service,-999,6.0,Clear,349
9875,40.733585706503 -73.9995912189888,1080,Tuesday,1648,Shop & Service,-999,-999.0,Clear,349
9875,40.7444892783793 -73.98132205009459,600,Wednesday,27170,Food,2,9.3,Clouds,349
9875,40.7451354881333 -73.97874176502229,600,Wednesday,35238,Food,2,-999.0,Clouds,349
9875,40.7561607284724 -73.9901787042618,840,Wednesday,26984,Professional & Other Places,-999,-999.0,Clear,349
9875,40.9279509393911 -73.85126709938051,1140,Wednesday,5763,Shop & Service,-999,5.6,Clear,349
9875,40.92829949647761 -73.84881019592291,1140,Wednesday,3214,Shop & Service,-999,6.3,Clear,349
9875,40.9269156698486 -73.8535448084696,1140,Wednesday,21256,Food,2,7.8,Clear,349
9875,40.921556485100496 -73.8542569351705,1200,Wednesday,7720,Shop & Service,-999,-999.0,Clouds,349
9875,40.8324983526906 -73.9152834773161,420,Thursday,272,Professional & Other Places,-999,-999.0,Clouds,349
9875,40.8327853304008 -73.9149332664609,420,Thursday,6648,Shop & Service,-999,-999.0,Clouds,349
9875,40.8331969234033 -73.9140737056732,420,Thursday,2317,Travel & Transport,-999,-999.0,Clouds,349
9875,40.8325908279343 -73.9149332664609,420,Thursday,9280,Shop & Service,-999,-999.0,Clouds,349
9875,40.8325908279343 -73.9149332664609,420,Thursday,9280,Shop & Service,-999,-999.0,Clouds,349
9875,40.83258630275 -73.91532940656191,420,Thursday,16072,Residence,-999,-999.0,Clouds,349
9875,40.832484107252704 -73.91520884226871,420,Thursday,27301,Professional & Other Places,-999,-999.0,Clouds,349
9875,40.8186999325416 -74.0013988851112,480,Thursday,17385,Food,1,6.1,Clouds,349
9875,40.7668266093626 -73.9862465858459,660,Thursday,339,Nightlife Spot,2,-999.0,Clear,349
9875,40.7660384085458 -73.9868259429932,660,Thursday,172,Food,2,8.6,Clear,349
9875,40.76622539195 -73.98704612025459,660,Thursday,11645,Food,2,7.4,Clear,349
9875,40.7668591122883 -73.9790153503418,720,Thursday,10545,Outdoors & Recreation,-999,6.7,Clear,349
9875,40.7104084863013 -74.0159341953563,900,Thursday,25954,Food,2,6.6,Clear,349
9875,40.71055 -74.015982,900,Thursday,37074,Food,2,-999.0,Clear,349
9875,40.7106275312793 -74.0160202677267,900,Thursday,25691,Shop & Service,-999,4.9,Clear,349
9875,40.7112598553392 -74.014815251011,900,Thursday,4949,Professional & Other Places,-999,-999.0,Clear,349
9875,40.7271774616936 -74.000483751297,1080,Thursday,6244,Food,2,8.8,Clear,349
9875,40.726983800056 -73.9994534913466,1080,Thursday,29278,Food,2,-999.0,Clear,349
9875,40.7278900783515 -73.9989714438192,1080,Thursday,27006,Nightlife Spot,2,7.3,Clear,349
9875,40.7381137229069 -74.00196700522541,1200,Thursday,11505,Food,1,8.3,Clear,349
9875,40.8324983526906 -73.9152834773161,420,Friday,272,Professional & Other Places,-999,-999.0,Clear,349
9875,40.832484107252704 -73.91520884226871,420,Friday,27301,Professional & Other Places,-999,-999.0,Clear,349
9875,40.8326120241738 -73.9153523711807,420,Friday,32356,Food,1,-999.0,Clear,349
9875,40.832593479216 -73.9152892184725,420,Friday,24617,Food,1,-999.0,Clear,349
9875,40.7611708582504 -74.011287689209,540,Friday,7347,Travel & Transport,-999,5.3,Clear,349
9875,40.765219379615296 -74.02301495261851,540,Friday,3050,Travel & Transport,-999,5.3,Clear,349
9875,40.7640963068463 -74.0202140808105,540,Friday,36313,Outdoors & Recreation,-999,9.1,Clear,349
9875,40.75221290282671 -73.977612555027,660,Friday,32906,Food,2,7.5,Clear,349
9875,40.7528658183704 -73.97698534575741,660,Friday,37931,Food,3,7.4,Clear,349
9875,40.7761015561136 -73.9797861162575,660,Friday,35528,Food,2,7.8,Clear,349
9875,40.7794718035937 -73.97769702081571,660,Friday,31495,Nightlife Spot,1,7.9,Clear,349
9875,40.760406969917 -73.99489402771,840,Friday,1726,Food,2,9.3,Clear,349
9875,40.76000064275871 -73.99648189544679,840,Friday,5785,Nightlife Spot,2,-999.0,Clear,349
9875,40.753639 -73.972307,1020,Friday,27676,Professional & Other Places,-999,-999.0,Clear,349
9875,40.7533827198828 -73.97444280771309,1020,Friday,15130,Food,1,8.8,Clear,349
9875,40.7340398666616 -73.9931753012184,1020,Friday,22423,Food,2,-999.0,Clear,349
9875,40.7323459357249 -73.9879873180689,1140,Friday,13315,Nightlife Spot,1,7.2,Clear,349
9875,40.7332304028387 -73.98759305477141,1140,Friday,18379,Food,2,7.3,Clear,349
9875,40.8131359724273 -74.0019612666468,420,Saturday,14271,Professional & Other Places,-999,-999.0,Clouds,349
9875,40.8129751682281 -74.00172829627991,420,Saturday,2664,Professional & Other Places,-999,-999.0,Clouds,349
9875,40.8122446789034 -74.00266137196441,540,Sunday,32508,Shop & Service,-999,6.6,Clear,349
9875,40.8164246325221 -74.0042452073322,540,Sunday,29584,Food,3,-999.0,Clear,349
9875,40.8131359724273 -74.0019612666468,540,Sunday,14271,Professional & Other Places,-999,-999.0,Clear,349
9875,40.81014837880161 -74.0010430918581,540,Sunday,495,Food,2,8.2,Clear,349
9875,40.78137136405471 -73.9605242562903,600,Sunday,693,Food,3,8.9,Clear,349
9875,40.7333567113549 -73.99983798076671,780,Sunday,26450,Shop & Service,-999,5.7,Clouds,349
9875,40.7327749161172 -74.0001650830985,780,Sunday,35111,Shop & Service,-999,-999.0,Clouds,349
9875,40.864927664785 -73.9242222523916,1080,Sunday,11801,Food,1,-999.0,Clouds,349
9875,40.86504942 -73.92275368,1140,Sunday,11113,Residence,-999,-999.0,Clouds,349
9875,40.9045876303841 -74.1273021148795,1260,Sunday,17730,Food,2,-999.0,Rain,349
9876,40.83258630275 -73.91532940656191,1020,Tuesday,16072,Residence,-999,-999.0,Clear,349
9876,40.8327853304008 -73.9149332664609,1020,Tuesday,6648,Shop & Service,-999,-999.0,Clear,349
9876,40.8324983526906 -73.9152834773161,1020,Tuesday,272,Professional & Other Places,-999,-999.0,Clear,349
9876,40.8331969234033 -73.9140737056732,1200,Tuesday,2317,Travel & Transport,-999,-999.0,Clear,349
9876,40.8325908279343 -73.9149332664609,1200,Tuesday,9280,Shop & Service,-999,-999.0,Clear,349
9876,40.90482379998 -73.862911365763,1200,Tuesday,21124,Food,1,-999.0,Clear,349
9876,40.9266458604817 -73.85567665100099,1200,Tuesday,18263,Shop & Service,-999,8.0,Clear,349
9876,40.83329771 -73.91433,720,Wednesday,9883,Food,2,-999.0,Clear,349
9876,40.8331969234033 -73.9140737056732,720,Wednesday,2317,Travel & Transport,-999,-999.0,Clear,349
9876,40.9281510190933 -73.85337826233729,780,Wednesday,26729,Shop & Service,-999,7.9,Clear,349
9876,40.927910409378 -73.8545608520508,780,Wednesday,676,Shop & Service,-999,6.1,Clouds,349
9876,40.8631481184055 -74.13160314981621,1140,Wednesday,23322,Shop & Service,-999,-999.0,Clear,349
9876,40.8640251282796 -74.1291601741078,1140,Wednesday,10200,Outdoors & Recreation,-999,-999.0,Clear,349
9879,40.8129751682281 -74.00172829627991,960,Thursday,2664,Professional & Other Places,-999,-999.0,Clear,349
9879,40.8122446789034 -74.00266137196441,960,Thursday,32508,Shop & Service,-999,6.6,Clear,349
9879,40.80019176006321 -73.9946633577347,1080,Thursday,31205,Shop & Service,-999,-999.0,Clear,349
9879,40.8002312249141 -73.99446487426759,1080,Thursday,13693,Food,1,7.3,Clear,349
9879,40.7404250841207 -74.0077800969592,1140,Thursday,25121,Food,2,-999.0,Clouds,349
9879,40.7401861420156 -74.00571426030349,1200,Thursday,30015,Food,2,8.2,Clouds,349
9879,40.8324983526906 -73.9152834773161,420,Friday,272,Professional & Other Places,-999,-999.0,Clouds,349
9879,40.8331969234033 -73.9140737056732,420,Friday,2317,Travel & Transport,-999,-999.0,Clouds,349
9879,40.83329771 -73.91433,420,Friday,9883,Food,2,-999.0,Clouds,349
9879,40.8186999325416 -74.0013988851112,480,Friday,17385,Food,1,6.1,Clouds,349
9879,40.8129751682281 -74.00172829627991,480,Friday,2664,Professional & Other Places,-999,-999.0,Clouds,349
9879,40.8139486579174 -74.0041706066851,480,Friday,728,Outdoors & Recreation,-999,-999.0,Clouds,349
9879,40.7592529942978 -73.98515224456791,600,Friday,6039,Travel & Transport,-999,9.1,Clouds,349
9879,40.75916766431921 -73.98492157459259,600,Friday,13214,Arts & Entertainment,-999,8.2,Clouds,349
9879,40.760195719108 -73.98485380013899,600,Friday,4376,Shop & Service,-999,8.2,Clouds,349
9879,40.7593017542363 -73.9849591255188,600,Friday,434,Food,2,8.2,Clouds,349
9879,40.7592204876522 -73.98510932922359,600,Friday,35128,Food,2,8.0,Clouds,349
9879,40.766761603463394 -73.9831352233887,720,Friday,13543,Professional & Other Places,-999,-999.0,Rain,349
9879,40.774953 -73.953899,780,Friday,13392,Food,2,8.8,Rain,349
9879,40.774772 -73.954047,780,Friday,24313,Food,2,7.1,Rain,349
9879,40.645089355976296 -73.7845230102539,960,Friday,24602,Travel & Transport,-999,7.0,Clouds,349
9879,40.7200726280036 -74.01036809972409,660,Saturday,1136,Food,3,9.4,Clouds,349
9879,40.7192421389388 -74.0103508847438,660,Saturday,16140,Nightlife Spot,2,6.2,Clouds,349
9879,40.6354451179504 -73.74035,1020,Saturday,6513,Food,2,7.3,Clouds,349
9879,40.832484107252704 -73.91520884226871,1380,Saturday,27301,Professional & Other Places,-999,-999.0,Clear,349
9879,40.8324983526906 -73.9152834773161,1380,Saturday,272,Professional & Other Places,-999,-999.0,Clear,349
9879,40.83329771 -73.91433,1380,Saturday,9883,Food,2,-999.0,Clear,349
9879,40.8186999325416 -74.0013988851112,420,Sunday,17385,Food,1,6.1,Clouds,349
9879,40.818906356328895 -74.00073894548859,420,Sunday,23028,Food,1,7.8,Clouds,349
9879,40.7419897287103 -74.0035843849182,600,Sunday,36826,Travel & Transport,-999,8.8,Clear,349
9879,40.73823003977589 -73.9878323650875,660,Sunday,37477,Food,4,8.8,Clear,349
9879,40.73675198017701 -73.9888366877446,660,Sunday,13257,Food,1,5.7,Clear,349
9879,40.910541941015794 -73.89204763214791,1200,Sunday,17412,Food,1,6.7,Clear,349
9885,40.800194 -73.99455,540,Saturday,27755,Shop & Service,-999,-999.0,Clear,349
9885,40.8002312249141 -73.99446487426759,540,Saturday,13693,Food,1,7.3,Clear,349
9885,40.7567146399289 -73.9738344301976,600,Saturday,20397,Travel & Transport,-999,-999.0,Clear,349
9885,40.756402 -73.972592,600,Saturday,19156,Food,4,-999.0,Clear,349
9885,40.7560347592727 -73.9728355407715,660,Saturday,11274,Food,2,-999.0,Clear,349
9885,40.7555796427559 -73.97086143493651,660,Saturday,33462,Food,3,8.0,Clear,349
9885,40.754811969205896 -73.9713320269878,660,Saturday,29667,Professional & Other Places,-999,7.0,Clear,349
9885,40.7542884082428 -73.9691280486012,660,Saturday,8917,Food,3,6.8,Clear,349
9885,40.770116 -73.951458,780,Saturday,24667,Food,2,-999.0,Clear,349
9885,40.769759 -73.951519,780,Saturday,35335,Food,1,7.0,Clear,349
9885,40.8186999325416 -74.0013988851112,480,Sunday,17385,Food,1,6.1,Clear,349
9885,40.7423548555907 -73.98503171186691,660,Sunday,11920,Food,3,8.0,Clear,349
9886,40.9285188246015 -73.8547278562511,960,Tuesday,32779,Shop & Service,-999,8.0,Clear,349
9886,40.9266458604817 -73.85567665100099,960,Tuesday,18263,Shop & Service,-999,8.0,Clear,349
9886,40.9281844134064 -73.85444070938479,960,Tuesday,22320,Shop & Service,-999,-999.0,Clear,349
9886,40.8671383484415 -73.8967444012218,1080,Tuesday,18409,Food,1,-999.0,Clear,349
9886,40.866954614197205 -73.8964400907548,1080,Tuesday,21864,Food,1,-999.0,Clear,349
9886,40.800194 -73.99455,1080,Wednesday,27755,Shop & Service,-999,-999.0,Clear,349
9886,40.737104 -74.02907,1140,Wednesday,8648,Nightlife Spot,2,6.9,Clear,349
9886,40.7366869221826 -74.0291372431276,1140,Wednesday,18395,Professional & Other Places,-999,-999.0,Clear,349
9886,40.844248988418 -73.9726176693972,1200,Wednesday,14904,Shop & Service,-999,-999.0,Clear,349
9886,40.850501414696105 -73.96832942962651,1200,Wednesday,13237,Shop & Service,-999,6.8,Clear,349
9886,40.8506922500222 -73.96839912311641,1200,Wednesday,32971,Food,2,-999.0,Clear,349
9886,40.864927664785 -73.9242222523916,1200,Wednesday,11801,Food,1,-999.0,Clear,349
9886,40.8654728085295 -73.9272701740265,1200,Wednesday,9402,Travel & Transport,-999,-999.0,Clear,349
9886,40.8138974961656 -74.0038664652844,540,Thursday,728,Outdoors & Recreation,-999,-999.0,Clouds,349
9886,40.8131359724273 -74.0019612666468,540,Thursday,14271,Professional & Other Places,-999,-999.0,Clouds,349
9886,40.8122446789034 -74.00266137196441,540,Thursday,32508,Shop & Service,-999,6.6,Clouds,349
9886,40.7365269712657 -73.99055957794191,720,Thursday,3103,Shop & Service,-999,9.6,Clear,349
9886,40.7365317075433 -73.9908281005557,720,Thursday,18821,Food,2,8.1,Clear,349
9886,40.726860165596 -73.9998016666667,900,Thursday,6267,Food,3,8.1,Clear,349
9886,40.8906122660476 -73.8928413391113,900,Friday,13990,Outdoors & Recreation,-999,9.3,Clear,349
9886,40.8916179833333 -73.89759765,900,Friday,12868,Food,3,7.7,Clear,349
9886,40.891117744509 -73.8979099633406,900,Friday,18296,Food,1,6.0,Clear,349
9886,40.9046751933365 -73.8969396190076,960,Friday,36122,Food,2,8.7,Clear,349
9886,40.762462 -74.044676,1080,Friday,25637,Residence,-999,-999.0,Clear,349
9886,40.759972 -74.04394,1080,Friday,6207,Shop & Service,-999,-999.0,Clear,349
9886,40.80019176006321 -73.9946633577347,660,Saturday,31205,Shop & Service,-999,-999.0,Clouds,349
9886,40.8002312249141 -73.99446487426759,660,Saturday,13693,Food,1,7.3,Clouds,349
9886,40.7227054927187 -73.9981985092163,720,Saturday,15793,Food,3,9.3,Clouds,349
9886,40.7333567113549 -73.99983798076671,840,Saturday,26450,Shop & Service,-999,5.7,Clouds,349
9886,40.7330875105079 -73.9998781512585,840,Saturday,19481,Food,3,7.8,Clouds,349
9886,40.726234307787 -73.9970397949219,900,Saturday,22592,Food,2,7.5,Clouds,349
9886,40.725111924417206 -73.9969743768554,900,Saturday,30979,Shop & Service,-999,5.2,Clouds,349
9886,40.77143374050621 -73.98247003555299,960,Saturday,10617,Travel & Transport,-999,8.0,Clouds,349
9886,40.7728395343182 -73.9822482353117,960,Saturday,31616,Shop & Service,-999,7.7,Clouds,349
9886,40.7582720682078 -73.96321621123299,1200,Saturday,10623,Residence,-999,-999.0,Clear,349
9886,40.7580377281478 -73.9633424853824,1200,Saturday,12518,Professional & Other Places,-999,-999.0,Clear,349
9886,40.7584893265358 -73.962757031811,1200,Saturday,20410,Shop & Service,-999,-999.0,Clear,349
9886,40.83258630275 -73.91532940656191,1140,Sunday,16072,Residence,-999,-999.0,Clouds,349
9886,40.8331969234033 -73.9140737056732,1140,Sunday,2317,Travel & Transport,-999,-999.0,Clouds,349
9886,40.8326120241738 -73.9153523711807,1140,Sunday,32356,Food,1,-999.0,Clouds,349
9886,40.8324407463521 -73.91492178412709,1140,Sunday,272,Professional & Other Places,-999,-999.0,Clouds,349
9888,40.7516488111102 -73.97202650453409,1140,Monday,20450,College & University,-999,-999.0,Clear,349
9888,40.7516383457297 -73.9722159070665,1140,Monday,6795,Nightlife Spot,2,7.0,Clear,349
9888,40.7525451616761 -73.9733580577815,1140,Monday,16180,Nightlife Spot,2,-999.0,Clear,349
9888,40.832484107252704 -73.91520884226871,360,Tuesday,27301,Professional & Other Places,-999,-999.0,Clouds,349
9888,40.8324407463521 -73.91492178412709,360,Tuesday,272,Professional & Other Places,-999,-999.0,Clouds,349
9888,40.83258630275 -73.91532940656191,360,Tuesday,16072,Residence,-999,-999.0,Clouds,349
9888,40.8330400487979 -73.9148012195814,960,Tuesday,27921,Food,1,-999.0,Clear,349
9888,40.83329771 -73.91433,1260,Tuesday,9883,Food,2,-999.0,Clear,349
9888,40.8338305778872 -73.91491604296,1260,Tuesday,30978,Food,1,-999.0,Clear,349
9888,40.83258630275 -73.91532940656191,960,Wednesday,16072,Residence,-999,-999.0,Clouds,349
9888,40.8324407463521 -73.91492178412709,960,Wednesday,272,Professional & Other Places,-999,-999.0,Clouds,349
9888,40.8331969234033 -73.9140737056732,960,Wednesday,2317,Travel & Transport,-999,-999.0,Clouds,349
9888,40.80019176006321 -73.9946633577347,1080,Wednesday,31205,Shop & Service,-999,-999.0,Clouds,349
9888,40.8002312249141 -73.99446487426759,1080,Wednesday,13693,Food,1,7.3,Clouds,349
9888,40.7522780753024 -74.0020416067313,1080,Wednesday,27372,Outdoors & Recreation,-999,9.7,Clouds,349
9888,40.75212 -73.99976,1080,Wednesday,37957,Professional & Other Places,-999,-999.0,Clouds,349
9888,40.7451354881333 -73.97874176502229,1200,Wednesday,35238,Food,2,-999.0,Clear,349
9888,40.7453102481831 -73.978421241045,1200,Wednesday,13658,Food,2,7.4,Clear,349
9888,40.7454015282282 -73.9783857361066,1200,Wednesday,26000,Nightlife Spot,1,-999.0,Clear,349
9888,40.736982 -74.002197,1260,Wednesday,12196,Food,4,8.9,Clear,349
9888,40.7372721618591 -74.00384351119679,1260,Wednesday,8989,Food,3,-999.0,Clear,349
9888,40.7280140403464 -73.9930375689655,1260,Wednesday,24712,Shop & Service,-999,9.6,Clouds,349
9888,40.8338305778872 -73.91491604296,1140,Thursday,30978,Food,1,-999.0,Clear,349
9888,40.8327853304008 -73.9149332664609,1140,Thursday,6648,Shop & Service,-999,-999.0,Clear,349
9888,40.8324407463521 -73.91492178412709,1320,Thursday,272,Professional & Other Places,-999,-999.0,Clear,349
9888,40.832484107252704 -73.91520884226871,1320,Thursday,27301,Professional & Other Places,-999,-999.0,Clear,349
9888,40.8331969234033 -73.9140737056732,420,Friday,2317,Travel & Transport,-999,-999.0,Clear,349
9888,40.8327853304008 -73.9149332664609,420,Friday,6648,Shop & Service,-999,-999.0,Clear,349
9888,40.8325908279343 -73.9149332664609,420,Friday,9280,Shop & Service,-999,-999.0,Clear,349
9888,40.8131359724273 -74.0019612666468,540,Friday,14271,Professional & Other Places,-999,-999.0,Clouds,349
9888,40.8138974961656 -74.0038664652844,540,Friday,728,Outdoors & Recreation,-999,-999.0,Clouds,349
9888,40.800194 -73.99455,540,Friday,27755,Shop & Service,-999,-999.0,Clouds,349
9888,40.7510329280088 -73.9751544921772,660,Friday,7973,Food,3,8.7,Rain,349
9888,40.75221290282671 -73.977612555027,660,Friday,32906,Food,2,7.5,Rain,349
9888,40.7502968123719 -73.9750671386719,660,Friday,8470,Food,2,7.7,Clouds,349
9888,40.7572435136495 -73.9898123104361,780,Friday,32122,Shop & Service,-999,-999.0,Rain,349
9888,40.757185438362605 -73.989680314715,780,Friday,21603,Food,2,-999.0,Rain,349
9888,40.7571237754334 -73.9894826710224,780,Friday,8121,Food,2,6.1,Rain,349
9888,40.7489656036438 -73.988819470829,960,Friday,34366,Shop & Service,-999,6.0,Rain,349
9888,40.74792346577971 -73.99053812026979,960,Friday,12367,Travel & Transport,-999,7.1,Rain,349
9888,40.727276839244 -73.9951838853312,1080,Friday,31352,College & University,-999,-999.0,Rain,349
9888,40.7268684989549 -73.9948081970215,1080,Friday,21778,Shop & Service,-999,8.8,Rain,349
9888,40.727954608405206 -73.9932613838262,1080,Friday,10713,Food,1,9.2,Rain,349
9888,40.730928 -73.991353,1080,Friday,12982,Shop & Service,-999,5.2,Clouds,349
9888,40.7294489674433 -73.9934966760904,1080,Friday,34210,College & University,-999,-999.0,Clouds,349
9888,40.72953528798121 -73.9934778213501,1140,Friday,1645,College & University,-999,-999.0,Rain,349
9888,40.7266926730001 -73.9953388323742,1140,Friday,13230,Outdoors & Recreation,-999,9.2,Rain,349
9888,40.7270697314278 -73.99190604686741,1140,Friday,8773,Nightlife Spot,3,7.5,Rain,349
9888,40.7262960594435 -73.991677457657,1140,Friday,23343,Food,2,8.9,Rain,349
9888,40.800194 -73.99455,780,Saturday,27755,Shop & Service,-999,-999.0,Clouds,349
9888,40.8002312249141 -73.99446487426759,840,Saturday,13693,Food,1,7.3,Clouds,349
9888,40.7565091851214 -73.9740353097786,840,Saturday,20397,Travel & Transport,-999,-999.0,Clouds,349
9888,40.7567306858662 -73.9740697462571,900,Saturday,17957,Professional & Other Places,-999,-999.0,Clouds,349
9888,40.7597087596701 -73.9956315097803,1080,Saturday,3744,Shop & Service,-999,6.0,Clouds,349
9888,40.7951014467319 -74.0724351994471,660,Sunday,31301,Food,1,6.2,Rain,349
9888,40.7444892783793 -73.98132205009459,720,Sunday,27170,Food,2,9.3,Clouds,349
9888,40.7367349889739 -73.98976065994741,840,Sunday,36211,Shop & Service,-999,8.9,Clouds,349
9888,40.7365269712657 -73.99055957794191,840,Sunday,3103,Shop & Service,-999,9.6,Clouds,349
9888,40.736887509419496 -73.9902082970545,900,Sunday,28532,Shop & Service,-999,7.9,Clouds,349
9888,40.735697 -74.006838,900,Sunday,14770,Food,3,9.1,Rain,349
9889,40.83258630275 -73.91532940656191,420,Tuesday,16072,Residence,-999,-999.0,Rain,349
9889,40.8331969234033 -73.9140737056732,420,Tuesday,2317,Travel & Transport,-999,-999.0,Rain,349
9889,40.8324407463521 -73.91492178412709,420,Tuesday,272,Professional & Other Places,-999,-999.0,Rain,349
9889,40.832593479216 -73.9152892184725,420,Tuesday,24617,Food,1,-999.0,Rain,349
9889,40.87400095562671 -73.9092092390801,480,Tuesday,22658,Outdoors & Recreation,-999,6.0,Clouds,349
9889,40.87364275972929 -73.9081192016602,480,Tuesday,23881,Shop & Service,-999,6.6,Clouds,349
9889,40.8742554097038 -73.9092723937605,480,Tuesday,327,Shop & Service,-999,7.2,Clouds,349
9889,40.8733717510838 -73.9079403998,480,Tuesday,36012,Shop & Service,-999,-999.0,Clouds,349
9889,40.8671847685775 -73.89717578887941,660,Tuesday,25936,Shop & Service,-999,6.4,Clear,349
9889,40.8659041838043 -73.8948295340664,660,Tuesday,26049,Residence,-999,-999.0,Clear,349
9889,40.8673486942663 -73.8964745410201,660,Tuesday,23288,Food,1,-999.0,Clear,349
9889,40.80019176006321 -73.9946633577347,960,Wednesday,31205,Shop & Service,-999,-999.0,Clear,349
9889,40.7808257732201 -73.9764833450317,1080,Wednesday,34329,Food,1,9.1,Clear,349
9889,40.7811844364976 -73.97320309300649,1080,Wednesday,5991,Arts & Entertainment,-999,9.4,Clear,349
9889,40.7534065959468 -73.9723134779953,1140,Wednesday,27676,Professional & Other Places,-999,-999.0,Clear,349
9889,40.7478710811635 -73.9892211984564,1200,Wednesday,33108,Food,1,8.2,Clear,349
9889,40.746091197877 -73.99427141687109,1200,Wednesday,3891,Food,1,7.3,Clear,349
9889,40.7259913037186 -74.0013300219526,1260,Wednesday,4162,Food,2,9.1,Clear,349
9889,40.8138974961656 -74.0038664652844,1320,Wednesday,728,Outdoors & Recreation,-999,-999.0,Clear,349
9889,40.8131359724273 -74.0019612666468,1320,Wednesday,14271,Professional & Other Places,-999,-999.0,Clear,349
9889,40.8129751682281 -74.00172829627991,1320,Wednesday,2664,Professional & Other Places,-999,-999.0,Clear,349
9889,40.87364275972929 -73.9081192016602,480,Thursday,23881,Shop & Service,-999,6.6,Clear,349
9889,40.8733717510838 -73.9079403998,480,Thursday,36012,Shop & Service,-999,-999.0,Clear,349
9889,40.873577858428895 -73.90859127044679,540,Thursday,3760,Food,1,6.3,Clear,349
9889,40.8324407463521 -73.91492178412709,780,Thursday,272,Professional & Other Places,-999,-999.0,Clear,349
9889,40.8325908279343 -73.9149332664609,780,Thursday,9280,Shop & Service,-999,-999.0,Clear,349
9889,40.80019176006321 -73.9946633577347,540,Friday,31205,Shop & Service,-999,-999.0,Clear,349
9889,40.7592412738341 -73.9960102681131,600,Friday,4559,Professional & Other Places,-999,8.5,Clear,349
9889,40.760370388842 -73.9961652144881,600,Friday,31986,Residence,-999,-999.0,Clear,349
9889,40.760406969917 -73.99489402771,660,Friday,1726,Food,2,9.3,Clear,349
9889,40.780043 -73.9804892,720,Friday,251,Food,2,8.6,Clear,349
9889,40.7791115825727 -73.98163318634029,720,Friday,36523,Outdoors & Recreation,-999,6.9,Clear,349
9889,40.733585706503 -73.9995912189888,780,Friday,1648,Shop & Service,-999,-999.0,Clear,349
9889,40.7329264333333 -74.00012971666669,780,Friday,24537,Shop & Service,-999,6.7,Clear,349
9889,40.753727972632106 -73.98368835767091,840,Friday,20719,Outdoors & Recreation,-999,9.7,Clear,349
9889,40.7556301574511 -73.9823400619857,840,Friday,16229,Travel & Transport,-999,8.1,Clear,349
9889,40.7584567749838 -73.98914046612941,900,Friday,37943,Food,2,9.2,Clear,349
9889,40.7583750081831 -73.9884969672268,900,Friday,5476,Food,2,8.5,Clear,349
9889,40.759644143575 -74.02764541913992,960,Friday,30536,Shop & Service,-999,-999.0,Clear,349
9889,40.75913922096871 -74.02671575546259,960,Friday,21677,Shop & Service,-999,-999.0,Clear,349
9889,40.7577779641986 -74.0280470652088,960,Friday,4322,Outdoors & Recreation,-999,8.3,Clear,349
9889,40.8205596407477 -74.007625159984,1080,Friday,22322,Food,2,7.8,Clear,349
9889,40.8122446789034 -74.00266137196441,1080,Friday,32508,Shop & Service,-999,6.6,Clear,349
9889,40.83329771 -73.91433,1140,Friday,9883,Food,2,-999.0,Clear,349
9889,40.832484107252704 -73.91520884226871,1140,Friday,27301,Professional & Other Places,-999,-999.0,Clear,349
9889,40.8324407463521 -73.91492178412709,1320,Friday,272,Professional & Other Places,-999,-999.0,Clear,349
9889,40.832466 -73.91655,1320,Friday,8069,Shop & Service,-999,-999.0,Clear,349
9889,40.83258630275 -73.91532940656191,600,Saturday,16072,Residence,-999,-999.0,Clear,349
9889,40.7375350138321 -73.99030208587651,900,Saturday,6822,Shop & Service,-999,8.6,Clear,349
9889,40.7542792926831 -73.9870834350586,900,Saturday,33688,Event,-999,-999.0,Clear,349
9889,40.73988979431179 -74.0081588312591,1140,Saturday,9699,Outdoors & Recreation,-999,9.7,Clear,349
9889,40.7361615190736 -74.0034762454209,1260,Saturday,15931,Food,2,8.7,Clouds,349
9889,40.7419897287103 -74.0035843849182,1320,Saturday,36826,Travel & Transport,-999,8.8,Clouds,349
9889,40.7410635782761 -74.00229410392029,1320,Saturday,30551,Professional & Other Places,-999,-999.0,Clouds,349
9889,40.7407279518278 -74.0086110429758,1320,Saturday,10031,Nightlife Spot,2,8.3,Clouds,349
9889,40.878299261975606 -73.9033770561218,1380,Saturday,31366,Nightlife Spot,2,-999.0,Clouds,349
9889,40.8783827726971 -73.90335873037449,1380,Saturday,15389,Shop & Service,-999,-999.0,Clouds,349
9889,40.8784977767276 -73.90352523403091,1380,Saturday,6096,Nightlife Spot,2,-999.0,Clouds,349
9889,40.8748397510475 -73.9062696531232,240,Sunday,22719,Travel & Transport,-999,-999.0,Clouds,349
9889,40.74913148042 -74.0067643967249,840,Sunday,28032,Travel & Transport,-999,4.8,Rain,349
9889,40.7486838266006 -74.0063856596638,840,Sunday,30500,Shop & Service,-999,5.2,Rain,349
9889,40.7623248005746 -73.96781444549559,960,Sunday,27875,Shop & Service,-999,8.8,Rain,349
9889,40.7636878120714 -73.9676300176462,960,Sunday,18319,Food,4,-999.0,Rain,349
9889,40.7192421389388 -74.0103508847438,1080,Sunday,16140,Nightlife Spot,2,6.2,Clouds,349
9890,40.7550027963632 -73.98374615244921,660,Monday,8633,Professional & Other Places,-999,-999.0,Clouds,349
9890,40.7562189765876 -73.98367154382599,660,Monday,6778,Professional & Other Places,-999,-999.0,Clouds,349
9890,40.7568259179682 -73.9848767565003,660,Monday,32571,Nightlife Spot,1,8.4,Clouds,349
9890,40.83258630275 -73.91532940656191,1200,Monday,16072,Residence,-999,-999.0,Clouds,349
9890,40.832593479216 -73.9152892184725,1200,Monday,24617,Food,1,-999.0,Clouds,349
9890,40.8331969234033 -73.9140737056732,360,Tuesday,2317,Travel & Transport,-999,-999.0,Clouds,349
9890,40.832484107252704 -73.91520884226871,360,Tuesday,27301,Professional & Other Places,-999,-999.0,Clouds,349
9890,40.83258630275 -73.91532940656191,360,Tuesday,16072,Residence,-999,-999.0,Clouds,349
9890,40.87400095562671 -73.9092092390801,420,Tuesday,22658,Outdoors & Recreation,-999,6.0,Clouds,349
9890,40.87364275972929 -73.9081192016602,420,Tuesday,23881,Shop & Service,-999,6.6,Clouds,349
9890,40.8748397510475 -73.9062696531232,420,Tuesday,22719,Travel & Transport,-999,-999.0,Clouds,349
9890,40.8742181687618 -73.908887724026,480,Tuesday,26121,Shop & Service,-999,-999.0,Clouds,349
9890,40.8745318226171 -73.9093814790693,480,Tuesday,913,Shop & Service,-999,6.2,Clouds,349
9890,40.8673007878365 -73.8971979951887,540,Tuesday,142,Food,1,6.6,Clouds,349
9890,40.8671383484415 -73.8967444012218,540,Tuesday,18409,Food,1,-999.0,Clouds,349
9890,40.8675116463435 -73.8975424962316,600,Tuesday,1915,Residence,-999,-999.0,Clouds,349
9890,40.83258630275 -73.91532940656191,360,Wednesday,16072,Residence,-999,-999.0,Clouds,349
9890,40.8324407463521 -73.91492178412709,360,Wednesday,272,Professional & Other Places,-999,-999.0,Clouds,349
9890,40.8326120241738 -73.9153523711807,360,Wednesday,32356,Food,1,-999.0,Clouds,349
9890,40.8138974961656 -74.0038664652844,960,Wednesday,728,Outdoors & Recreation,-999,-999.0,Clear,349
9890,40.8131359724273 -74.0019612666468,960,Wednesday,14271,Professional & Other Places,-999,-999.0,Clear,349
9890,40.8205596407477 -74.007625159984,1020,Wednesday,22322,Food,2,7.8,Clear,349
9890,40.8163274936876 -74.0019497894891,1020,Wednesday,29584,Food,3,-999.0,Clear,349
9890,40.7303157913817 -74.0414571762085,1140,Wednesday,3996,Shop & Service,-999,6.4,Clear,349
9890,40.68120959522479 -73.8413724303246,1200,Wednesday,21852,Food,2,7.5,Clear,349
9890,40.818906356328895 -74.00073894548859,1320,Wednesday,23028,Food,1,7.8,Clear,349
9890,40.816651164792496 -74.0041422843933,1320,Wednesday,27248,Food,2,-999.0,Clear,349
9890,40.8131359724273 -74.0019612666468,420,Friday,14271,Professional & Other Places,-999,-999.0,Rain,349
9890,40.8129751682281 -74.00172829627991,420,Friday,2664,Professional & Other Places,-999,-999.0,Rain,349
9890,40.7278344793782 -73.9908969674878,780,Friday,18008,Travel & Transport,-999,9.1,Clouds,349
9890,40.7262960594435 -73.991677457657,780,Friday,23343,Food,2,8.9,Clouds,349
9890,40.725851022288296 -73.99659562042791,840,Friday,15397,Shop & Service,-999,6.6,Clouds,349
9890,40.7401861420156 -74.00571426030349,900,Friday,30015,Food,2,8.2,Clouds,349
9890,40.727323209357294 -73.9920849181748,960,Friday,12822,Nightlife Spot,3,-999.0,Clouds,349
9890,40.8338305778872 -73.91491604296,1140,Friday,30978,Food,1,-999.0,Clouds,349
9890,40.8330400487979 -73.9148012195814,1140,Friday,27921,Food,1,-999.0,Clouds,349
9890,40.8327853304008 -73.9149332664609,1140,Friday,6648,Shop & Service,-999,-999.0,Clouds,349
9890,40.83258630275 -73.91532940656191,1320,Friday,16072,Residence,-999,-999.0,Clouds,349
9890,40.832593479216 -73.9152892184725,1320,Friday,24617,Food,1,-999.0,Clouds,349
9890,40.8331969234033 -73.9140737056732,600,Saturday,2317,Travel & Transport,-999,-999.0,Clouds,349
9890,40.7367349889739 -73.98976065994741,780,Saturday,36211,Shop & Service,-999,8.9,Clouds,349
9890,40.7365317075433 -73.9908281005557,780,Saturday,18821,Food,2,8.1,Clouds,349
9890,40.7619806578824 -73.99002465118821,900,Saturday,29817,Food,2,-999.0,Clouds,349
9890,40.7636462551771 -73.98938762822709,900,Saturday,26955,Nightlife Spot,2,7.6,Clouds,349
9890,40.83258630275 -73.91532940656191,480,Sunday,16072,Residence,-999,-999.0,Clear,349
9890,40.8326120241738 -73.9153523711807,480,Sunday,32356,Food,1,-999.0,Clear,349
9890,40.8186999325416 -74.0013988851112,540,Sunday,17385,Food,1,6.1,Clear,349
9890,40.818906356328895 -74.00073894548859,540,Sunday,23028,Food,1,7.8,Clear,349
9890,40.8138974961656 -74.0038664652844,660,Sunday,728,Outdoors & Recreation,-999,-999.0,Clouds,349
9890,40.78996 -74.01572,720,Sunday,2463,Food,1,6.2,Clouds,349
9890,40.7889695878204 -74.0156931925128,720,Sunday,26211,Shop & Service,-999,7.1,Clouds,349
9893,40.830684 -73.99272474,1020,Wednesday,852,Shop & Service,-999,6.2,Clouds,349
9893,40.7166356775098 -73.9617410934545,1080,Wednesday,12484,Food,3,-999.0,Clouds,349
9893,40.7311558720685 -73.9887276472533,1140,Wednesday,34553,Food,3,9.0,Clear,349
9893,40.7313995082689 -73.9886817354489,1140,Wednesday,21275,Nightlife Spot,2,-999.0,Clear,349
9893,40.7623248005746 -73.96781444549559,1140,Wednesday,27875,Shop & Service,-999,8.8,Clear,349
9893,40.76215645567821 -73.9660917974963,1140,Wednesday,24137,Shop & Service,-999,8.6,Clear,349
9893,40.7619509904661 -73.9658832550049,1140,Wednesday,17665,Food,2,7.4,Clear,349
9893,40.7911772601476 -73.97421897092629,1260,Wednesday,20761,Food,2,8.7,Clear,349
9893,40.8331969234033 -73.9140737056732,420,Thursday,2317,Travel & Transport,-999,-999.0,Clear,349
9893,40.9576365465062 -73.8425230979919,1020,Thursday,16914,Food,2,7.3,Clear,349
9893,40.8002312249141 -73.99446487426759,540,Friday,13693,Food,1,7.3,Clear,349
9893,40.737876444141605 -73.985903263092,600,Friday,9543,Outdoors & Recreation,-999,9.0,Clear,349
9893,40.738433774999706 -73.9856285758144,600,Friday,12409,Food,3,9.4,Clear,349
9893,40.7383103442766 -73.9842569337837,600,Friday,12421,Shop & Service,-999,-999.0,Clear,349
9893,40.7344106214029 -73.99081662273129,660,Friday,8165,Food,2,9.0,Clouds,349
9893,40.7332686014083 -73.99995849221699,720,Friday,28653,Food,1,6.1,Clouds,349
9893,40.7639103764907 -73.97312274085179,960,Friday,32640,Shop & Service,-999,9.3,Clouds,349
9893,40.7635559211765 -73.9728677272797,960,Friday,33030,Shop & Service,-999,-999.0,Clouds,349
9893,40.8354868661171 -73.9210130670127,660,Saturday,18397,Food,1,6.2,Clouds,349
9893,40.818906356328895 -74.00073894548859,720,Saturday,23028,Food,1,7.8,Clouds,349
9893,40.8186999325416 -74.0013988851112,720,Saturday,17385,Food,1,6.1,Clouds,349
9893,40.7647205882007 -74.0235026774397,780,Saturday,16641,Travel & Transport,-999,4.5,Clouds,349
9893,40.8515564204623 -73.952043056488,780,Saturday,26870,Travel & Transport,-999,-999.0,Clouds,349
9893,40.7567306858662 -73.9740697462571,780,Saturday,17957,Professional & Other Places,-999,-999.0,Clouds,349
9893,40.7565992866957 -73.97380573309741,780,Saturday,20397,Travel & Transport,-999,-999.0,Clouds,349
9893,40.7574268838698 -73.9744772441188,780,Saturday,18095,Food,1,8.0,Clouds,349
9893,40.7728395343182 -73.9822482353117,840,Saturday,31616,Shop & Service,-999,7.7,Clouds,349
9893,40.7734800321745 -73.982059,840,Saturday,30589,Outdoors & Recreation,-999,7.5,Clouds,349
9893,40.7736555974802 -73.9833731090435,840,Saturday,9212,Professional & Other Places,-999,9.1,Clouds,349
9893,40.7785124740582 -73.9819440591409,840,Saturday,17530,Shop & Service,-999,6.6,Clouds,349
9893,40.776792 -73.982401,840,Saturday,27081,Shop & Service,-999,6.5,Clouds,349
9893,40.77763393058101 -73.98220806112809,900,Saturday,25422,Food,1,6.0,Clouds,349
9893,40.7775557740942 -73.9825075864792,900,Saturday,15848,Food,1,7.3,Clouds,349
9893,40.76518 -74.02026,1320,Saturday,33263,Travel & Transport,-999,-999.0,Clouds,349
9893,40.9266458604817 -73.85567665100099,960,Sunday,18263,Shop & Service,-999,8.0,Clouds,349
9893,40.9252343016698 -73.8561808129719,960,Sunday,36355,Shop & Service,-999,8.1,Clouds,349
9893,40.8663618564606 -73.9249742031097,1200,Sunday,29563,Food,3,8.2,Clouds,349
9893,40.86450392945971 -73.9264115067701,1200,Sunday,37783,Shop & Service,-999,-999.0,Clouds,349
9894,40.8317109030223 -73.9098465262795,720,Monday,27730,Shop & Service,-999,-999.0,Clouds,349
9894,40.83258630275 -73.91532940656191,720,Monday,16072,Residence,-999,-999.0,Clouds,349
9894,40.8163274936876 -74.0019497894891,1020,Wednesday,29584,Food,3,-999.0,Clouds,349
9894,40.8186999325416 -74.0013988851112,1020,Wednesday,17385,Food,1,6.1,Clouds,349
9894,40.796040322481495 -74.25650596618651,1200,Wednesday,25363,Travel & Transport,-999,7.0,Clouds,349
9894,40.7629885594677 -74.0210238748215,1260,Wednesday,12796,Professional & Other Places,-999,-999.0,Clouds,349
9894,40.83258630275 -73.91532940656191,1080,Thursday,16072,Residence,-999,-999.0,Clouds,349
9894,40.8138974961656 -74.0038664652844,480,Friday,728,Outdoors & Recreation,-999,-999.0,Clouds,349
9894,40.80019176006321 -73.9946633577347,540,Friday,31205,Shop & Service,-999,-999.0,Clouds,349
9894,40.7680332698216 -73.9818692207336,540,Friday,5984,Outdoors & Recreation,-999,9.2,Clouds,349
9894,40.73307 -73.999911,720,Friday,5577,Shop & Service,-999,-999.0,Clouds,349
9894,40.721250005278 -73.9911711215973,780,Friday,7654,Professional & Other Places,-999,-999.0,Clouds,349
9894,40.729300637565 -73.9919299685024,780,Friday,3476,Arts & Entertainment,-999,9.2,Clouds,349
9894,40.7431829952163 -73.99092566203551,900,Friday,27974,Food,4,-999.0,Clear,349
9894,40.7417946379549 -73.9868474006653,900,Friday,31094,Professional & Other Places,-999,-999.0,Clear,349
9894,40.743543505668605 -73.99227619171141,960,Friday,25595,Food,1,5.9,Clear,349
9894,40.7430110074227 -73.9910461790892,960,Friday,26748,Food,3,8.5,Clear,349
9894,40.7431917596458 -73.99109467864041,960,Friday,11428,Travel & Transport,-999,5.3,Clear,349
9895,40.83258630275 -73.91532940656191,600,Monday,16072,Residence,-999,-999.0,Clouds,349
9895,40.832593479216 -73.9152892184725,600,Monday,24617,Food,1,-999.0,Clouds,349
9895,40.8324407463521 -73.91492178412709,600,Monday,272,Professional & Other Places,-999,-999.0,Clouds,349
9895,40.8790039710952 -73.9049089313307,780,Monday,580,Shop & Service,-999,6.1,Clouds,349
9895,40.8324407463521 -73.91492178412709,360,Thursday,272,Professional & Other Places,-999,-999.0,Clouds,349
9895,40.8326120241738 -73.9153523711807,360,Thursday,32356,Food,1,-999.0,Clouds,349
9895,40.83329771 -73.91433,900,Thursday,9883,Food,2,-999.0,Clouds,349
9895,40.8324407463521 -73.91492178412709,420,Friday,272,Professional & Other Places,-999,-999.0,Clear,349
9895,40.8331969234033 -73.9140737056732,420,Friday,2317,Travel & Transport,-999,-999.0,Clear,349
9895,40.83329771 -73.91433,420,Friday,9883,Food,2,-999.0,Clear,349
9895,40.7573005885811 -73.98987543879241,600,Friday,10364,Food,2,7.3,Clear,349
9895,40.7571237754334 -73.9894826710224,600,Friday,8121,Food,2,6.1,Clear,349
9895,40.7563801581211 -73.990221619606,600,Friday,6411,Food,2,8.0,Clear,349
9895,40.75702324096171 -73.9894392788162,600,Friday,13325,Food,2,8.6,Clear,349
9895,40.7575292055884 -73.9899328281891,660,Friday,37801,Arts & Entertainment,-999,6.4,Clear,349
9895,40.7578518131473 -73.993066263193,840,Friday,21669,Travel & Transport,-999,5.3,Clear,349
9895,40.7662415539804 -73.9786291122437,900,Friday,24815,Travel & Transport,-999,8.6,Clouds,349
9895,40.7609966006125 -73.98290249940591,960,Friday,7523,Food,3,7.0,Clouds,349
9895,40.7294489674433 -73.9934966760904,1020,Friday,34210,College & University,-999,-999.0,Clouds,349
9895,40.8326120241738 -73.9153523711807,480,Saturday,32356,Food,1,-999.0,Clear,349
9895,40.83258630275 -73.91532940656191,480,Saturday,16072,Residence,-999,-999.0,Clear,349
9895,40.8331969234033 -73.9140737056732,540,Saturday,2317,Travel & Transport,-999,-999.0,Clear,349
9895,40.8327853304008 -73.9149332664609,540,Saturday,6648,Shop & Service,-999,-999.0,Clear,349
9895,40.818906356328895 -74.00073894548859,660,Saturday,23028,Food,1,7.8,Clear,349
9895,40.8186999325416 -74.0013988851112,660,Saturday,17385,Food,1,6.1,Clear,349
9895,40.80019176006321 -73.9946633577347,780,Saturday,31205,Shop & Service,-999,-999.0,Clouds,349
9895,40.7647205882007 -74.0235026774397,780,Saturday,16641,Travel & Transport,-999,4.5,Clouds,349
9895,40.7783098167083 -73.97813894674421,780,Saturday,2200,Food,2,7.6,Clouds,349
9895,40.778408766539 -73.97790937496,780,Saturday,15280,Nightlife Spot,2,-999.0,Clouds,349
9895,40.7780640219449 -73.9782307753812,900,Saturday,29491,Food,1,6.8,Clear,349
9895,40.805167 -73.965864,960,Saturday,13062,Food,2,7.3,Clear,349
9895,40.8054271346952 -73.9656785422295,960,Saturday,15536,Food,2,7.3,Clear,349
9895,40.7405669359616 -74.00542733678141,1020,Saturday,32100,Food,3,8.2,Clear,349
9895,40.7405184051488 -74.00581598281859,1020,Saturday,3128,Travel & Transport,-999,9.5,Clear,349
9895,40.7403671896462 -74.0058060757398,1080,Saturday,28297,Food,3,-999.0,Clear,349
9895,40.7399087311527 -74.006073474884,1080,Saturday,27342,Food,2,-999.0,Clear,349
9895,40.72983 -74.00692,1140,Saturday,30021,Outdoors & Recreation,-999,9.0,Clear,349
9895,40.7303024600601 -74.0070341029628,1140,Saturday,14318,Professional & Other Places,-999,-999.0,Clear,349
9895,40.750396023926 -73.98671325650851,1200,Saturday,35752,Travel & Transport,-999,8.0,Clear,349
9895,40.75515040150321 -73.9729333392116,1200,Saturday,11616,Food,4,9.0,Clear,349
9895,40.808765664586 -73.9446415322223,1080,Sunday,37677,Food,2,8.3,Clear,349
9896,40.8324407463521 -73.91492178412709,420,Monday,272,Professional & Other Places,-999,-999.0,Clouds,349
9896,40.864927664785 -73.9242222523916,1080,Monday,11801,Food,1,-999.0,Clouds,349
9896,40.832593479216 -73.9152892184725,480,Tuesday,24617,Food,1,-999.0,Fog,349
9896,40.8327853304008 -73.9149332664609,540,Tuesday,6648,Shop & Service,-999,-999.0,Clouds,349
9896,40.8325908279343 -73.9149332664609,780,Tuesday,9280,Shop & Service,-999,-999.0,Fog,349
9896,40.8337676117045 -73.914944748794,780,Tuesday,30978,Food,1,-999.0,Fog,349
9896,40.832484107252704 -73.91520884226871,780,Tuesday,27301,Professional & Other Places,-999,-999.0,Fog,349
9896,40.83258630275 -73.91532940656191,900,Wednesday,16072,Residence,-999,-999.0,Fog,349
9896,40.8129751682281 -74.00172829627991,1020,Wednesday,2664,Professional & Other Places,-999,-999.0,Clouds,349
9896,40.8131359724273 -74.0019612666468,1020,Wednesday,14271,Professional & Other Places,-999,-999.0,Clouds,349
9896,40.8138974961656 -74.0038664652844,1020,Wednesday,728,Outdoors & Recreation,-999,-999.0,Clouds,349
9896,40.80019176006321 -73.9946633577347,1080,Wednesday,31205,Shop & Service,-999,-999.0,Clouds,349
9896,40.8002312249141 -73.99446487426759,1080,Wednesday,13693,Food,1,7.3,Clouds,349
9896,40.8515564204623 -73.952043056488,1080,Wednesday,26870,Travel & Transport,-999,-999.0,Clouds,349
9896,40.7565992866957 -73.97380573309741,1140,Wednesday,20397,Travel & Transport,-999,-999.0,Rain,349
9896,40.7567306858662 -73.9740697462571,1140,Wednesday,17957,Professional & Other Places,-999,-999.0,Rain,349
9896,40.758783256002495 -73.97273245848051,1200,Wednesday,31374,Shop & Service,-999,6.2,Rain,349
9896,40.735646 -74.007346,1260,Wednesday,2926,Nightlife Spot,3,8.9,Clouds,349
9896,40.7356761223145 -74.007338239328,1260,Wednesday,1003,Nightlife Spot,2,8.4,Clouds,349
9896,40.8331969234033 -73.9140737056732,360,Thursday,2317,Travel & Transport,-999,-999.0,Clouds,349
9896,40.8317109030223 -73.9098465262795,360,Thursday,27730,Shop & Service,-999,-999.0,Clouds,349
9896,40.713889482488206 -73.87033078653391,420,Thursday,14202,Outdoors & Recreation,-999,-999.0,Rain,349
9896,40.7111736015186 -73.85442922350141,420,Thursday,9978,Food,1,5.3,Rain,349
9896,40.711608 -73.85917,420,Thursday,29199,Shop & Service,-999,8.5,Rain,349
9896,40.7099058701825 -73.8594102859497,420,Thursday,36541,Food,1,8.1,Rain,349
9896,40.73405557647629 -73.8708472251892,540,Thursday,1655,Shop & Service,-999,7.5,Clouds,349
9896,40.731541159303205 -73.87436770649879,540,Thursday,18340,Shop & Service,-999,7.4,Clouds,349
9896,40.7346246557809 -73.86889457702641,600,Thursday,19647,Food,-999,6.0,Clouds,349
9896,40.745212 -73.978328,780,Thursday,4795,Nightlife Spot,2,6.3,Clouds,349
9896,40.7451070387794 -73.97835016250609,900,Thursday,8162,Food,1,5.9,Clouds,349
9896,40.71014635619101 -73.8666613092824,960,Thursday,9487,Shop & Service,-999,8.5,Clouds,349
9896,40.7083281097672 -73.8691091537476,960,Thursday,19789,Food,2,-999.0,Clouds,349
9896,40.7088766277 -73.8692454553354,960,Thursday,31736,Shop & Service,-999,7.9,Clouds,349
9896,40.70832158637 -73.86889516197449,960,Thursday,10155,Professional & Other Places,-999,-999.0,Clouds,349
9896,40.7629885594677 -74.0210238748215,540,Friday,12796,Professional & Other Places,-999,-999.0,Clouds,349
9896,40.766024765559294 -74.02273953099191,540,Friday,3050,Travel & Transport,-999,5.3,Clouds,349
9896,40.7640963068463 -74.0202140808105,540,Friday,36313,Outdoors & Recreation,-999,9.1,Clouds,349
9896,40.7539867104117 -73.9838218688965,600,Friday,20719,Outdoors & Recreation,-999,9.7,Clouds,349
9896,40.760242925275705 -73.9750684014545,600,Friday,19460,Food,2,6.3,Clouds,349
9896,40.76025671945701 -73.9749823106934,600,Friday,74,Outdoors & Recreation,-999,8.2,Clouds,349
9896,40.7589206283909 -73.9792523660094,720,Friday,29948,Professional & Other Places,-999,-999.0,Clouds,349
9896,40.7595257345709 -73.9785349574278,720,Friday,5395,Nightlife Spot,2,6.3,Clouds,349
9896,40.720738535709295 -73.995264228258,900,Friday,7307,Food,2,9.4,Clouds,349
9896,40.72067015 -73.99505785,900,Friday,253,Food,3,6.1,Clouds,349
9896,40.7205030952165 -73.9947133046551,900,Friday,15593,Nightlife Spot,3,6.0,Clouds,349
9896,40.723856037082 -73.9964067935944,1020,Friday,12453,Food,1,9.3,Clear,349
9896,40.80019176006321 -73.9946633577347,720,Saturday,31205,Shop & Service,-999,-999.0,Clear,349
9896,40.8002312249141 -73.99446487426759,720,Saturday,13693,Food,1,7.3,Clear,349
9896,40.74613527198429 -73.9827919006348,840,Saturday,38019,Food,3,-999.0,Clouds,349
9896,40.71901523 -74.006786,900,Saturday,17947,Food,2,-999.0,Clouds,349
9896,40.7193419768135 -74.0071373946128,960,Saturday,11564,Shop & Service,-999,-999.0,Clouds,349
9896,40.718866 -74.00668,960,Saturday,11351,Food,4,-999.0,Clouds,349
9896,40.7344862402189 -73.99211361254491,1020,Saturday,583,Food,2,8.1,Clouds,349
9896,40.7344859469065 -73.9920906570492,1020,Saturday,28794,Food,2,7.5,Clouds,349
9896,40.737632565528 -74.0040349960327,1020,Saturday,35157,Food,3,9.0,Clouds,349
9896,40.739619 -74.006403,1140,Saturday,20543,Nightlife Spot,2,-999.0,Clouds,349
9896,40.739550813228895 -74.00628236760791,1140,Saturday,3410,Shop & Service,-999,8.5,Clouds,349
9896,40.740266 -74.005814,1200,Saturday,25229,Food,3,9.0,Clouds,349
9896,40.7422776423514 -73.9852555360646,1320,Saturday,19865,Nightlife Spot,4,-999.0,Snow,349
9896,40.8326120241738 -73.9153523711807,1380,Saturday,32356,Food,1,-999.0,Snow,349
9896,40.832593479216 -73.9152892184725,1380,Saturday,24617,Food,1,-999.0,Snow,349
9896,40.8325908279343 -73.9149332664609,840,Sunday,9280,Shop & Service,-999,-999.0,Clouds,349
9896,40.8324407463521 -73.91492178412709,840,Sunday,272,Professional & Other Places,-999,-999.0,Clouds,349
9896,40.83329771 -73.91433,1140,Sunday,9883,Food,2,-999.0,Clouds,349
9897,40.83258630275 -73.91532940656191,480,Monday,16072,Residence,-999,-999.0,Clear,349
9897,40.832593479216 -73.9152892184725,480,Monday,24617,Food,1,-999.0,Clear,349
9897,40.8324407463521 -73.91492178412709,480,Monday,272,Professional & Other Places,-999,-999.0,Clear,349
9897,40.7140035022637 -74.00871545455071,720,Tuesday,23146,Food,1,5.7,Fog,349
9897,40.7149064367463 -74.0076308983927,720,Tuesday,33363,Shop & Service,-999,6.5,Fog,349
9897,40.835209122135296 -73.9194228070379,1020,Tuesday,18571,Food,1,-999.0,Clouds,349
9897,40.8375832506645 -73.9223105258021,480,Wednesday,1280,Shop & Service,-999,-999.0,Fog,349
9897,40.8129751682281 -74.00172829627991,1020,Wednesday,2664,Professional & Other Places,-999,-999.0,Clear,349
9897,40.8138974961656 -74.0038664652844,1020,Wednesday,728,Outdoors & Recreation,-999,-999.0,Clear,349
9897,40.7271457155644 -74.00021099215292,1140,Wednesday,14756,Nightlife Spot,2,7.9,Clear,349
9897,40.7271774616936 -74.000483751297,1140,Wednesday,6244,Food,2,8.8,Clear,349
9897,40.7405184051488 -74.00581598281859,1200,Wednesday,3128,Travel & Transport,-999,9.5,Clear,349
9897,40.739685182620704 -74.0060198307037,1200,Wednesday,16944,Food,3,-999.0,Clear,349
9897,40.7399087311527 -74.006073474884,1200,Wednesday,27342,Food,2,-999.0,Clear,349
9897,40.7403671896462 -74.0058060757398,1200,Wednesday,28297,Food,3,-999.0,Clear,349
9897,40.7044892788271 -74.00969982147221,1260,Wednesday,4791,Food,3,8.7,Clear,349
9897,40.7042872392297 -74.0101213515256,1260,Wednesday,22791,Food,2,7.9,Clear,349
9897,40.7047414122248 -74.00937795639041,1260,Wednesday,11048,Outdoors & Recreation,-999,6.9,Clear,349
9897,40.743698 -73.982888,1320,Wednesday,18705,Food,3,-999.0,Clear,349
9897,40.744044646949504 -73.9837369608836,1320,Wednesday,5943,Food,2,6.9,Clear,349
9897,40.8331969234033 -73.9140737056732,420,Thursday,2317,Travel & Transport,-999,-999.0,Clear,349
9897,40.8317109030223 -73.9098465262795,420,Thursday,27730,Shop & Service,-999,-999.0,Clear,349
9897,40.8327853304008 -73.9149332664609,420,Thursday,6648,Shop & Service,-999,-999.0,Clear,349
9897,40.83258630275 -73.91532940656191,540,Thursday,16072,Residence,-999,-999.0,Clear,349
9897,40.8324407463521 -73.91492178412709,540,Thursday,272,Professional & Other Places,-999,-999.0,Clear,349
9897,40.8326120241738 -73.9153523711807,540,Thursday,32356,Food,1,-999.0,Clear,349
9897,40.8163274936876 -74.0019497894891,840,Sunday,29584,Food,3,-999.0,Clear,349
9897,40.8138974961656 -74.0038664652844,840,Sunday,728,Outdoors & Recreation,-999,-999.0,Clear,349
9897,40.789741 -73.814256,960,Sunday,10517,Food,1,8.9,Clear,349
9897,40.789671 -73.81406623,960,Sunday,2767,Food,1,8.3,Clear,349
9897,40.78903995 -73.8140035166667,960,Sunday,32372,Food,1,7.5,Clear,349
9897,40.7648276488761 -73.9764457941055,1080,Sunday,30916,Food,4,9.3,Clear,349
9861,40.7576518068301 -74.03588760058479,540,Wednesday,11159,Residence,-999,-999.0,Clear,349
9861,40.75366600942421 -73.9887620810993,1200,Friday,22720,Food,1,6.2,Clear,349
9861,40.8129751682281 -74.00172829627991,720,Saturday,2664,Professional & Other Places,-999,-999.0,Clear,349
9861,40.812283356791 -74.00254086221508,720,Saturday,32508,Shop & Service,-999,6.6,Clear,349
9861,40.800194 -73.99455,720,Saturday,27755,Shop & Service,-999,-999.0,Clear,349
9861,40.80019176006321 -73.9946633577347,720,Saturday,31205,Shop & Service,-999,-999.0,Clear,349
9861,40.7619509904661 -73.9658832550049,780,Saturday,17665,Food,2,7.4,Clear,349
9861,40.762197 -73.966069,780,Saturday,3300,Food,3,-999.0,Clear,349
9861,40.7623248005746 -73.96781444549559,780,Saturday,27875,Shop & Service,-999,8.8,Clear,349
9861,40.772844 -73.981817,840,Saturday,31647,Food,2,7.5,Clear,349
9861,40.7730831295588 -73.9828133583069,840,Saturday,27047,Arts & Entertainment,-999,9.3,Clear,349
9861,40.775172 -73.955433,960,Saturday,7631,Food,2,8.0,Clear,349
9861,40.7761672 -73.9561516,960,Saturday,28535,Nightlife Spot,2,6.7,Clear,349
9861,40.7753679759792 -73.9564891234252,960,Saturday,33042,Food,2,-999.0,Clear,349
9861,40.774961210218 -73.9567302005886,1020,Saturday,26360,Food,2,7.8,Clear,349
9861,40.7749446167594 -73.9566613214297,1020,Saturday,20012,Food,2,7.8,Clear,349
9861,40.7763767087822 -73.95588642919991,1020,Saturday,8600,Shop & Service,-999,5.5,Clear,349
9861,40.7721963685616 -73.9822482353117,1020,Saturday,13198,Shop & Service,-999,8.1,Clear,349
9861,40.77269419000321 -73.9820645818322,1020,Saturday,31616,Shop & Service,-999,7.7,Clear,349
9861,40.7716043688586 -73.9824271202087,1020,Saturday,5169,Food,3,8.4,Clear,349
9861,40.7720119741442 -73.981576751425,1020,Saturday,31313,Food,3,9.0,Clear,349
9861,40.7236021223521 -73.9895712747031,1140,Saturday,34222,Food,2,9.1,Clouds,349
9861,40.72561027404 -73.9919757843018,1140,Saturday,31170,Food,2,-999.0,Clouds,349
9861,40.726121 -73.992822,1140,Saturday,22078,Food,3,9.4,Clear,349
9861,40.7471899057325 -73.9852219820023,1200,Saturday,4388,Food,2,-999.0,Clear,349
9861,40.7480941544916 -73.9860963821411,1200,Saturday,20929,Food,2,7.7,Clear,349
9861,40.747631 -73.98613,1200,Saturday,33830,Food,2,8.3,Clear,349
9861,40.832484107252704 -73.91520884226871,420,Sunday,27301,Professional & Other Places,-999,-999.0,Clear,349
9861,40.8326008499829 -73.9152203245855,420,Sunday,16072,Residence,-999,-999.0,Clear,349
9861,40.8325597623399 -73.9153236654068,420,Sunday,272,Professional & Other Places,-999,-999.0,Clear,349
9861,40.8326120241738 -73.9153523711807,420,Sunday,32356,Food,1,-999.0,Clear,349
9861,40.804943487422 -73.9663558212307,660,Sunday,2461,Food,1,6.4,Clear,349
9861,40.805097 -73.966071,660,Sunday,14479,Food,2,7.7,Clear,349
9861,40.80454777 -73.966401,660,Sunday,34757,Food,1,6.1,Clear,349
9861,40.805167 -73.965864,660,Sunday,13062,Food,2,7.3,Clear,349
9861,40.7989973061379 -73.9686631436893,720,Sunday,27868,Travel & Transport,-999,5.8,Clear,349
9861,40.7987172068849 -73.9686114875188,720,Sunday,21173,Shop & Service,-999,7.0,Clear,349
9861,40.7550994636823 -73.9649209052725,780,Sunday,10348,Food,4,-999.0,Clear,349
9861,40.754951 -73.96537,780,Sunday,34338,Food,3,-999.0,Clear,349
9861,40.7552306280949 -73.965397298555,780,Sunday,36588,Food,1,-999.0,Clear,349
9861,40.75820165111389 -73.9927965372849,840,Sunday,21519,Food,2,8.8,Clear,349
9861,40.759199614641794 -73.99248090010221,840,Sunday,32984,Food,4,7.7,Clear,349
9861,40.7588653136529 -73.9924062948741,840,Sunday,18487,Food,1,7.7,Clear,349
9861,40.756847459589 -73.9936280250549,840,Sunday,12034,Food,1,8.2,Clear,349
9861,40.7285568896184 -73.9919873572846,900,Sunday,37004,Food,4,8.0,Clear,349
9861,40.7275189451569 -73.9937674999237,900,Sunday,28213,Food,3,-999.0,Clear,349
9861,40.7278761000593 -73.99129869076559,900,Sunday,11317,College & University,-999,-999.0,Clear,349
9861,40.7278344793782 -73.9908969674878,900,Sunday,18008,Travel & Transport,-999,9.1,Clear,349
9861,40.730836121896 -73.9976406097412,960,Sunday,9461,Outdoors & Recreation,-999,9.6,Clear,349
9861,40.731096285627295 -73.9971899986267,960,Sunday,9879,Professional & Other Places,-999,-999.0,Clear,349
9861,40.7405579801227 -74.00777996246529,960,Sunday,11254,Nightlife Spot,2,8.8,Clear,349
9861,40.7408839808236 -74.0076595904337,960,Sunday,14381,Travel & Transport,-999,9.3,Clear,349
9861,40.7470618874989 -74.00519371032709,960,Sunday,1531,Outdoors & Recreation,-999,9.7,Clear,349
9862,40.8326008499829 -73.9152203245855,1140,Wednesday,16072,Residence,-999,-999.0,Clouds,349
9862,40.832484107252704 -73.91520884226871,1140,Wednesday,27301,Professional & Other Places,-999,-999.0,Clouds,349
9862,40.8326120241738 -73.9153523711807,1140,Wednesday,32356,Food,1,-999.0,Clouds,349
9862,40.8659041838043 -73.8948295340664,780,Thursday,26049,Residence,-999,-999.0,Clouds,349
9862,40.86728212990421 -73.8971328735352,780,Thursday,335,Shop & Service,-999,6.4,Clouds,349
9862,40.8675814490114 -73.89641138219571,780,Thursday,23288,Food,1,-999.0,Clouds,349
9862,40.8140377180636 -74.0041706066851,840,Thursday,728,Outdoors & Recreation,-999,-999.0,Clouds,349
9862,40.8131359724273 -74.0019612666468,840,Thursday,14271,Professional & Other Places,-999,-999.0,Clouds,349
9862,40.8129751682281 -74.00172829627991,840,Thursday,2664,Professional & Other Places,-999,-999.0,Clouds,349
9862,40.816415583333296 -74.0042995666667,840,Thursday,37724,Nightlife Spot,2,6.8,Clouds,349
9862,40.7613702469512 -73.9836600655737,900,Thursday,7072,Professional & Other Places,-999,-999.0,Clouds,349
9862,40.7606670179948 -73.984637260437,900,Thursday,37575,Food,1,7.3,Clouds,349
9862,40.7616041080441 -73.98609917877279,900,Thursday,36267,Nightlife Spot,2,8.6,Clouds,349
9862,40.7592529942978 -73.98515224456791,900,Thursday,6039,Travel & Transport,-999,9.1,Clouds,349
9862,40.701593743002 -73.9959239959717,960,Thursday,18358,Outdoors & Recreation,-999,9.7,Clouds,349
9862,40.7033914119708 -73.99398447620621,960,Thursday,24751,Food,1,6.2,Clouds,349
9862,40.7058882004734 -73.9900016784668,1020,Thursday,12687,Outdoors & Recreation,-999,9.0,Clouds,349
9862,40.7423548555907 -73.98503171186691,1020,Thursday,11920,Food,3,8.0,Clouds,349
9862,40.7422776423514 -73.9852555360646,1020,Thursday,19865,Nightlife Spot,4,-999.0,Clouds,349
9862,40.7458891424265 -73.9885210440472,1140,Thursday,24126,Food,3,8.4,Clouds,349
9862,40.7458373457715 -73.9879926535425,1140,Thursday,28629,Food,3,8.9,Clouds,349
9862,40.7443632870668 -73.985710144043,1140,Thursday,10604,Outdoors & Recreation,-999,-999.0,Clouds,349
9862,40.7226525371783 -73.9931695623765,1140,Thursday,5986,Food,2,-999.0,Clouds,349
9862,40.7223384698661 -73.9932900780202,1140,Thursday,36927,Arts & Entertainment,-999,8.6,Clouds,349
9862,40.72284169882771 -73.9941164689654,1140,Thursday,56,Food,2,9.3,Clouds,349
9862,40.7561257761422 -73.9829139777035,1200,Thursday,28876,Food,1,6.8,Clouds,349
9862,40.7557970076281 -73.98319519577942,1200,Thursday,36330,Professional & Other Places,-999,-999.0,Clouds,349
9862,40.7324255438158 -74.0378093719482,780,Friday,22096,Food,1,8.0,Clear,349
9862,40.7321369303805 -74.0382814407349,780,Friday,34549,Shop & Service,-999,6.1,Clear,349
9862,40.92514168896471 -73.85596258300279,1080,Friday,36355,Shop & Service,-999,8.1,Clear,349
9862,40.9266458604817 -73.85567665100099,1080,Friday,18263,Shop & Service,-999,8.0,Clear,349
9862,40.8391426628861 -73.78379565311191,1260,Friday,112,Food,3,8.0,Clear,349
9862,40.8326008499829 -73.9152203245855,720,Saturday,16072,Residence,-999,-999.0,Clear,349
9862,40.8325597623399 -73.9153236654068,720,Saturday,272,Professional & Other Places,-999,-999.0,Clear,349
9862,40.8129751682281 -74.00172829627991,780,Saturday,2664,Professional & Other Places,-999,-999.0,Clear,349
9862,40.8131359724273 -74.0019612666468,780,Saturday,14271,Professional & Other Places,-999,-999.0,Clear,349
9862,40.816415583333296 -74.0042995666667,780,Saturday,37724,Nightlife Spot,2,6.8,Clear,349
9862,40.80019176006321 -73.9946633577347,780,Saturday,31205,Shop & Service,-999,-999.0,Clear,349
9862,40.8002312249141 -73.99446487426759,780,Saturday,13693,Food,1,7.3,Clear,349
9862,40.77452295153471 -73.9632965675195,840,Saturday,7384,Travel & Transport,-999,9.0,Clear,349
9862,40.7751864474535 -73.963301628828,840,Saturday,12349,Travel & Transport,-999,8.7,Clear,349
9862,40.7743553194921 -73.9639623754619,840,Saturday,1547,Travel & Transport,-999,8.7,Clear,349
9862,40.742805 -74.007654,900,Saturday,16518,Food,3,-999.0,Clear,349
9862,40.7413191586462 -74.00611595251159,900,Saturday,36574,Food,2,-999.0,Clear,349
9862,40.7413394239672 -74.0062022209167,960,Saturday,12438,Nightlife Spot,3,-999.0,Clear,349
9862,40.7394678913366 -74.0075677758872,960,Saturday,17553,Nightlife Spot,3,-999.0,Clear,349
9862,40.7410955580495 -74.00547266006471,960,Saturday,16721,Shop & Service,-999,7.0,Clear,349
9862,40.736013 -74.001056,1080,Saturday,36885,Food,2,9.3,Clouds,349
9862,40.735718187355104 -74.0016915532594,1080,Saturday,18447,Food,1,6.7,Clouds,349
9862,40.735323803691294 -74.0017712116241,1080,Saturday,442,Food,3,9.0,Clouds,349
9862,40.736003960173896 -74.0017489391183,1140,Saturday,26736,Food,1,9.5,Clouds,349
9862,40.759297303663104 -73.99532735481979,1200,Saturday,1481,Travel & Transport,-999,8.7,Clear,349
9862,40.759570373082 -73.994994505442,1200,Saturday,6328,Nightlife Spot,3,7.0,Clear,349
9862,40.7609694005525 -73.9945124466977,1200,Saturday,22277,Food,3,8.2,Clear,349
9862,40.7721963685616 -73.9822482353117,1260,Saturday,13198,Shop & Service,-999,8.1,Clouds,349
9862,40.771961874462 -73.9826202392578,1260,Saturday,12238,Food,3,7.9,Clouds,349
9862,40.7708254313195 -73.982162147765,1260,Saturday,17832,Arts & Entertainment,-999,6.9,Clouds,349
9862,40.7716368694475 -73.9826202392578,1260,Saturday,9234,Food,3,-999.0,Clouds,349
9862,40.771149358945 -73.9827060699463,1260,Saturday,14363,Arts & Entertainment,-999,8.4,Clouds,349
9862,40.833761118451 -73.918442953373,1380,Saturday,13378,Travel & Transport,-999,-999.0,Rain,349
9862,40.8129751682281 -74.00172829627991,540,Sunday,2664,Professional & Other Places,-999,-999.0,Clouds,349
9862,40.8131359724273 -74.0019612666468,540,Sunday,14271,Professional & Other Places,-999,-999.0,Clouds,349
9862,40.8140377180636 -74.0041706066851,540,Sunday,728,Outdoors & Recreation,-999,-999.0,Clouds,349
9862,40.7751864474535 -73.963301628828,660,Sunday,12349,Travel & Transport,-999,8.7,Clouds,349
9862,40.774513146365706 -73.9638705400203,660,Sunday,34309,Food,4,9.0,Clouds,349
9862,40.7736144715845 -73.9641058682518,660,Sunday,21110,Arts & Entertainment,-999,9.4,Clouds,349
9862,40.7560984820146 -73.9722618228039,720,Sunday,33156,Shop & Service,-999,9.1,Clouds,349
9862,40.75516 -73.965013,780,Sunday,8038,Food,3,-999.0,Clouds,349
9862,40.75583152229979 -73.9647774130892,780,Sunday,85,Food,1,7.6,Clouds,349
9862,40.778602124593895 -73.9776338884573,840,Sunday,16882,Food,2,8.3,Clouds,349
9862,40.778906 -73.97777,840,Sunday,17646,Food,2,7.9,Clouds,349
9862,40.778056 -73.97846529,840,Sunday,20168,Food,2,8.8,Clouds,349
9862,40.7778443128766 -73.97862678587559,840,Sunday,36702,Food,2,5.4,Clouds,349
9862,40.774730501169294 -73.9820932776999,900,Sunday,22946,Shop & Service,-999,8.7,Clouds,349
9862,40.774215 -73.981176,900,Sunday,10807,Food,1,-999.0,Clouds,349
9862,40.7734800321745 -73.982059,900,Sunday,30589,Outdoors & Recreation,-999,7.5,Clouds,349
9862,40.7716043688586 -73.9824271202087,900,Sunday,5169,Food,3,8.4,Clouds,349
9862,40.782188659940296 -73.9808191770438,960,Sunday,7137,Food,2,6.4,Clouds,349
9862,40.781947 -73.9808378,960,Sunday,3131,Food,1,8.9,Clouds,349
9862,40.7820977228824 -73.9807847417737,960,Sunday,32939,Shop & Service,-999,8.0,Clouds,349
9862,40.764975 -73.965872,1020,Sunday,5810,Food,2,8.0,Clouds,349
9862,40.7653028463973 -73.9657416785081,1020,Sunday,27066,Food,2,8.6,Clouds,349
9862,40.7653153976182 -73.9656613232408,1020,Sunday,1446,Food,3,-999.0,Clouds,349
9862,40.7654459970702 -73.9656990346176,1020,Sunday,8227,Nightlife Spot,2,-999.0,Clouds,349
9862,40.765186706026704 -73.9658966492863,1080,Sunday,4479,Shop & Service,-999,8.3,Clear,349
9862,40.765305 -73.965833,1080,Sunday,458,Food,3,8.6,Clear,349
9862,40.7655790340693 -73.96568428189201,1080,Sunday,22446,Food,1,7.2,Clear,349
9865,40.8131359724273 -74.0019612666468,840,Tuesday,14271,Professional & Other Places,-999,-999.0,Clouds,349
9865,40.814382131561295 -74.0048477499543,840,Tuesday,728,Outdoors & Recreation,-999,-999.0,Clouds,349
9865,40.8122333997 -74.0025121694065,840,Tuesday,32508,Shop & Service,-999,6.6,Clouds,349
9865,40.75072501 -74.02686752,900,Tuesday,3192,Food,1,8.9,Clouds,349
9865,40.7541268754928 -74.0319142997391,960,Tuesday,9011,Arts & Entertainment,-999,7.7,Clouds,349
9865,40.8194767386905 -73.9775133132935,1140,Tuesday,26473,Shop & Service,-999,9.0,Clear,349
9865,40.832663588921896 -73.9145658314435,420,Wednesday,16072,Residence,-999,-999.0,Clouds,349
9865,40.8325979071758 -73.915185877633,420,Wednesday,24617,Food,1,-999.0,Clouds,349
9865,40.8325597623399 -73.9153236654068,420,Wednesday,272,Professional & Other Places,-999,-999.0,Clouds,349
9865,40.832484107252704 -73.91520884226871,420,Wednesday,27301,Professional & Other Places,-999,-999.0,Clouds,349
9865,40.832663588921896 -73.9145658314435,780,Thursday,16072,Residence,-999,-999.0,Clouds,349
9865,40.832484107252704 -73.91520884226871,780,Thursday,27301,Professional & Other Places,-999,-999.0,Clouds,349
9865,40.8129751682281 -74.00172829627991,840,Thursday,2664,Professional & Other Places,-999,-999.0,Clouds,349
9865,40.8131359724273 -74.0019612666468,840,Thursday,14271,Professional & Other Places,-999,-999.0,Clouds,349
9865,40.814470221536006 -74.0050772895017,840,Thursday,728,Outdoors & Recreation,-999,-999.0,Clouds,349
9865,40.8122333997 -74.0025121694065,840,Thursday,32508,Shop & Service,-999,6.6,Clouds,349
9865,40.800194 -73.99455,900,Thursday,27755,Shop & Service,-999,-999.0,Clouds,349
9865,40.8002312249141 -73.99446487426759,900,Thursday,13693,Food,1,7.3,Clouds,349
9865,40.7633757591248 -74.0207183361053,900,Thursday,12796,Professional & Other Places,-999,-999.0,Clouds,349
9865,40.7599261083018 -74.0224641089676,900,Thursday,16548,Food,2,7.7,Clouds,349
9865,40.759415527287295 -74.02274608612059,900,Thursday,15809,Food,4,8.7,Clouds,349
9865,40.832663588921896 -73.9145658314435,720,Friday,16072,Residence,-999,-999.0,Clouds,349
9865,40.8325597623399 -73.9153236654068,720,Friday,272,Professional & Other Places,-999,-999.0,Clouds,349
9865,40.8325979071758 -73.915185877633,720,Friday,24617,Food,1,-999.0,Clouds,349
9865,40.8326120241738 -73.9153523711807,720,Friday,32356,Food,1,-999.0,Clouds,349
9865,40.8667662894931 -73.9239409484581,840,Friday,20887,College & University,-999,-999.0,Clear,349
9865,40.8664724356877 -73.9247733772844,840,Friday,16388,Food,1,7.4,Clear,349
9865,40.8659511207631 -73.9227583193028,840,Friday,8116,Professional & Other Places,-999,-999.0,Clear,349
9865,40.867459 -73.896905,1200,Friday,24994,Shop & Service,-999,5.7,Clear,349
9865,40.86302571128471 -73.9008898663769,1200,Friday,19099,Shop & Service,-999,7.4,Clear,349
9865,40.8659041838043 -73.8948295340664,1200,Friday,26049,Residence,-999,-999.0,Clear,349
9865,40.832484107252704 -73.91520884226871,660,Saturday,27301,Professional & Other Places,-999,-999.0,Clouds,349
9865,40.832663588921896 -73.9145658314435,660,Saturday,16072,Residence,-999,-999.0,Clouds,349
9865,40.8456481718098 -73.9271092414856,660,Saturday,26669,Outdoors & Recreation,-999,-999.0,Clouds,349
9865,40.845901741130206 -73.985490838145,660,Saturday,34311,Shop & Service,-999,7.1,Clouds,349
9865,40.76615400781471 -73.9834419786498,840,Saturday,14767,Food,1,6.9,Clouds,349
9865,40.768115651675295 -73.9817546661875,840,Saturday,20793,Food,2,8.6,Clouds,349
9865,40.768068211201 -73.9816743176055,900,Saturday,6896,Shop & Service,-999,-999.0,Fog,349
9865,40.76777382415771 -73.9820129292595,900,Saturday,27264,Shop & Service,-999,-999.0,Fog,349
9865,40.7678992953241 -73.9817431878207,900,Saturday,20421,Shop & Service,-999,7.5,Fog,349
9865,40.767971179283705 -73.9817144919007,960,Saturday,36244,Food,4,9.0,Fog,349
9865,40.7686391851231 -73.98194979831841,960,Saturday,34298,Food,3,8.4,Fog,349
9865,40.768247 -73.98183,960,Saturday,35551,Nightlife Spot,3,-999.0,Fog,349
9865,40.768048613092496 -73.98172597026921,960,Saturday,3504,Food,4,8.1,Fog,349
9865,40.710632049401205 -73.9655752282743,1080,Saturday,4250,Food,3,9.3,Clouds,349
9865,40.712494 -73.964478,1080,Saturday,22571,Nightlife Spot,1,7.3,Clouds,349
9865,40.7121590966556 -73.9649668227485,1080,Saturday,31867,Professional & Other Places,-999,-999.0,Clouds,349
9865,40.6035202833515 -74.0604257583618,900,Sunday,6817,Outdoors & Recreation,-999,-999.0,Clear,349
9865,40.6023380327363 -74.06333122960741,900,Sunday,20175,Travel & Transport,-999,4.9,Clear,349
9865,40.6444055420497 -74.07295703887941,1020,Sunday,14754,Travel & Transport,-999,-999.0,Clear,349
9867,40.83258630275 -73.91532940656191,420,Monday,16072,Residence,-999,-999.0,Clouds,349
9867,40.832484107252704 -73.91520884226871,420,Monday,27301,Professional & Other Places,-999,-999.0,Clouds,349
9867,40.8326120241738 -73.9153523711807,420,Monday,32356,Food,1,-999.0,Clouds,349
9867,40.83212403955029 -73.9148356666021,420,Monday,272,Professional & Other Places,-999,-999.0,Clouds,349
9867,40.788072005062205 -74.1332852840424,480,Monday,2564,Food,1,7.2,Clouds,349
9867,40.788539092117 -74.1335758580765,480,Monday,17114,Shop & Service,-999,-999.0,Clouds,349
9867,40.7939369675856 -73.99604470065171,540,Monday,2424,Professional & Other Places,-999,-999.0,Clouds,349
9867,40.8194767386905 -73.9775133132935,540,Monday,26473,Shop & Service,-999,9.0,Clouds,349
9867,40.83212403955029 -73.9148356666021,420,Wednesday,272,Professional & Other Places,-999,-999.0,Rain,349
9867,40.83258630275 -73.91532940656191,420,Wednesday,16072,Residence,-999,-999.0,Rain,349
9867,40.832484107252704 -73.91520884226871,420,Wednesday,27301,Professional & Other Places,-999,-999.0,Rain,349
9867,40.8331969234033 -73.9140737056732,420,Wednesday,2317,Travel & Transport,-999,-999.0,Rain,349
9867,40.8333497175894 -73.91467491378671,720,Wednesday,27921,Food,1,-999.0,Fog,349
9867,40.8326120241738 -73.9153523711807,720,Wednesday,32356,Food,1,-999.0,Fog,349
9867,40.8326207414278 -73.9151743953141,720,Wednesday,6648,Shop & Service,-999,-999.0,Fog,349
9867,40.8278609004168 -73.925651460886,1020,Wednesday,37856,Travel & Transport,-999,-999.0,Clear,349
9867,40.7566291155826 -73.973886084967,1020,Wednesday,20397,Travel & Transport,-999,-999.0,Clear,349
9867,40.7576926573789 -73.9715051651001,1020,Wednesday,20355,Travel & Transport,-999,-999.0,Clear,349
9867,40.758056091634295 -73.9739721762186,1020,Wednesday,28195,Food,2,7.4,Clear,349
9867,40.75627073053379 -73.965994223416,1080,Wednesday,33097,Food,2,-999.0,Clear,349
9867,40.7550994636823 -73.9649209052725,1080,Wednesday,10348,Food,4,-999.0,Clear,349
9867,40.756773 -73.967124,1140,Wednesday,35918,Nightlife Spot,2,-999.0,Clear,349
9867,40.8120948273672 -74.00346476835409,540,Friday,32508,Shop & Service,-999,6.6,Clear,349
9867,40.80019176006321 -73.9946633577347,540,Friday,31205,Shop & Service,-999,-999.0,Clear,349
9867,40.7611708582504 -74.011287689209,540,Friday,7347,Travel & Transport,-999,5.3,Clear,349
9867,40.76518 -74.02026,540,Friday,33263,Travel & Transport,-999,-999.0,Clear,349
9867,40.7635599842431 -73.9790797233582,660,Friday,1490,Food,3,7.7,Clear,349
9867,40.763221733103 -73.9786203950644,660,Friday,32134,Food,1,7.6,Clear,349
9867,40.763341885425206 -73.9779380714481,660,Friday,817,Food,3,8.2,Clear,349
9867,40.76423122939 -73.9809683964762,660,Friday,6976,Food,3,4.6,Clear,349
9867,40.7643666564448 -73.96167795586591,960,Friday,17501,Food,2,6.4,Clear,349
9867,40.763803767781 -73.9629650115967,960,Friday,34024,Food,2,7.8,Clear,349
9867,40.763992 -73.962044,960,Friday,37710,Food,3,7.3,Clear,349
9867,40.8659041838043 -73.8948295340664,1140,Friday,26049,Residence,-999,-999.0,Clear,349
9867,40.8671847685775 -73.89717578887941,1140,Friday,25936,Shop & Service,-999,6.4,Clear,349
9867,40.800194 -73.99455,540,Saturday,27755,Shop & Service,-999,-999.0,Clear,349
9867,40.80019176006321 -73.9946633577347,540,Saturday,31205,Shop & Service,-999,-999.0,Clear,349
9867,40.8002312249141 -73.99446487426759,540,Saturday,13693,Food,1,7.3,Clear,349
9867,40.781558 -73.975792,600,Saturday,17919,Food,3,-999.0,Clear,349
9867,40.77819775808911 -73.9636352115016,660,Saturday,2500,Nightlife Spot,3,7.7,Clear,349
9867,40.7789366592949 -73.9622982000762,660,Saturday,33609,Arts & Entertainment,-999,9.7,Clear,349
9867,40.7768042608642 -73.9651107788086,660,Saturday,17445,Outdoors & Recreation,-999,8.4,Clear,349
9867,40.778056 -73.97846529,720,Saturday,20168,Food,2,8.8,Clear,349
9867,40.7584567749838 -73.98914046612941,780,Saturday,37943,Food,2,9.2,Clear,349
9867,40.7602589914091 -73.9869542958305,780,Saturday,36008,Arts & Entertainment,-999,9.1,Clear,349
9867,40.72317 -74.002764,840,Saturday,24189,Shop & Service,-999,9.2,Clear,349
9867,40.7231683166667 -74.003018,840,Saturday,31059,Food,3,8.2,Clear,349
9867,40.7422776423514 -73.9852555360646,1020,Saturday,19865,Nightlife Spot,4,-999.0,Clear,349
9867,40.7413295699765 -73.981209443007,1020,Saturday,37831,Arts & Entertainment,-999,-999.0,Clear,349
9867,40.7458373457715 -73.9879926535425,1020,Saturday,28629,Food,3,8.9,Clear,349
9867,40.7458891424265 -73.9885210440472,1020,Saturday,24126,Food,3,8.4,Clear,349
9869,40.83258630275 -73.91532940656191,660,Monday,16072,Residence,-999,-999.0,Clear,349
9869,40.8324983526906 -73.9152834773161,660,Monday,272,Professional & Other Places,-999,-999.0,Clear,349
9869,40.832593479216 -73.9152892184725,660,Monday,24617,Food,1,-999.0,Clear,349
9869,40.8326120241738 -73.9153523711807,660,Monday,32356,Food,1,-999.0,Clear,349
9869,40.83258630275 -73.91532940656191,900,Thursday,16072,Residence,-999,-999.0,Clear,349
9869,40.8324983526906 -73.9152834773161,900,Thursday,272,Professional & Other Places,-999,-999.0,Clear,349
9869,40.8326120241738 -73.9153523711807,900,Thursday,32356,Food,1,-999.0,Clear,349
9869,40.832593479216 -73.9152892184725,900,Thursday,24617,Food,1,-999.0,Clouds,349
9869,40.8139486579174 -74.00454360962979,1080,Thursday,728,Outdoors & Recreation,-999,-999.0,Clear,349
9869,40.800194 -73.99455,540,Friday,27755,Shop & Service,-999,-999.0,Clear,349
9869,40.8002312249141 -73.99446487426759,540,Friday,13693,Food,1,7.3,Clear,349
9869,40.7611708582504 -74.011287689209,540,Friday,7347,Travel & Transport,-999,5.3,Clear,349
9869,40.75831461619261 -73.97728379045729,660,Friday,15916,Shop & Service,-999,9.0,Clear,349
9869,40.758921117596 -73.97719196136819,660,Friday,36090,Arts & Entertainment,-999,8.9,Clear,349
9869,40.7606670179948 -73.984637260437,840,Friday,37575,Food,1,7.3,Clouds,349
9869,40.7592529942978 -73.98515224456791,840,Friday,6039,Travel & Transport,-999,9.1,Clouds,349
9869,40.7613702469512 -73.9836600655737,840,Friday,7072,Professional & Other Places,-999,-999.0,Clouds,349
9869,40.7793201377791 -73.95068596090891,1200,Saturday,32429,Nightlife Spot,2,7.3,Clear,349
9869,40.7813375645816 -73.9493657314529,1200,Saturday,26410,Nightlife Spot,2,-999.0,Clear,349
9869,40.7827640290005 -73.94888929860942,1200,Saturday,6106,Residence,-999,-999.0,Clear,349
9869,40.7831340551447 -73.947982350916,1200,Saturday,20620,Food,1,6.0,Clear,349
9869,40.7833685432654 -73.9781999588013,1260,Saturday,27211,Nightlife Spot,1,-999.0,Clear,349
9869,40.78482 -73.977128,1260,Saturday,30223,Nightlife Spot,2,8.0,Clear,349
9869,40.7859030925644 -73.9764833450317,1260,Saturday,31413,Food,2,8.3,Clear,349
9869,40.76518 -74.02026,1320,Saturday,33263,Travel & Transport,-999,-999.0,Clear,349
9869,40.7599261083018 -74.0224641089676,1320,Saturday,16548,Food,2,7.7,Clear,349
9869,40.7611708582504 -74.011287689209,1320,Saturday,7347,Travel & Transport,-999,5.3,Clear,349
9869,40.7640963068463 -74.0202140808105,1320,Saturday,36313,Outdoors & Recreation,-999,9.1,Clear,349
9869,40.83258630275 -73.91532940656191,1380,Saturday,16072,Residence,-999,-999.0,Clear,349
9869,40.8324983526906 -73.9152834773161,1380,Saturday,272,Professional & Other Places,-999,-999.0,Clear,349
9869,40.832484107252704 -73.91520884226871,1380,Saturday,27301,Professional & Other Places,-999,-999.0,Clear,349
9869,40.8331969234033 -73.9140737056732,1380,Saturday,2317,Travel & Transport,-999,-999.0,Clear,349
9869,40.745147993870894 -73.99811064164591,60,Sunday,16730,Nightlife Spot,2,7.8,Clear,349
9869,40.7445281391175 -73.99875337430109,60,Sunday,18723,Food,2,7.7,Clear,349
9869,40.7504159978144 -74.00306307058071,60,Sunday,30673,Outdoors & Recreation,-999,9.7,Clear,349
9869,40.7508552860736 -74.00161695161701,60,Sunday,36018,Food,1,-999.0,Clear,349
9869,40.8469954287192 -73.8263654708862,360,Sunday,1959,Shop & Service,-999,-999.0,Clear,349
9869,40.8129751682281 -74.00172829627991,960,Sunday,2664,Professional & Other Places,-999,-999.0,Clouds,349
9869,40.8131359724273 -74.0019612666468,960,Sunday,14271,Professional & Other Places,-999,-999.0,Clouds,349
9869,40.8139486579174 -74.00454360962979,960,Sunday,728,Outdoors & Recreation,-999,-999.0,Clouds,349
9869,40.8120948273672 -74.00346476835409,960,Sunday,32508,Shop & Service,-999,6.6,Clouds,349
9869,40.760195719108 -73.98485380013899,1140,Sunday,4376,Shop & Service,-999,8.2,Clouds,349
9869,40.75916766431921 -73.98492157459259,1140,Sunday,13214,Arts & Entertainment,-999,8.2,Clouds,349
9869,40.7564827309877 -73.9921021347974,1200,Sunday,13790,Travel & Transport,-999,6.2,Clouds,349
9870,40.83258630275 -73.91532940656191,420,Monday,16072,Residence,-999,-999.0,Clouds,349
9870,40.8324983526906 -73.9152834773161,420,Monday,272,Professional & Other Places,-999,-999.0,Clouds,349
9870,40.832484107252704 -73.91520884226871,420,Monday,27301,Professional & Other Places,-999,-999.0,Clouds,349
9870,40.8326120241738 -73.9153523711807,420,Monday,32356,Food,1,-999.0,Clouds,349
9870,40.756402 -73.972592,720,Friday,19156,Food,4,-999.0,Clear,349
9870,40.7653700556837 -73.97605687379841,780,Friday,4061,Travel & Transport,-999,9.0,Clouds,349
9870,40.7668591122883 -73.9790153503418,780,Friday,10545,Outdoors & Recreation,-999,6.7,Clouds,349
9870,40.728844 -73.978603,600,Saturday,37158,Food,2,8.2,Clouds,349
9870,40.7231683166667 -74.003018,720,Saturday,31059,Food,3,8.2,Clouds,349
9870,40.7223804228068 -74.00375743334381,720,Saturday,22605,Food,2,-999.0,Clouds,349
9870,40.72317 -74.002764,720,Saturday,24189,Shop & Service,-999,9.2,Clouds,349
9870,40.7208518344965 -74.0049912122037,840,Saturday,20257,Travel & Transport,-999,6.2,Clouds,349
9870,40.7197562242521 -74.0056683525689,840,Saturday,851,Nightlife Spot,2,7.0,Clouds,349
9870,40.7202897561423 -74.00542733678141,840,Saturday,21549,Outdoors & Recreation,-999,7.9,Clouds,349
9870,40.720810436803 -74.00495678127359,840,Saturday,5609,Nightlife Spot,2,6.0,Clouds,349
9870,40.7192421389388 -74.0103508847438,1020,Saturday,16140,Nightlife Spot,2,6.2,Rain,349
9870,40.7200726280036 -74.01036809972409,1020,Saturday,1136,Food,3,9.4,Rain,349
9870,40.71893551130511 -74.0104312213051,1020,Saturday,30080,Food,3,-999.0,Rain,349
9870,40.7279887841389 -74.00127263596809,1200,Saturday,20958,Food,2,-999.0,Clouds,349
9870,40.726860165596 -73.9998016666667,1200,Saturday,6267,Food,3,8.1,Clouds,349
9870,40.726983800056 -73.9994534913466,1200,Saturday,29278,Food,2,-999.0,Clouds,349
9870,40.7301443 -73.9807189,0,Sunday,23886,Nightlife Spot,1,8.2,Clouds,349
9870,40.728844 -73.978603,0,Sunday,37158,Food,2,8.2,Clouds,349
9870,40.72975027856079 -73.9784603467817,0,Sunday,8443,Nightlife Spot,1,7.7,Clouds,349
9870,40.800194 -73.99455,600,Sunday,27755,Shop & Service,-999,-999.0,Clouds,349
9870,40.7260745775399 -74.0093696283067,600,Sunday,3914,Nightlife Spot,2,8.7,Clouds,349
9870,40.7271774616936 -74.000483751297,780,Sunday,6244,Food,2,8.8,Clouds,349
9877,40.8324983526906 -73.9152834773161,360,Tuesday,272,Professional & Other Places,-999,-999.0,Fog,349
9877,40.832484107252704 -73.91520884226871,360,Tuesday,27301,Professional & Other Places,-999,-999.0,Fog,349
9877,40.8327853304008 -73.9149332664609,360,Tuesday,6648,Shop & Service,-999,-999.0,Fog,349
9877,40.8325908279343 -73.9149332664609,360,Tuesday,9280,Shop & Service,-999,-999.0,Fog,349
9877,40.7783641491047 -73.98163318634029,1140,Thursday,24818,Food,1,8.5,Clouds,349
9877,40.7799849436928 -73.9805551731487,1140,Thursday,8950,Food,2,-999.0,Clouds,349
9877,40.780043 -73.9804892,1140,Thursday,251,Food,2,8.6,Clouds,349
9877,40.733029 -73.990038,600,Saturday,36831,Food,1,7.1,Clouds,349
9877,40.7333617482515 -73.991011745653,600,Saturday,19154,Shop & Service,-999,9.6,Clouds,349
9877,40.7335515307417 -73.9899587631226,600,Saturday,14396,Food,1,8.9,Clouds,349
9877,40.7324610214374 -73.98789302811849,600,Saturday,37630,Nightlife Spot,2,6.7,Clouds,349
9877,40.7310712337494 -73.988642,600,Saturday,7031,Food,2,-999.0,Clouds,349
9877,40.730465 -74.00426030159001,600,Saturday,15947,Nightlife Spot,2,6.3,Clouds,349
9877,40.7293345711086 -74.0036910027266,600,Saturday,21893,Food,3,7.2,Clouds,349
9877,40.729848563208606 -74.0045378711284,600,Saturday,13277,Food,2,5.8,Clouds,349
9877,40.7338653660706 -73.999629,660,Saturday,6249,Food,2,8.1,Fog,349
9877,40.7280140403464 -73.9930375689655,720,Saturday,24712,Shop & Service,-999,9.6,Fog,349
9877,40.7274540819574 -73.995350309928,720,Saturday,31352,College & University,-999,-999.0,Fog,349
9877,40.727989 -73.994824,720,Saturday,17927,Food,1,7.0,Fog,349
9877,40.723856037082 -73.9964067935944,720,Saturday,12453,Food,1,9.3,Fog,349
9877,40.7268684989549 -73.9948081970215,780,Saturday,21778,Shop & Service,-999,8.8,Clouds,349
9877,40.727035 -73.995254,780,Saturday,13230,Outdoors & Recreation,-999,9.2,Clouds,349
9877,40.7269851558701 -73.9953216160423,780,Saturday,38083,Shop & Service,-999,6.6,Clouds,349
9877,40.727696109664 -73.9883201796059,780,Saturday,16007,College & University,-999,-999.0,Clouds,349
9877,40.7635599842431 -73.98277044296259,900,Saturday,21117,Food,1,7.9,Clouds,349
9877,40.7635437319754 -73.9829635620117,900,Saturday,35997,Food,1,-999.0,Clouds,349
9877,40.7808257732201 -73.9764833450317,960,Saturday,34329,Food,1,9.1,Rain,349
9877,40.7794718035937 -73.97769702081571,960,Saturday,31495,Nightlife Spot,1,7.9,Rain,349
9877,40.781558 -73.975792,960,Saturday,17919,Food,3,-999.0,Rain,349
9877,40.7811844364976 -73.97320309300649,960,Saturday,5991,Arts & Entertainment,-999,9.4,Rain,349
9877,40.7338653660706 -73.999629,1020,Saturday,6249,Food,2,8.1,Rain,349
9877,40.7341014947981 -73.9992583770174,1020,Saturday,37511,Food,1,7.0,Rain,349
9877,40.7633757591248 -74.0207183361053,1320,Saturday,12796,Professional & Other Places,-999,-999.0,Clouds,349
9877,40.7611708582504 -74.011287689209,1320,Saturday,7347,Travel & Transport,-999,5.3,Clouds,349
9877,40.8324983526906 -73.9152834773161,360,Sunday,272,Professional & Other Places,-999,-999.0,Clouds,349
9877,40.83258630275 -73.91532940656191,360,Sunday,16072,Residence,-999,-999.0,Clouds,349
9877,40.8338305778872 -73.91491604296,360,Sunday,30978,Food,1,-999.0,Clouds,349
9877,40.8330400487979 -73.9148012195814,360,Sunday,27921,Food,1,-999.0,Clouds,349
9877,40.8326120241738 -73.9153523711807,360,Sunday,32356,Food,1,-999.0,Clouds,349
9877,40.8139486579174 -74.0041706066851,480,Sunday,728,Outdoors & Recreation,-999,-999.0,Clouds,349
9877,40.8122446789034 -74.00266137196441,480,Sunday,32508,Shop & Service,-999,6.6,Clouds,349
9877,40.8164246325221 -74.0042452073322,480,Sunday,29584,Food,3,-999.0,Clouds,349
9877,40.7597744669498 -74.0277027972016,600,Sunday,303,Shop & Service,-999,5.8,Clouds,349
9877,40.759644143575 -74.02764541913992,600,Sunday,30536,Shop & Service,-999,-999.0,Clouds,349
9877,40.7611708582504 -74.011287689209,600,Sunday,7347,Travel & Transport,-999,5.3,Clouds,349
9877,40.7405579801227 -74.00777996246529,660,Sunday,11254,Nightlife Spot,2,8.8,Clouds,349
9877,40.7406891128663 -74.0076184272766,660,Sunday,17346,Food,3,9.0,Clouds,349
9877,40.8263223802076 -73.8600112838041,960,Sunday,23315,Food,2,6.5,Clouds,349
9878,40.86728212990421 -73.8971328735352,540,Monday,335,Shop & Service,-999,6.4,Clouds,349
9878,40.8673248291016 -73.8957748413086,540,Monday,28092,Food,1,-999.0,Clouds,349
9878,40.867217222369 -73.896746635437,780,Monday,25750,Travel & Transport,-999,-999.0,Clouds,349
9878,40.8671847685775 -73.89717578887941,780,Monday,25936,Shop & Service,-999,6.4,Clouds,349
9878,40.8671383484415 -73.8967444012218,780,Monday,18409,Food,1,-999.0,Clouds,349
9878,40.7166881876188 -73.8620710372925,780,Sunday,1544,Travel & Transport,-999,-999.0,Clouds,349
9878,40.7150251704931 -73.8569618445625,780,Sunday,25881,Outdoors & Recreation,-999,-999.0,Clouds,349
9878,40.7199896412791 -73.8648176193237,780,Sunday,13903,Shop & Service,-999,6.9,Clouds,349
9878,40.7212017380897 -73.8679246738244,780,Sunday,31097,Food,1,6.5,Clouds,349
9878,40.8296415481412 -73.91382521812821,1380,Sunday,1854,Arts & Entertainment,-999,-999.0,Clouds,349
9891,40.8331969234033 -73.9140737056732,1080,Thursday,2317,Travel & Transport,-999,-999.0,Clouds,349
9891,40.8325908279343 -73.9149332664609,1140,Thursday,9280,Shop & Service,-999,-999.0,Clouds,349
9891,40.832484107252704 -73.91520884226871,1140,Thursday,27301,Professional & Other Places,-999,-999.0,Clouds,349
9891,40.8330400487979 -73.9148012195814,480,Friday,27921,Food,1,-999.0,Clouds,349
9891,40.8002312249141 -73.99446487426759,540,Friday,13693,Food,1,7.3,Clouds,349
9891,40.76792357432161 -73.9819443225861,540,Friday,37948,Shop & Service,-999,8.3,Clouds,349
9891,40.7684339082802 -73.9818924065357,540,Friday,35551,Nightlife Spot,3,-999.0,Clouds,349
9891,40.768052 -73.982272,540,Friday,13153,Shop & Service,-999,-999.0,Clouds,349
9891,40.76822422081551 -73.98223400115971,600,Friday,21237,Shop & Service,-999,8.8,Clouds,349
9891,40.7681182942183 -73.9817833621016,600,Friday,16467,Shop & Service,-999,-999.0,Clouds,349
9891,40.782962848673 -73.97866122153229,660,Friday,15581,Shop & Service,-999,5.7,Clouds,349
9891,40.7832587916641 -73.97812172886991,660,Friday,36813,Food,2,8.1,Clouds,349
9891,40.7623248005746 -73.96781444549559,780,Friday,27875,Shop & Service,-999,8.8,Clear,349
9891,40.761471535293005 -73.9667737483978,780,Friday,3253,Shop & Service,-999,7.8,Clear,349
9891,40.7560347592727 -73.9707326889038,780,Friday,12268,Food,1,5.7,Clear,349
9891,40.766761603463394 -73.9831352233887,840,Friday,13543,Professional & Other Places,-999,-999.0,Clear,349
9891,40.7597087596701 -73.9956315097803,900,Friday,3744,Shop & Service,-999,6.0,Clear,349
9891,40.7606670179948 -73.9949476718903,900,Friday,21424,Nightlife Spot,2,7.9,Clear,349
9891,40.761653 -73.984462,1020,Friday,30706,Food,2,6.8,Clear,349
9891,40.7607807887089 -73.9843368530273,1020,Friday,23435,Food,2,-999.0,Clear,349
9891,40.7572375522119 -73.9798307418823,1080,Friday,14906,Professional & Other Places,-999,-999.0,Clear,349
9891,40.7573745458379 -73.9799869896229,1080,Friday,33753,Professional & Other Places,-999,-999.0,Clear,349
9891,40.7585053374277 -73.9794874191284,1140,Friday,19349,Shop & Service,-999,9.1,Clear,349
9891,40.7589206283909 -73.9792523660094,1140,Friday,29948,Professional & Other Places,-999,-999.0,Clear,349
9891,40.758703478818 -73.9828278904551,1200,Friday,35058,Food,2,7.5,Clear,349
9891,40.7643559908155 -74.02373793249569,660,Saturday,16641,Travel & Transport,-999,4.5,Clouds,349
9891,40.763958557691495 -73.97687629854,660,Saturday,8784,Food,2,-999.0,Clouds,349
9891,40.7640231722007 -73.9771458506584,660,Saturday,32797,Food,3,8.2,Clouds,349
9891,40.7591786688491 -73.98148492438631,720,Saturday,11158,Food,4,9.3,Clouds,349
9891,40.7743698162836 -73.9633424853824,780,Saturday,35689,Arts & Entertainment,-999,8.8,Snow,349
9891,40.8226696268164 -74.0305372519355,780,Saturday,12171,Shop & Service,-999,-999.0,Snow,349
9891,40.7977363689398 -73.9402099792621,840,Saturday,17656,Food,1,6.7,Snow,349
9891,40.7607807887089 -73.9843368530273,1020,Saturday,23435,Food,2,-999.0,Clouds,349
9891,40.760165448907706 -73.9847906701315,1020,Saturday,4376,Shop & Service,-999,8.2,Clouds,349
9891,40.7606670179948 -73.984637260437,1020,Saturday,37575,Food,1,7.3,Clouds,349
9891,40.7265996 -73.9902585,1140,Saturday,19555,Food,1,-999.0,Snow,349
9891,40.583706441276 -73.95025545229441,1200,Saturday,26476,Food,2,-999.0,Snow,349
9891,40.5858472655833 -73.95159289591899,1200,Saturday,16429,Nightlife Spot,2,7.4,Snow,349
9891,40.599202 -73.95284361,1260,Saturday,18317,Food,1,6.5,Clouds,349
9891,40.7611810150186 -73.984132960033,1320,Saturday,35426,Arts & Entertainment,-999,8.3,Snow,349
9891,40.75916766431921 -73.98492157459259,1320,Saturday,13214,Arts & Entertainment,-999,8.2,Snow,349
9891,40.80019176006321 -73.9946633577347,540,Sunday,31205,Shop & Service,-999,-999.0,Clouds,349
9891,40.8002312249141 -73.99446487426759,540,Sunday,13693,Food,1,7.3,Clouds,349
9891,40.7299418013113 -73.983381986618,600,Sunday,28573,Food,3,9.0,Clouds,349
9891,40.726437546201 -74.0022539339353,720,Sunday,12442,Food,3,9.0,Clouds,349
9891,40.7253230561078 -74.0035278922133,720,Sunday,33542,Nightlife Spot,2,6.4,Clouds,349
9891,40.8131359724273 -74.0019612666468,840,Sunday,14271,Professional & Other Places,-999,-999.0,Clear,349
9891,40.8324407463521 -73.91492178412709,900,Sunday,272,Professional & Other Places,-999,-999.0,Clear,349
9891,40.8327853304008 -73.9149332664609,900,Sunday,6648,Shop & Service,-999,-999.0,Clear,349
9892,40.83258630275 -73.91532940656191,480,Monday,16072,Residence,-999,-999.0,Clear,349
9892,40.8324407463521 -73.91492178412709,480,Monday,272,Professional & Other Places,-999,-999.0,Clear,349
9892,40.864927664785 -73.9242222523916,960,Tuesday,11801,Food,1,-999.0,Clouds,349
9892,40.86450392945971 -73.9264115067701,960,Tuesday,37783,Shop & Service,-999,-999.0,Clouds,349
9892,40.8331969234033 -73.9140737056732,420,Wednesday,2317,Travel & Transport,-999,-999.0,Clear,349
9892,40.8326120241738 -73.9153523711807,420,Wednesday,32356,Food,1,-999.0,Clear,349
9892,40.8131359724273 -74.0019612666468,840,Wednesday,14271,Professional & Other Places,-999,-999.0,Clear,349
9892,40.7585053374277 -73.989143371582,960,Wednesday,13657,Travel & Transport,-999,8.5,Clear,349
9892,40.7584567749838 -73.98914046612941,960,Wednesday,37943,Food,2,9.2,Clear,349
9892,40.7624048723568 -73.98765445595458,960,Wednesday,10413,Food,2,7.4,Clear,349
9892,40.7311979118086 -74.001572728157,1020,Wednesday,5091,Arts & Entertainment,-999,9.3,Clear,349
9892,40.7327749161172 -74.0001650830985,1020,Wednesday,35111,Shop & Service,-999,-999.0,Clear,349
9892,40.7413886960652 -74.00128985176521,1020,Wednesday,7695,Shop & Service,-999,5.9,Clear,349
9892,40.7332686014083 -73.99995849221699,1020,Wednesday,28653,Food,1,6.1,Clear,349
9892,40.7613597192484 -73.9783685182544,1200,Wednesday,36460,Food,3,-999.0,Clear,349
9892,40.8326120241738 -73.9153523711807,420,Thursday,32356,Food,1,-999.0,Clear,349
9892,40.8327853304008 -73.9149332664609,420,Friday,6648,Shop & Service,-999,-999.0,Clouds,349
9892,40.8325908279343 -73.9149332664609,420,Friday,9280,Shop & Service,-999,-999.0,Clouds,349
9892,40.8131359724273 -74.0019612666468,540,Friday,14271,Professional & Other Places,-999,-999.0,Clouds,349
9892,40.8515564204623 -73.952043056488,540,Friday,26870,Travel & Transport,-999,-999.0,Clouds,349
9892,40.7611708582504 -74.011287689209,540,Friday,7347,Travel & Transport,-999,5.3,Clouds,349
9892,40.755660913791 -73.9753890037537,600,Friday,822,Professional & Other Places,-999,8.6,Clouds,349
9892,40.7550518825659 -73.97707717494521,600,Friday,21654,Travel & Transport,-999,7.4,Clouds,349
9892,40.7603447008264 -73.97768554220659,600,Friday,3348,Food,3,8.5,Clouds,349
9892,40.7597727175304 -73.97999846809459,600,Friday,3957,Arts & Entertainment,-999,9.5,Clouds,349
9892,40.7555796427559 -73.97086143493651,660,Friday,33462,Food,3,8.0,Clouds,349
9892,40.72953528798121 -73.9934778213501,780,Friday,1645,College & University,-999,-999.0,Clouds,349
9892,40.8122446789034 -74.00266137196441,960,Friday,32508,Shop & Service,-999,6.6,Clear,349
9892,40.8331969234033 -73.9140737056732,660,Saturday,2317,Travel & Transport,-999,-999.0,Clear,349
9892,40.8186999325416 -74.0013988851112,720,Saturday,17385,Food,1,6.1,Clouds,349
9892,40.8002312249141 -73.99446487426759,720,Saturday,13693,Food,1,7.3,Clouds,349
9892,40.748005414305794 -74.00403862085359,780,Saturday,23820,Nightlife Spot,2,6.7,Clouds,349
9892,40.7545732808676 -73.9775994526167,780,Saturday,19775,Food,2,6.1,Clear,349
9892,40.7639207696814 -73.97312274085179,840,Saturday,32640,Shop & Service,-999,9.3,Clear,349
9892,40.76376010741389 -73.97273819793291,840,Saturday,17419,Professional & Other Places,-999,-999.0,Clear,349
9892,40.7332686014083 -73.99995849221699,900,Saturday,28653,Food,1,6.1,Clear,349
9892,40.7334478749321 -73.9998494580509,900,Saturday,21032,Food,2,-999.0,Clear,349
9892,40.7288908272859 -73.99374344571591,960,Saturday,25755,Shop & Service,-999,6.2,Clear,349
9892,40.7292751181466 -73.9933598041534,960,Saturday,25702,Food,1,5.8,Clear,349
9892,40.7294489674433 -73.9934966760904,960,Saturday,34210,College & University,-999,-999.0,Clear,349
9892,40.69938 -73.992085,960,Saturday,22098,Food,3,6.6,Clear,349
9892,40.699433 -73.992147,1020,Saturday,743,Nightlife Spot,2,7.5,Clear,349
9892,40.8131359724273 -74.0019612666468,1140,Saturday,14271,Professional & Other Places,-999,-999.0,Clear,349
9892,40.8122446789034 -74.00266137196441,1140,Saturday,32508,Shop & Service,-999,6.6,Clear,349
9892,40.7367349889739 -73.98976065994741,1200,Saturday,36211,Shop & Service,-999,8.9,Clear,349
9892,40.737146255826296 -73.9904091595196,1200,Saturday,13946,Food,1,-999.0,Clear,349
9892,40.7368277597594 -73.99064540863041,1200,Saturday,24437,Food,2,8.4,Clear,349
9892,40.736887509419496 -73.9902082970545,1200,Saturday,28532,Shop & Service,-999,7.9,Clear,349
9892,40.739685182620704 -74.0060198307037,1260,Saturday,16944,Food,3,-999.0,Clear,349
9892,40.663289 -73.984549,1320,Saturday,21140,Food,3,-999.0,Clear,349
9892,40.8326120241738 -73.9153523711807,0,Sunday,32356,Food,1,-999.0,Clear,349
9892,40.8327853304008 -73.9149332664609,480,Sunday,6648,Shop & Service,-999,-999.0,Clouds,349
9892,40.832587670613 -73.9164259640845,480,Sunday,8926,Shop & Service,-999,-999.0,Clouds,349
9892,40.8317109030223 -73.9098465262795,480,Sunday,27730,Shop & Service,-999,-999.0,Clouds,349
9892,40.8131359724273 -74.0019612666468,840,Sunday,14271,Professional & Other Places,-999,-999.0,Clear,349
9892,40.77549092729161 -73.976864819882,960,Sunday,6984,Travel & Transport,-999,-999.0,Clear,349
9898,40.8324407463521 -73.91492178412709,780,Monday,272,Professional & Other Places,-999,-999.0,Clouds,349
9898,40.832484107252704 -73.91520884226871,780,Monday,27301,Professional & Other Places,-999,-999.0,Clouds,349
9898,40.8327853304008 -73.9149332664609,1320,Monday,6648,Shop & Service,-999,-999.0,Clouds,349
9898,40.83258630275 -73.91532940656191,600,Tuesday,16072,Residence,-999,-999.0,Clear,349
9898,40.8324407463521 -73.91492178412709,600,Tuesday,272,Professional & Other Places,-999,-999.0,Clear,349
9898,40.832593479216 -73.9152892184725,600,Tuesday,24617,Food,1,-999.0,Clear,349
9898,40.8326120241738 -73.9153523711807,600,Tuesday,32356,Food,1,-999.0,Clear,349
9898,40.874482310876 -73.9066371037928,720,Tuesday,22719,Travel & Transport,-999,-999.0,Clouds,349
9898,40.8778448420042 -73.9039730707461,720,Tuesday,4510,Professional & Other Places,-999,-999.0,Clouds,349
9898,40.9266458604817 -73.85567665100099,840,Tuesday,18263,Shop & Service,-999,8.0,Clouds,349
9898,40.9257703893778 -73.8575649261475,840,Tuesday,8793,Shop & Service,-999,-999.0,Clouds,349
9898,40.9285188246015 -73.8547278562511,840,Tuesday,32779,Shop & Service,-999,8.0,Clouds,349
9898,40.9641654859848 -73.8568469871701,1140,Tuesday,38193,Residence,-999,-999.0,Clouds,349
9898,40.80019176006321 -73.9946633577347,1020,Wednesday,31205,Shop & Service,-999,-999.0,Clear,349
9898,40.7403671896462 -74.0058060757398,1140,Wednesday,28297,Food,3,-999.0,Clouds,349
9898,40.7667736411704 -73.967480787871,1200,Wednesday,34150,Food,4,9.3,Clouds,349
9898,40.7668318260214 -73.967555402773,1200,Wednesday,16550,College & University,-999,-999.0,Clouds,349
9898,40.76543897351621 -73.96773907010109,1200,Wednesday,24379,Professional & Other Places,-999,-999.0,Clouds,349
9898,40.8324407463521 -73.91492178412709,420,Thursday,272,Professional & Other Places,-999,-999.0,Clear,349
9898,40.832593479216 -73.9152892184725,420,Thursday,24617,Food,1,-999.0,Clear,349
9898,40.8326120241738 -73.9153523711807,420,Thursday,32356,Food,1,-999.0,Clear,349
