tid,lat_lon,date_time,day,poi,category,price,rating,weather,label
2278,40.669002 -73.986171,720,Monday,15663,Outdoors & Recreation,-999,6.7,Clear,84
2278,40.672167 -73.990332,720,Monday,32267,Food,2,7.0,Clear,84
2278,40.675787951621 -73.9958151502776,720,Monday,33519,Nightlife Spot,-999,-999.0,Clouds,84
2278,40.678130819691 -73.9915971132274,720,Monday,18972,Professional & Other Places,-999,-999.0,Clouds,84
2278,40.67604901505221 -73.99017333984379,720,Monday,11838,Outdoors & Recreation,-999,-999.0,Clouds,84
2278,40.752856755495 -73.9736737263818,900,Monday,1289,Professional & Other Places,-999,-999.0,Clouds,84
2278,40.75273892857141 -73.97357938571429,900,Monday,17273,Travel & Transport,-999,-999.0,Clouds,84
2278,40.752446567826205 -73.97324326907129,900,Monday,3971,Professional & Other Places,-999,-999.0,Clouds,84
2278,40.7527518611088 -73.97305386754971,900,Monday,3479,Nightlife Spot,2,6.7,Clouds,84
2278,40.753257312541 -73.973220311321,960,Monday,17959,Nightlife Spot,3,6.6,Clouds,84
2278,40.7537124772213 -73.9737712965716,960,Monday,9504,Professional & Other Places,-999,-999.0,Clouds,84
2278,40.75293 -73.974725,1020,Monday,13205,Outdoors & Recreation,-999,7.0,Clouds,84
2278,40.7527410080238 -73.9733079722472,1080,Monday,14176,Food,2,8.2,Clouds,84
2278,40.6728267553209 -73.99085998535149,1200,Monday,2057,Travel & Transport,-999,-999.0,Clouds,84
2278,40.6394869711505 -73.979773606503,1200,Monday,21468,Shop & Service,-999,-999.0,Clear,84
2278,40.6394976333333 -73.9798302,1260,Monday,20721,Nightlife Spot,1,6.6,Clouds,84
2278,40.639413333333295 -73.9798741333333,1260,Monday,24897,Residence,-999,-999.0,Clouds,84
2278,40.639413333333295 -73.9798741333333,1320,Monday,14980,Outdoors & Recreation,-999,-999.0,Clouds,84
2278,40.6394976333333 -73.9798302,240,Tuesday,20721,Nightlife Spot,1,6.6,Clear,84
2278,40.639413333333295 -73.9798741333333,240,Tuesday,24897,Residence,-999,-999.0,Clear,84
2278,40.7516329998705 -73.9758854995058,300,Tuesday,2075,Travel & Transport,-999,-999.0,Clear,84
2278,40.752856755495 -73.9736737263818,780,Tuesday,1289,Professional & Other Places,-999,-999.0,Clouds,84
2278,40.7527522528278 -73.9735876349967,780,Tuesday,3916,Professional & Other Places,-999,-999.0,Clouds,84
2278,40.7527410080238 -73.9733079722472,1020,Tuesday,14176,Food,2,8.2,Clouds,84
2278,40.75304789203111 -73.97362781098121,1020,Tuesday,31525,Professional & Other Places,-999,-999.0,Clouds,84
2278,40.7527518611088 -73.97305386754971,1200,Tuesday,3479,Nightlife Spot,2,6.7,Clear,84
2278,40.6394869711505 -73.979773606503,1260,Tuesday,21468,Shop & Service,-999,-999.0,Clear,84
2278,40.639413333333295 -73.9798741333333,1320,Tuesday,24897,Residence,-999,-999.0,Clear,84
2278,40.639413333333295 -73.9798225333333,1320,Tuesday,21812,Shop & Service,-999,5.8,Clear,84
2278,40.639489815065495 -73.9797688985306,240,Wednesday,3588,Nightlife Spot,3,-999.0,Clouds,84
2278,40.639680851247896 -73.97993533649179,240,Wednesday,19073,Travel & Transport,-999,-999.0,Clouds,84
2278,40.639413333333295 -73.9798741333333,240,Wednesday,24897,Residence,-999,-999.0,Clouds,84
2278,40.6735265522377 -73.9959454536438,300,Wednesday,35750,Travel & Transport,-999,-999.0,Clouds,84
2278,40.7530716014474 -73.9734671069929,360,Wednesday,2169,Professional & Other Places,-999,-999.0,Clouds,84
2278,40.753157842099 -73.973932000306,360,Wednesday,29260,Professional & Other Places,-999,-999.0,Clouds,84
2278,40.7529464074634 -73.9727711677551,720,Wednesday,28566,Professional & Other Places,-999,-999.0,Clouds,84
2278,40.7532289124202 -73.9731514380538,780,Wednesday,24010,Professional & Other Places,-999,-999.0,Clouds,84
2278,40.752856755495 -73.9736737263818,1080,Wednesday,1289,Professional & Other Places,-999,-999.0,Clouds,84
2278,40.75323066574951 -73.9735646772875,1080,Wednesday,9177,Professional & Other Places,-999,-999.0,Clouds,84
2278,40.7527410080238 -73.9733079722472,1140,Wednesday,14176,Food,2,8.2,Clouds,84
2278,40.753092596002 -73.9735876349967,1200,Wednesday,24763,Professional & Other Places,-999,-999.0,Clouds,84
2278,40.753257312541 -73.973220311321,1200,Wednesday,17959,Nightlife Spot,3,6.6,Clouds,84
2278,40.7532289124202 -73.9731514380538,1200,Wednesday,24010,Professional & Other Places,-999,-999.0,Clouds,84
2278,40.7527410080238 -73.9733079722472,1200,Wednesday,14176,Food,2,8.2,Clouds,84
2278,40.7529464074634 -73.9727711677551,1200,Wednesday,28566,Professional & Other Places,-999,-999.0,Clouds,84
2278,40.6728267553209 -73.99085998535149,1260,Wednesday,2057,Travel & Transport,-999,-999.0,Clouds,84
2278,40.672167 -73.990332,1260,Wednesday,32267,Food,2,7.0,Clouds,84
2278,40.6716078333202 -73.9891408529982,1260,Wednesday,8744,Shop & Service,-999,-999.0,Clouds,84
2278,40.639504369011895 -73.979763159288,1320,Wednesday,20371,Shop & Service,-999,-999.0,Clouds,84
2278,40.6394976333333 -73.9798302,1320,Wednesday,20721,Nightlife Spot,1,6.6,Clouds,84
2278,40.6394685 -73.9798289363786,0,Thursday,1789,Food,2,-999.0,Clouds,84
2278,40.639413333333295 -73.9798741333333,0,Thursday,14980,Outdoors & Recreation,-999,-999.0,Clouds,84
2278,40.672167 -73.990332,540,Thursday,32267,Food,2,7.0,Clear,84
2278,40.67644324171621 -74.0001822989952,540,Thursday,28649,Food,4,7.7,Clear,84
2278,40.752856755495 -73.9736737263818,600,Thursday,1289,Professional & Other Places,-999,-999.0,Clouds,84
2278,40.7529789171769 -73.97285699844359,600,Thursday,5473,Professional & Other Places,-999,-999.0,Clouds,84
2278,40.7531814807591 -73.97310552252858,600,Thursday,11385,Travel & Transport,-999,8.3,Clouds,84
2278,40.7532289124202 -73.9731514380538,780,Thursday,24010,Professional & Other Places,-999,-999.0,Clouds,84
2278,40.752508 -73.973353,780,Thursday,16180,Nightlife Spot,2,-999.0,Clouds,84
2278,40.753157842099 -73.973932000306,840,Thursday,29260,Professional & Other Places,-999,-999.0,Clouds,84
2278,40.7527518611088 -73.97305386754971,960,Thursday,3479,Nightlife Spot,2,6.7,Clouds,84
2278,40.7532214893099 -73.9832927611382,1020,Thursday,37128,Food,3,7.8,Clouds,84
2278,40.7530716014474 -73.9734671069929,1020,Thursday,2169,Professional & Other Places,-999,-999.0,Clouds,84
2278,40.753157842099 -73.973932000306,1020,Thursday,29260,Professional & Other Places,-999,-999.0,Clouds,84
2278,40.75835785550571 -73.98424545556641,1140,Thursday,30165,Food,2,8.2,Clouds,84
2278,40.867476 -73.924291,0,Friday,1227,Arts & Entertainment,-999,-999.0,Clouds,84
2278,40.8709379042595 -73.9301037076316,0,Friday,25975,Residence,-999,-999.0,Clouds,84
2278,40.8675742130254 -73.9258432388306,0,Friday,3955,Outdoors & Recreation,-999,-999.0,Clouds,84
2278,40.8677202541029 -73.9207363128662,840,Friday,12792,Food,2,-999.0,Clear,84
2278,40.827427592014295 -73.9250776434823,960,Friday,5661,Shop & Service,-999,-999.0,Clear,84
2278,40.8272071461571 -73.9260306250932,1140,Friday,11654,Nightlife Spot,2,7.4,Clear,84
2278,40.8266929537139 -73.9227353555586,1140,Friday,38091,Food,1,7.6,Clear,84
2278,40.8507080078125 -73.9278030395508,1140,Friday,11365,Residence,-999,-999.0,Clear,84
2278,40.867526477777794 -73.9244,1200,Friday,9148,Arts & Entertainment,-999,-999.0,Clear,84
2278,40.867497 -73.924305,1200,Friday,8253,Arts & Entertainment,-999,-999.0,Clear,84
2278,40.8675067379194 -73.92432558842809,660,Saturday,37671,Outdoors & Recreation,-999,-999.0,Clear,84
2278,40.867538 -73.924369,660,Saturday,22996,Residence,-999,-999.0,Clear,84
2278,40.867519 -73.924324,660,Saturday,19437,Nightlife Spot,3,-999.0,Clear,84
2278,40.867547 -73.924342,660,Saturday,16197,Food,2,-999.0,Clear,84
2278,40.8431053625284 -73.938906899705,780,Saturday,28301,Shop & Service,-999,-999.0,Clear,84
2278,40.86761 -73.924308,780,Saturday,26016,Nightlife Spot,3,-999.0,Clear,84
2278,40.867515 -73.924286,840,Saturday,282,Professional & Other Places,-999,-999.0,Clear,84
2278,40.867526477777794 -73.9244,840,Saturday,9148,Arts & Entertainment,-999,-999.0,Clear,84
2278,40.6759126367187 -73.99904030782591,900,Saturday,9232,Food,3,9.3,Clear,84
2278,40.672167 -73.990332,900,Saturday,32267,Food,2,7.0,Clear,84
2278,40.6728267553209 -73.99085998535149,900,Saturday,2057,Travel & Transport,-999,-999.0,Clear,84
2278,40.6394869711505 -73.979773606503,960,Saturday,21468,Shop & Service,-999,-999.0,Clear,84
2278,40.639504369011895 -73.979763159288,960,Saturday,20371,Shop & Service,-999,-999.0,Clear,84
2278,40.6394976333333 -73.9798302,960,Saturday,20721,Nightlife Spot,1,6.6,Clear,84
2278,40.64053341403471 -73.9771259591833,960,Saturday,34280,Residence,-999,-999.0,Clear,84
2278,40.63795 -73.978064,1020,Saturday,33796,Shop & Service,-999,-999.0,Clear,84
2278,40.6394685 -73.9798289363786,1200,Saturday,1789,Food,2,-999.0,Clear,84
2278,40.639413333333295 -73.9798225333333,1200,Saturday,21812,Shop & Service,-999,5.8,Clear,84
2278,40.639680851247896 -73.97993533649179,1260,Saturday,19073,Travel & Transport,-999,-999.0,Clouds,84
2278,40.6406450800248 -73.97925810526729,1260,Saturday,23091,Shop & Service,-999,-999.0,Clouds,84
2278,40.6422693265541 -73.98062978298191,1320,Saturday,32633,Arts & Entertainment,-999,6.3,Clouds,84
2278,40.642996 -73.978954,1320,Saturday,26192,Shop & Service,-999,-999.0,Clouds,84
2278,40.642719 -73.97949,1320,Saturday,24877,Food,1,-999.0,Clouds,84
2278,40.639594938373605 -73.9791547985996,1380,Saturday,20021,Arts & Entertainment,-999,5.7,Rain,84
2278,40.639962498086206 -73.9776166705378,1380,Saturday,10322,Professional & Other Places,-999,-999.0,Rain,84
2278,40.6394147636319 -73.9799066403019,1380,Saturday,9091,Food,1,-999.0,Rain,84
2278,40.6425133572045 -73.9796770706283,600,Sunday,34373,Shop & Service,-999,6.9,Clear,84
2278,40.63795 -73.978064,600,Sunday,33796,Shop & Service,-999,-999.0,Clear,84
2278,40.642719 -73.97949,600,Sunday,24877,Food,1,-999.0,Clear,84
2278,40.639962498086206 -73.9776166705378,600,Sunday,10322,Professional & Other Places,-999,-999.0,Clear,84
2278,40.639413333333295 -73.9798741333333,720,Sunday,24897,Residence,-999,-999.0,Clouds,84
2278,40.6394147636319 -73.9799066403019,720,Sunday,9091,Food,1,-999.0,Clouds,84
2278,40.639680851247896 -73.97993533649179,720,Sunday,19073,Travel & Transport,-999,-999.0,Clouds,84
2279,40.639504369011895 -73.979763159288,720,Monday,20371,Shop & Service,-999,-999.0,Clear,84
2279,40.6394869711505 -73.979773606503,720,Monday,21468,Shop & Service,-999,-999.0,Clear,84
2279,40.6426375742877 -73.97940732591151,720,Monday,20721,Nightlife Spot,1,6.6,Clear,84
2279,40.64267509200821 -73.9798148124654,780,Monday,11670,Travel & Transport,-999,-999.0,Clear,84
2279,40.6431435322107 -73.97848904318751,780,Monday,2109,Food,1,6.7,Clear,84
2279,40.64053341403471 -73.9771259591833,780,Monday,34280,Residence,-999,-999.0,Clear,84
2279,40.63942645 -73.9797699,1020,Monday,31869,Food,1,-999.0,Clear,84
2279,40.639413333333295 -73.9798741333333,1020,Monday,24897,Residence,-999,-999.0,Clear,84
2279,40.6394685 -73.9798289363786,1020,Monday,1789,Food,2,-999.0,Clear,84
2279,40.639413333333295 -73.9798741333333,540,Tuesday,24897,Residence,-999,-999.0,Clear,84
2279,40.64053341403471 -73.9771259591833,540,Tuesday,34280,Residence,-999,-999.0,Clear,84
2279,40.7532047123766 -73.97339823381391,780,Tuesday,24763,Professional & Other Places,-999,-999.0,Clear,84
2279,40.7531259619306 -73.9737942542562,780,Tuesday,17086,Professional & Other Places,-999,-999.0,Clear,84
2279,40.7530716014474 -73.9734671069929,780,Tuesday,2169,Professional & Other Places,-999,-999.0,Clear,84
2279,40.753157842099 -73.973932000306,780,Tuesday,29260,Professional & Other Places,-999,-999.0,Clear,84
2279,40.75273892857141 -73.97357938571429,780,Tuesday,17273,Travel & Transport,-999,-999.0,Clear,84
2279,40.7537124772213 -73.9737712965716,960,Tuesday,9504,Professional & Other Places,-999,-999.0,Clear,84
2279,40.7527518611088 -73.97305386754971,960,Tuesday,3479,Nightlife Spot,2,6.7,Clear,84
2279,40.7527659179408 -73.9735646772875,960,Tuesday,9177,Professional & Other Places,-999,-999.0,Clear,84
2279,40.753245 -73.973397,960,Tuesday,8070,Professional & Other Places,-999,-999.0,Clear,84
2279,40.75304789203111 -73.97362781098121,1080,Tuesday,31525,Professional & Other Places,-999,-999.0,Clear,84
2279,40.7533921191982 -73.97354171957559,1140,Tuesday,17959,Nightlife Spot,3,6.6,Clear,84
2279,40.75273892857141 -73.97357938571429,1140,Tuesday,17273,Travel & Transport,-999,-999.0,Clear,84
2279,40.752904673044206 -73.97297925477791,1140,Tuesday,19404,Nightlife Spot,1,-999.0,Clear,84
2279,40.6429729765255 -73.9794991539427,1200,Tuesday,21448,Travel & Transport,-999,-999.0,Clear,84
2279,40.6422693265541 -73.98062978298191,1260,Tuesday,32633,Arts & Entertainment,-999,6.3,Clear,84
2279,40.753127 -73.97335,780,Wednesday,12076,Professional & Other Places,-999,-999.0,Clouds,84
2279,40.7532047123766 -73.97339823381391,780,Wednesday,24763,Professional & Other Places,-999,-999.0,Clouds,84
2279,40.753157842099 -73.973932000306,780,Wednesday,29260,Professional & Other Places,-999,-999.0,Clouds,84
2279,40.753245 -73.973397,900,Wednesday,8070,Professional & Other Places,-999,-999.0,Clouds,84
2279,40.7527518611088 -73.97305386754971,900,Wednesday,3479,Nightlife Spot,2,6.7,Clouds,84
2279,40.7527659179408 -73.9735646772875,900,Wednesday,9177,Professional & Other Places,-999,-999.0,Clouds,84
2279,40.642725 -73.979471,1140,Wednesday,37028,Food,1,-999.0,Clouds,84
2279,40.6394869711505 -73.979773606503,1200,Wednesday,21468,Shop & Service,-999,-999.0,Clouds,84
2279,40.639489815065495 -73.9797688985306,1200,Wednesday,3588,Nightlife Spot,3,-999.0,Clouds,84
2279,40.6394869711505 -73.979773606503,1260,Wednesday,2980,Food,1,6.6,Clouds,84
2279,40.63942645 -73.9797699,240,Thursday,31869,Food,1,-999.0,Clouds,84
2279,40.639413333333295 -73.9798741333333,240,Thursday,24897,Residence,-999,-999.0,Clouds,84
2279,40.752508 -73.973353,420,Thursday,16180,Nightlife Spot,2,-999.0,Clouds,84
2279,40.75293 -73.974725,420,Thursday,13205,Outdoors & Recreation,-999,7.0,Clouds,84
2279,40.753157842099 -73.973932000306,420,Thursday,29260,Professional & Other Places,-999,-999.0,Fog,84
2279,40.75304789203111 -73.97362781098121,480,Thursday,31525,Professional & Other Places,-999,-999.0,Clouds,84
2279,40.7528084533503 -73.97370242350159,540,Thursday,31513,Shop & Service,-999,7.1,Clear,84
2279,40.7529464074634 -73.9727711677551,540,Thursday,28566,Professional & Other Places,-999,-999.0,Clear,84
2279,40.7532289124202 -73.9731514380538,900,Thursday,24010,Professional & Other Places,-999,-999.0,Clear,84
2279,40.752722925 -73.9735428,960,Thursday,9648,Shop & Service,-999,-999.0,Clear,84
2279,40.7548644533633 -73.97135496139529,1020,Thursday,22768,Professional & Other Places,-999,-999.0,Clear,84
2279,40.753825 -73.973799,1080,Thursday,24908,Food,2,8.0,Clear,84
2279,40.753141465506 -73.9725351333618,1080,Thursday,23568,Shop & Service,-999,-999.0,Clear,84
2279,40.7533921191982 -73.97354171957559,1140,Thursday,17959,Nightlife Spot,3,6.6,Clear,84
2279,40.752904673044206 -73.97297925477791,1140,Thursday,19404,Nightlife Spot,1,-999.0,Clear,84
2279,40.75835785550571 -73.98424545556641,1200,Thursday,30165,Food,2,8.2,Clear,84
2279,40.75835785550571 -73.98424545556641,0,Friday,30165,Food,2,8.2,Clear,84
2279,40.758606290799605 -73.98438893323359,0,Friday,2466,Travel & Transport,-999,7.6,Clear,84
2279,40.7532375238346 -73.9732604873822,540,Friday,29260,Professional & Other Places,-999,-999.0,Clear,84
2279,40.7530716014474 -73.9734671069929,840,Friday,2169,Professional & Other Places,-999,-999.0,Clouds,84
2279,40.7526474262798 -73.9730022125569,900,Friday,17273,Travel & Transport,-999,-999.0,Clouds,84
2279,40.7528084533503 -73.97370242350159,900,Friday,31513,Shop & Service,-999,7.1,Clouds,84
2279,40.7530716014474 -73.9734671069929,1260,Friday,2169,Professional & Other Places,-999,-999.0,Clouds,84
2279,40.753245 -73.973397,1260,Friday,8070,Professional & Other Places,-999,-999.0,Clouds,84
2279,40.7533921191982 -73.97354171957559,1260,Friday,17959,Nightlife Spot,3,6.6,Clouds,84
2279,40.7527522528278 -73.9735876349967,1320,Friday,3916,Professional & Other Places,-999,-999.0,Clouds,84
2279,40.75835785550571 -73.98424545556641,1380,Friday,30165,Food,2,8.2,Clouds,84
2279,40.757913016394 -73.9824491061039,1380,Friday,36161,Shop & Service,-999,-999.0,Clouds,84
2279,40.7603322339557 -73.9872527250482,60,Saturday,12787,Nightlife Spot,2,7.2,Clouds,84
2279,40.7603468877488 -73.9872182909313,60,Saturday,7166,Nightlife Spot,2,7.1,Clouds,84
2279,40.5957951188914 -73.9734556281314,240,Saturday,11992,Nightlife Spot,3,6.1,Clouds,84
2279,40.600965806395 -73.97600391857542,240,Saturday,14241,Professional & Other Places,-999,-999.0,Clouds,84
2279,40.6018739338619 -73.97648028444121,240,Saturday,1303,Nightlife Spot,2,-999.0,Clouds,84
2279,40.5979415369256 -73.9731514380538,240,Saturday,6473,Shop & Service,-999,-999.0,Clouds,84
2279,40.6394869711505 -73.979773606503,780,Saturday,21468,Shop & Service,-999,-999.0,Clear,84
2279,40.6394869711505 -73.979773606503,780,Saturday,2980,Food,1,6.6,Clear,84
2279,40.639413333333295 -73.9798741333333,960,Saturday,24897,Residence,-999,-999.0,Clear,84
2279,40.64053341403471 -73.9771259591833,960,Saturday,34280,Residence,-999,-999.0,Clear,84
2279,40.63795 -73.978064,1140,Saturday,33796,Shop & Service,-999,-999.0,Clear,84
2279,40.639962498086206 -73.9776166705378,1140,Saturday,10322,Professional & Other Places,-999,-999.0,Clear,84
2279,40.6394147636319 -73.9799066403019,1140,Saturday,9091,Food,1,-999.0,Clear,84
2279,40.639413333333295 -73.9798741333333,0,Sunday,24897,Residence,-999,-999.0,Rain,84
2279,40.6426375742877 -73.97940732591151,0,Sunday,20721,Nightlife Spot,1,6.6,Rain,84
2279,40.639489815065495 -73.9797688985306,900,Sunday,3588,Nightlife Spot,3,-999.0,Rain,84
2279,40.6394869711505 -73.979773606503,900,Sunday,2980,Food,1,6.6,Rain,84
2279,40.63942645 -73.9797699,900,Sunday,31869,Food,1,-999.0,Rain,84
2279,40.6426375742877 -73.97940732591151,900,Sunday,20721,Nightlife Spot,1,6.6,Rain,84
2279,40.6394685 -73.9798289363786,1020,Sunday,1789,Food,2,-999.0,Rain,84
2279,40.6381523016428 -73.97940732591151,1020,Sunday,21812,Shop & Service,-999,5.8,Rain,84
2279,40.638942107350296 -73.97996977191409,1020,Sunday,27416,Food,1,-999.0,Rain,84
2279,40.642719 -73.97949,1080,Sunday,24877,Food,1,-999.0,Rain,84
2279,40.6394869711505 -73.979773606503,1200,Sunday,21468,Shop & Service,-999,-999.0,Rain,84
2279,40.64053341403471 -73.9771259591833,1200,Sunday,34280,Residence,-999,-999.0,Rain,84
2279,40.6425133572045 -73.9796770706283,1320,Sunday,34373,Shop & Service,-999,6.9,Rain,84
2279,40.642907639443294 -73.9785861968994,1320,Sunday,35315,Shop & Service,-999,5.6,Rain,84
2279,40.6426375742877 -73.97940732591151,1320,Sunday,20721,Nightlife Spot,1,6.6,Rain,84
2279,40.642725 -73.979471,1380,Sunday,37028,Food,1,-999.0,Rain,84
2280,40.6394869711505 -73.979773606503,1200,Monday,21468,Shop & Service,-999,-999.0,Clouds,84
2280,40.6426375742877 -73.97940732591151,1200,Monday,20721,Nightlife Spot,1,6.6,Clouds,84
2280,40.675787951621 -73.9958151502776,300,Tuesday,33519,Nightlife Spot,-999,-999.0,Clouds,84
2280,40.6728267553209 -73.99085998535149,300,Tuesday,2057,Travel & Transport,-999,-999.0,Clouds,84
2280,40.752856755495 -73.9736737263818,360,Tuesday,1289,Professional & Other Places,-999,-999.0,Clouds,84
2280,40.7532375238346 -73.9732604873822,360,Tuesday,29260,Professional & Other Places,-999,-999.0,Clouds,84
2280,40.7530716014474 -73.9734671069929,360,Tuesday,2169,Professional & Other Places,-999,-999.0,Clouds,84
2280,40.7529789171769 -73.97285699844359,660,Tuesday,5473,Professional & Other Places,-999,-999.0,Clouds,84
2280,40.7526474262798 -73.9730022125569,660,Tuesday,17273,Travel & Transport,-999,-999.0,Clouds,84
2280,40.7532289124202 -73.9731514380538,1020,Tuesday,24010,Professional & Other Places,-999,-999.0,Clouds,84
2280,40.7533921191982 -73.97354171957559,1020,Tuesday,17959,Nightlife Spot,3,6.6,Clouds,84
2280,40.7544743468154 -73.9778566360474,840,Wednesday,31839,Shop & Service,-999,8.1,Clouds,84
2280,40.754493 -73.977215,840,Wednesday,36693,Nightlife Spot,3,4.9,Clouds,84
2280,40.754191246387 -73.97699682440829,840,Wednesday,2042,Nightlife Spot,2,5.8,Clouds,84
2280,40.7538530031854 -73.97741579469609,900,Wednesday,16848,Professional & Other Places,-999,-999.0,Clouds,84
2280,40.7532375238346 -73.9732604873822,900,Wednesday,29260,Professional & Other Places,-999,-999.0,Clouds,84
2280,40.7564898726738 -73.9862680435181,1200,Wednesday,21033,Outdoors & Recreation,-999,9.0,Clear,84
2280,40.753141465506 -73.9725351333618,1200,Wednesday,23568,Shop & Service,-999,-999.0,Clear,84
2280,40.7529464074634 -73.9727711677551,420,Thursday,28566,Professional & Other Places,-999,-999.0,Clear,84
2280,40.7530716014474 -73.9734671069929,420,Thursday,2169,Professional & Other Places,-999,-999.0,Clear,84
2280,40.7529789171769 -73.97285699844359,420,Thursday,5473,Professional & Other Places,-999,-999.0,Clear,84
2280,40.7530716014474 -73.9734671069929,480,Thursday,2169,Professional & Other Places,-999,-999.0,Clouds,84
2280,40.7950762149521 -73.92679810523991,360,Friday,11487,Arts & Entertainment,-999,-999.0,Clear,84
2280,40.7537124772213 -73.9737712965716,360,Friday,9504,Professional & Other Places,-999,-999.0,Clear,84
2280,40.7548644533633 -73.97135496139529,420,Friday,22768,Professional & Other Places,-999,-999.0,Clear,84
2280,40.7533921191982 -73.97354171957559,420,Friday,17959,Nightlife Spot,3,6.6,Clear,84
2280,40.752904673044206 -73.97297925477791,480,Friday,19404,Nightlife Spot,1,-999.0,Clouds,84
2280,40.7532375238346 -73.9732604873822,540,Friday,29260,Professional & Other Places,-999,-999.0,Clouds,84
2280,40.752856755495 -73.9736737263818,540,Friday,1289,Professional & Other Places,-999,-999.0,Clouds,84
2280,40.7530716014474 -73.9734671069929,540,Friday,2169,Professional & Other Places,-999,-999.0,Clouds,84
2280,40.7532003091414 -73.97285298694429,600,Friday,9177,Professional & Other Places,-999,-999.0,Clouds,84
2280,40.7532375238346 -73.9732604873822,600,Friday,29260,Professional & Other Places,-999,-999.0,Clouds,84
2280,40.753245 -73.973397,720,Friday,8070,Professional & Other Places,-999,-999.0,Clouds,84
2280,40.7531259619306 -73.9737942542562,720,Friday,17086,Professional & Other Places,-999,-999.0,Clouds,84
2280,40.7563380873459 -73.9812610957957,780,Friday,4155,Professional & Other Places,-999,-999.0,Clouds,84
2280,40.752918130394896 -73.9722560833373,780,Friday,18750,Professional & Other Places,-999,7.1,Clouds,84
2280,40.7527410080238 -73.9733079722472,900,Friday,14176,Food,2,8.2,Clouds,84
2280,40.7523461329262 -73.9745288987157,900,Friday,3167,Food,1,7.9,Clouds,84
2280,40.7528084533503 -73.97370242350159,900,Friday,31513,Shop & Service,-999,7.1,Clear,84
2280,40.7525451616761 -73.9733580577815,900,Friday,16180,Nightlife Spot,2,-999.0,Clear,84
2280,40.752904673044206 -73.97297925477791,900,Friday,19404,Nightlife Spot,1,-999.0,Clear,84
2280,40.752446567826205 -73.97324326907129,1020,Friday,3971,Professional & Other Places,-999,-999.0,Clear,84
2280,40.75835785550571 -73.98424545556641,1080,Friday,30165,Food,2,8.2,Clear,84
2280,40.7677202139931 -73.9185386857581,780,Saturday,2519,Shop & Service,-999,-999.0,Clear,84
2280,40.76548388507821 -73.91382521812821,780,Sunday,918,Food,1,5.5,Clear,84
2280,40.7653964648909 -73.91374111175541,780,Sunday,30152,Food,1,7.6,Clear,84
2280,40.7658110529264 -73.91377928852741,780,Sunday,28253,Nightlife Spot,2,7.2,Clear,84
2280,40.7662253023685 -73.91071557998659,780,Sunday,4119,Residence,-999,-999.0,Clear,84
2281,40.7527410080238 -73.9733079722472,780,Tuesday,14176,Food,2,8.2,Fog,84
2281,40.7527522528278 -73.9735876349967,840,Tuesday,3916,Professional & Other Places,-999,-999.0,Fog,84
2281,40.7531259619306 -73.9737942542562,840,Tuesday,17086,Professional & Other Places,-999,-999.0,Fog,84
2281,40.7527518611088 -73.97305386754971,1020,Tuesday,3479,Nightlife Spot,2,6.7,Clouds,84
2281,40.7549249532893 -73.973237529634,1020,Tuesday,17959,Nightlife Spot,3,6.6,Clouds,84
2281,40.7533827198828 -73.97444280771309,1020,Tuesday,15130,Food,1,8.8,Clouds,84
2281,40.7533202682091 -73.97426784038541,1020,Tuesday,38130,Food,2,-999.0,Clouds,84
2281,40.752833 -73.973216,1020,Tuesday,14823,Food,2,-999.0,Clouds,84
2281,40.7530823562104 -73.97273819793291,1140,Tuesday,4896,Professional & Other Places,-999,-999.0,Clear,84
2281,40.753245 -73.973397,1140,Tuesday,8070,Professional & Other Places,-999,-999.0,Clear,84
2281,40.752904673044206 -73.97297925477791,1140,Tuesday,19404,Nightlife Spot,1,-999.0,Clear,84
2281,40.7668855209038 -73.9216294884682,1200,Tuesday,18158,Food,1,5.2,Clear,84
2281,40.766901 -73.921426,1200,Tuesday,20624,Travel & Transport,-999,5.1,Clear,84
2281,40.7665211086054 -73.9129927424329,1200,Tuesday,22784,Food,2,7.9,Clear,84
2281,40.7678083915285 -73.9102541593408,1200,Tuesday,36277,Food,-999,-999.0,Clear,84
2281,40.639413333333295 -73.9798741333333,1200,Tuesday,24897,Residence,-999,-999.0,Clear,84
2281,40.767225 -73.908868,1260,Tuesday,26983,Residence,-999,-999.0,Clear,84
2281,40.766979 -73.912507,1260,Tuesday,10026,Nightlife Spot,1,4.9,Clear,84
2281,40.7666 -73.912719,1260,Tuesday,21030,Nightlife Spot,1,-999.0,Clear,84
2281,40.7677202139931 -73.9185386857581,1320,Tuesday,2519,Shop & Service,-999,-999.0,Clear,84
2281,40.7678715660743 -73.9112301786965,420,Wednesday,3112,Shop & Service,-999,-999.0,Clouds,84
2281,40.7665907222196 -73.912929588959,420,Wednesday,6846,Nightlife Spot,-999,-999.0,Clouds,84
2281,40.7590398909385 -73.90658830179059,420,Wednesday,33945,Residence,-999,-999.0,Clouds,84
2281,40.7662253023685 -73.91071557998659,420,Wednesday,4119,Residence,-999,-999.0,Clouds,84
2281,40.7658353689891 -73.912659751158,300,Thursday,37735,Residence,-999,-999.0,Clouds,84
2281,40.7678083915285 -73.9102541593408,300,Thursday,36277,Food,-999,-999.0,Clouds,84
2281,40.7666478429867 -73.920881152153,360,Thursday,5792,Food,1,6.0,Clouds,84
2281,40.752856755495 -73.9736737263818,420,Thursday,1289,Professional & Other Places,-999,-999.0,Clouds,84
2281,40.7529464074634 -73.9727711677551,420,Thursday,28566,Professional & Other Places,-999,-999.0,Clouds,84
2281,40.7527518611088 -73.97305386754971,540,Thursday,3479,Nightlife Spot,2,6.7,Clouds,84
2281,40.7532375238346 -73.9732604873822,780,Thursday,29260,Professional & Other Places,-999,-999.0,Clouds,84
2281,40.7532965067149 -73.9739377397225,780,Thursday,36792,Food,1,-999.0,Clouds,84
2281,40.752856755495 -73.9736737263818,780,Thursday,1289,Professional & Other Places,-999,-999.0,Clouds,84
2281,40.7528084533503 -73.97370242350159,900,Thursday,31513,Shop & Service,-999,7.1,Clouds,84
2281,40.7525451616761 -73.9733580577815,900,Thursday,16180,Nightlife Spot,2,-999.0,Clouds,84
2281,40.7531259619306 -73.9737942542562,1200,Thursday,17086,Professional & Other Places,-999,-999.0,Clouds,84
2281,40.7478115621338 -73.9402386813564,1200,Thursday,6255,Nightlife Spot,2,9.2,Clouds,84
2281,40.7662253023685 -73.91071557998659,1260,Thursday,4119,Residence,-999,-999.0,Clouds,84
2281,40.7665211086054 -73.9129927424329,240,Friday,22784,Food,2,7.9,Clouds,84
2281,40.7666478429867 -73.920881152153,300,Friday,5792,Food,1,6.0,Clouds,84
2281,40.7705929544629 -73.91834636014221,300,Friday,12721,Residence,-999,-999.0,Clouds,84
2281,40.7526474262798 -73.9730022125569,360,Friday,17273,Travel & Transport,-999,-999.0,Rain,84
2281,40.752856755495 -73.9736737263818,420,Friday,1289,Professional & Other Places,-999,-999.0,Clouds,84
2281,40.7527513488484 -73.9729428291321,480,Friday,24763,Professional & Other Places,-999,-999.0,Clouds,84
2281,40.7528084533503 -73.97370242350159,480,Friday,31513,Shop & Service,-999,7.1,Clouds,84
2281,40.7527522528278 -73.9735876349967,540,Friday,3916,Professional & Other Places,-999,-999.0,Clouds,84
2281,40.7526474262798 -73.9730022125569,720,Friday,17273,Travel & Transport,-999,-999.0,Clouds,84
2281,40.7530716014474 -73.9734671069929,720,Friday,2169,Professional & Other Places,-999,-999.0,Clouds,84
2281,40.7531259619306 -73.9737942542562,780,Friday,17086,Professional & Other Places,-999,-999.0,Clouds,84
2281,40.7527410080238 -73.9733079722472,780,Friday,14176,Food,2,8.2,Clouds,84
2281,40.7532289124202 -73.9731514380538,900,Friday,24010,Professional & Other Places,-999,-999.0,Clear,84
2281,40.754455 -73.977488,900,Friday,30907,Shop & Service,-999,5.5,Clear,84
2281,40.7527518611088 -73.97305386754971,1020,Friday,3479,Nightlife Spot,2,6.7,Clear,84
2281,40.752446567826205 -73.97324326907129,1020,Friday,3971,Professional & Other Places,-999,-999.0,Clear,84
2281,40.752904673044206 -73.97297925477791,1020,Friday,19404,Nightlife Spot,1,-999.0,Clear,84
2281,40.7529464074634 -73.9727711677551,1080,Friday,28566,Professional & Other Places,-999,-999.0,Clear,84
2281,40.75835785550571 -73.98424545556641,1200,Friday,30165,Food,2,8.2,Fog,84
2281,40.7665907222196 -73.912929588959,660,Saturday,6846,Nightlife Spot,-999,-999.0,Clouds,84
2281,40.7678083915285 -73.9102541593408,660,Saturday,36277,Food,-999,-999.0,Clouds,84
2281,40.7658353689891 -73.912659751158,660,Saturday,37735,Residence,-999,-999.0,Clouds,84
2281,40.7662253023685 -73.91071557998659,660,Saturday,4119,Residence,-999,-999.0,Clouds,84
2281,40.7665211086054 -73.9129927424329,960,Sunday,22784,Food,2,7.9,Clear,84
2281,40.766979 -73.912507,1020,Sunday,10026,Nightlife Spot,1,4.9,Clear,84
2281,40.7647094201498 -73.9118617180259,1020,Sunday,19763,Food,4,6.6,Clear,84
2281,40.7662253023685 -73.91071557998659,1020,Sunday,4119,Residence,-999,-999.0,Clear,84
2282,40.7678083915285 -73.9102541593408,480,Monday,36277,Food,-999,-999.0,Clouds,84
2282,40.7636761665344 -73.924034,480,Monday,31966,Shop & Service,-999,7.6,Clouds,84
2282,40.762950521486 -73.9278280735016,480,Monday,34393,Food,1,5.8,Clouds,84
2282,40.7478115621338 -73.9402386813564,480,Monday,6255,Nightlife Spot,2,9.2,Clouds,84
2282,40.7537124772213 -73.9737712965716,600,Monday,9504,Professional & Other Places,-999,-999.0,Clouds,84
2282,40.75328891036129 -73.97365076868279,600,Monday,17959,Nightlife Spot,3,6.6,Clouds,84
2282,40.7527513488484 -73.9729428291321,600,Monday,24763,Professional & Other Places,-999,-999.0,Clouds,84
2282,40.752856755495 -73.9736737263818,660,Monday,1289,Professional & Other Places,-999,-999.0,Clouds,84
2282,40.7528084533503 -73.97370242350159,660,Monday,31513,Shop & Service,-999,7.1,Clouds,84
2282,40.7527522528278 -73.9735876349967,720,Monday,3916,Professional & Other Places,-999,-999.0,Clouds,84
2282,40.7532375238346 -73.9732604873822,720,Monday,29260,Professional & Other Places,-999,-999.0,Clouds,84
2282,40.7668855209038 -73.9216294884682,780,Monday,18158,Food,1,5.2,Clouds,84
2282,40.7658353689891 -73.912659751158,840,Monday,37735,Residence,-999,-999.0,Clouds,84
2282,40.766002491121 -73.9108569954028,840,Monday,7273,Shop & Service,-999,-999.0,Clouds,84
2282,40.7662253023685 -73.91071557998659,840,Monday,4119,Residence,-999,-999.0,Clouds,84
2282,40.7665211086054 -73.9129927424329,900,Monday,22784,Food,2,7.9,Clouds,84
2282,40.765114 -73.9137126666667,1020,Monday,24428,Food,1,-999.0,Clouds,84
2282,40.765859640049705 -73.914577960968,1020,Monday,30403,Nightlife Spot,1,8.5,Clouds,84
2282,40.766979 -73.912507,1080,Monday,10026,Nightlife Spot,1,4.9,Clouds,84
2282,40.7647094201498 -73.9118617180259,1080,Monday,19763,Food,4,6.6,Clouds,84
2282,40.7665446839578 -73.912372689257,1080,Monday,813,Nightlife Spot,1,7.5,Clouds,84
2282,40.766002491121 -73.9108569954028,840,Tuesday,7273,Shop & Service,-999,-999.0,Clouds,84
2282,40.7662253023685 -73.91071557998659,840,Tuesday,4119,Residence,-999,-999.0,Clouds,84
2282,40.7585342833333 -73.9291369915009,900,Tuesday,29888,Nightlife Spot,2,8.4,Clouds,84
2282,40.7565402950234 -73.9297563938493,900,Tuesday,5998,Food,1,5.5,Clouds,84
2282,40.756334 -73.9290672540665,900,Tuesday,14511,Food,2,8.3,Clouds,84
2282,40.7495490547773 -73.93908262252809,900,Tuesday,13338,Professional & Other Places,-999,-999.0,Clouds,84
2282,40.7888004673973 -73.9742878438115,960,Tuesday,33351,Food,2,-999.0,Rain,84
2282,40.766002491121 -73.9108569954028,1080,Tuesday,7273,Shop & Service,-999,-999.0,Clouds,84
2282,40.7662253023685 -73.91071557998659,1080,Tuesday,4119,Residence,-999,-999.0,Clouds,84
2282,40.766979 -73.912507,1200,Tuesday,10026,Nightlife Spot,1,4.9,Rain,84
2282,40.7678083915285 -73.9102541593408,1200,Tuesday,36277,Food,-999,-999.0,Rain,84
2282,40.76737526839701 -73.9120741444309,1200,Tuesday,15684,Nightlife Spot,1,-999.0,Rain,84
2282,40.7662253023685 -73.91071557998659,1200,Tuesday,4119,Residence,-999,-999.0,Rain,84
2282,40.7668855209038 -73.9216294884682,300,Wednesday,18158,Food,1,5.2,Clouds,84
2282,40.766901 -73.921426,300,Wednesday,20624,Travel & Transport,-999,5.1,Clouds,84
2282,40.76705894100101 -73.9219832914375,300,Wednesday,1151,Shop & Service,-999,5.7,Clouds,84
2282,40.7530716014474 -73.9734671069929,360,Wednesday,2169,Professional & Other Places,-999,-999.0,Rain,84
2282,40.7548127837115 -73.97347284642329,420,Wednesday,17959,Nightlife Spot,3,6.6,Rain,84
2282,40.7532289124202 -73.9731514380538,420,Wednesday,24010,Professional & Other Places,-999,-999.0,Rain,84
2282,40.752904673044206 -73.97297925477791,600,Wednesday,19404,Nightlife Spot,1,-999.0,Clouds,84
2282,40.752856755495 -73.9736737263818,600,Wednesday,1289,Professional & Other Places,-999,-999.0,Clouds,84
2282,40.7527522528278 -73.9735876349967,780,Wednesday,3916,Professional & Other Places,-999,-999.0,Clouds,84
2282,40.7527410080238 -73.9733079722472,780,Wednesday,14176,Food,2,8.2,Clouds,84
2282,40.753245 -73.973397,1200,Wednesday,8070,Professional & Other Places,-999,-999.0,Clouds,84
2282,40.7528084533503 -73.97370242350159,720,Thursday,31513,Shop & Service,-999,7.1,Clouds,84
2282,40.7548127837115 -73.97347284642329,720,Thursday,17959,Nightlife Spot,3,6.6,Clouds,84
2282,40.7525451616761 -73.9733580577815,780,Thursday,16180,Nightlife Spot,2,-999.0,Clouds,84
2282,40.7548127837115 -73.97347284642329,960,Thursday,17959,Nightlife Spot,3,6.6,Clouds,84
2282,40.7526474262798 -73.9730022125569,960,Thursday,17273,Travel & Transport,-999,-999.0,Clouds,84
2282,40.7529464074634 -73.9727711677551,1200,Thursday,28566,Professional & Other Places,-999,-999.0,Clear,84
2282,40.7705929544629 -73.91834636014221,1320,Thursday,12721,Residence,-999,-999.0,Clear,84
2282,40.7666478429867 -73.920881152153,1320,Thursday,5792,Food,1,6.0,Clear,84
2282,40.766002491121 -73.9108569954028,1380,Thursday,7273,Shop & Service,-999,-999.0,Clear,84
2282,40.7662253023685 -73.91071557998659,1380,Thursday,4119,Residence,-999,-999.0,Clear,84
2282,40.7668855209038 -73.9216294884682,300,Friday,18158,Food,1,5.2,Clear,84
2282,40.76705894100101 -73.9219832914375,300,Friday,1151,Shop & Service,-999,5.7,Clear,84
2282,40.7666965975005 -73.92148733139041,300,Friday,14886,Travel & Transport,-999,-999.0,Clear,84
2282,40.7666478429867 -73.920881152153,300,Friday,5792,Food,1,6.0,Clear,84
2282,40.7528084533503 -73.97370242350159,540,Friday,31513,Shop & Service,-999,7.1,Clear,84
2282,40.752856755495 -73.9736737263818,540,Friday,1289,Professional & Other Places,-999,-999.0,Clear,84
2282,40.7526474262798 -73.9730022125569,540,Friday,17273,Travel & Transport,-999,-999.0,Clear,84
2282,40.7527522528278 -73.9735876349967,600,Friday,3916,Professional & Other Places,-999,-999.0,Clear,84
2282,40.7531259619306 -73.9737942542562,720,Friday,17086,Professional & Other Places,-999,-999.0,Clouds,84
2282,40.7531814807591 -73.97310552252858,720,Friday,11385,Travel & Transport,-999,8.3,Clouds,84
2282,40.7532375238346 -73.9732604873822,720,Friday,29260,Professional & Other Places,-999,-999.0,Clouds,84
2282,40.7527410080238 -73.9733079722472,780,Friday,14176,Food,2,8.2,Clouds,84
2282,40.752904673044206 -73.97297925477791,840,Friday,19404,Nightlife Spot,1,-999.0,Clouds,84
2282,40.75835785550571 -73.98424545556641,1020,Friday,30165,Food,2,8.2,Clear,84
2282,40.758606290799605 -73.98438893323359,1200,Friday,2466,Travel & Transport,-999,7.6,Clear,84
2282,40.7589918653748 -73.9839183260845,1200,Friday,24123,Food,2,6.4,Clear,84
2282,40.75839932694621 -73.98532455097,1320,Friday,31625,Shop & Service,-999,8.9,Clear,84
2282,40.7587369494223 -73.9845299720764,1320,Friday,9102,Travel & Transport,-999,-999.0,Clear,84
2282,40.758537844423 -73.9856028556824,1320,Friday,4905,Travel & Transport,-999,8.4,Clear,84
2282,40.7583466424421 -73.983924065203,1320,Friday,4901,Nightlife Spot,3,-999.0,Clear,84
2282,40.7677202139931 -73.9185386857581,1380,Friday,2519,Shop & Service,-999,-999.0,Clear,84
2282,40.7665907222196 -73.912929588959,720,Saturday,6846,Nightlife Spot,-999,-999.0,Clear,84
2282,40.7662253023685 -73.91071557998659,720,Saturday,4119,Residence,-999,-999.0,Clear,84
2282,40.7653964648909 -73.91374111175541,1020,Saturday,30152,Food,1,7.6,Clear,84
2282,40.765114 -73.9137126666667,1020,Saturday,24428,Food,1,-999.0,Clear,84
2282,40.76548388507821 -73.91382521812821,1020,Saturday,918,Food,1,5.5,Clear,84
2282,40.766979 -73.912507,1140,Saturday,10026,Nightlife Spot,1,4.9,Clear,84
2282,40.766002491121 -73.9108569954028,1140,Saturday,7273,Shop & Service,-999,-999.0,Clear,84
2282,40.7840184369222 -73.9745239913464,1320,Saturday,23569,Food,3,-999.0,Clear,84
2282,40.783452912509496 -73.97912610229321,1380,Saturday,17241,Nightlife Spot,2,7.6,Clear,84
2282,40.7375227795952 -73.9852727532998,780,Sunday,10039,Arts & Entertainment,-999,-999.0,Clear,84
2282,40.7662253023685 -73.91071557998659,1020,Sunday,4119,Residence,-999,-999.0,Clear,84
2282,40.7760994578518 -73.90469649711359,1140,Sunday,2380,Arts & Entertainment,-999,-999.0,Clear,84
2283,40.766979 -73.912507,480,Monday,10026,Nightlife Spot,1,4.9,Clouds,84
2283,40.7665907222196 -73.912929588959,480,Monday,6846,Nightlife Spot,-999,-999.0,Clouds,84
2283,40.7662253023685 -73.91071557998659,480,Monday,4119,Residence,-999,-999.0,Clouds,84
2283,40.7678083915285 -73.9102541593408,720,Monday,36277,Food,-999,-999.0,Clouds,84
2283,40.7666263877311 -73.9129066240544,720,Monday,22784,Food,2,7.9,Clouds,84
2283,40.7888004673973 -73.9742878438115,960,Monday,33351,Food,2,-999.0,Clouds,84
2283,40.78773226777071 -73.9750052682334,1260,Monday,9739,Shop & Service,-999,6.7,Clouds,84
2283,40.787592056970205 -73.9750167470025,1260,Monday,19388,Food,1,-999.0,Clouds,84
2283,40.7658110529264 -73.91377928852741,1320,Monday,28253,Nightlife Spot,2,7.2,Clouds,84
2283,40.7662253023685 -73.91071557998659,1380,Monday,4119,Residence,-999,-999.0,Clouds,84
2283,40.766002491121 -73.9108569954028,720,Tuesday,7273,Shop & Service,-999,-999.0,Rain,84
2283,40.7669906111689 -73.9212943751847,840,Tuesday,3950,Travel & Transport,-999,-999.0,Rain,84
2283,40.76705894100101 -73.9219832914375,840,Tuesday,1151,Shop & Service,-999,5.7,Rain,84
2283,40.7670890399928 -73.92131733909909,840,Tuesday,20624,Travel & Transport,-999,5.1,Rain,84
2283,40.7888004673973 -73.9742878438115,960,Tuesday,33351,Food,2,-999.0,Clouds,84
2283,40.78773226777071 -73.9750052682334,1200,Tuesday,9739,Shop & Service,-999,6.7,Clouds,84
2283,40.787592056970205 -73.9750167470025,1200,Tuesday,19388,Food,1,-999.0,Clouds,84
2283,40.788634241037606 -73.9742935832175,1200,Tuesday,9281,Food,2,-999.0,Clouds,84
2283,40.7884195190564 -73.9737942542562,1320,Tuesday,11201,Residence,-999,-999.0,Rain,84
2283,40.7529464074634 -73.9727711677551,0,Wednesday,28566,Professional & Other Places,-999,-999.0,Clouds,84
2283,40.7668501517328 -73.9216043878006,0,Wednesday,30700,College & University,-999,-999.0,Clouds,84
2283,40.769771 -73.927716,0,Wednesday,33314,Food,2,9.3,Clouds,84
2283,40.765859640049705 -73.914577960968,0,Wednesday,30403,Nightlife Spot,1,8.5,Clouds,84
2283,40.7666263877311 -73.9129066240544,660,Wednesday,22784,Food,2,7.9,Clouds,84
2283,40.7678083915285 -73.9102541593408,660,Wednesday,36277,Food,-999,-999.0,Clouds,84
2283,40.762098 -73.925686,840,Wednesday,6104,Food,2,9.0,Clouds,84
2283,40.7580305083338 -73.92883787506591,840,Wednesday,21863,Shop & Service,-999,-999.0,Clouds,84
2283,40.788634241037606 -73.9742935832175,840,Wednesday,9281,Food,2,-999.0,Clear,84
2283,40.7884195190564 -73.9737942542562,840,Wednesday,11201,Residence,-999,-999.0,Clear,84
2283,40.7888004673973 -73.9742878438115,840,Wednesday,33351,Food,2,-999.0,Clear,84
2283,40.765859640049705 -73.914577960968,1320,Wednesday,30403,Nightlife Spot,1,8.5,Clear,84
2283,40.7653964648909 -73.91374111175541,300,Thursday,30152,Food,1,7.6,Clouds,84
2283,40.76548388507821 -73.91382521812821,300,Thursday,918,Food,1,5.5,Clouds,84
2283,40.765114 -73.9137126666667,300,Thursday,24428,Food,1,-999.0,Clouds,84
2283,40.7666263877311 -73.9129066240544,300,Thursday,22784,Food,2,7.9,Clouds,84
2283,40.752856755495 -73.9736737263818,480,Thursday,1289,Professional & Other Places,-999,-999.0,Clear,84
2283,40.7528084533503 -73.97370242350159,480,Thursday,31513,Shop & Service,-999,7.1,Clear,84
2283,40.7531259619306 -73.9737942542562,480,Thursday,17086,Professional & Other Places,-999,-999.0,Clear,84
2283,40.7532375238346 -73.9732604873822,480,Thursday,29260,Professional & Other Places,-999,-999.0,Clear,84
2283,40.7530716014474 -73.9734671069929,540,Thursday,2169,Professional & Other Places,-999,-999.0,Clear,84
2283,40.752856755495 -73.9736737263818,780,Thursday,1289,Professional & Other Places,-999,-999.0,Clear,84
2283,40.7527518611088 -73.97305386754971,1080,Thursday,3479,Nightlife Spot,2,6.7,Clear,84
2283,40.7526474262798 -73.9730022125569,1140,Thursday,17273,Travel & Transport,-999,-999.0,Clear,84
2283,40.752904673044206 -73.97297925477791,1140,Thursday,19404,Nightlife Spot,1,-999.0,Clear,84
2283,40.7587369494223 -73.9845299720764,1140,Thursday,9102,Travel & Transport,-999,-999.0,Clear,84
2283,40.752856755495 -73.9736737263818,420,Friday,1289,Professional & Other Places,-999,-999.0,Clear,84
2283,40.7526474262798 -73.9730022125569,420,Friday,17273,Travel & Transport,-999,-999.0,Clear,84
2283,40.7527522528278 -73.9735876349967,420,Friday,3916,Professional & Other Places,-999,-999.0,Clear,84
2283,40.7527513488484 -73.9729428291321,420,Friday,24763,Professional & Other Places,-999,-999.0,Clear,84
2283,40.7531259619306 -73.9737942542562,420,Friday,17086,Professional & Other Places,-999,-999.0,Clear,84
2283,40.7530716014474 -73.9734671069929,660,Friday,2169,Professional & Other Places,-999,-999.0,Clear,84
2283,40.7531545627098 -73.9736048532768,660,Friday,9177,Professional & Other Places,-999,-999.0,Clear,84
2283,40.7532067598819 -73.9733351000449,660,Friday,17959,Nightlife Spot,3,6.6,Clear,84
2283,40.754455 -73.977488,1080,Friday,30907,Shop & Service,-999,5.5,Clear,84
2283,40.753727972632106 -73.98368835767091,1080,Friday,20719,Outdoors & Recreation,-999,9.7,Clear,84
2283,40.7662253023685 -73.91071557998659,840,Saturday,4119,Residence,-999,-999.0,Clear,84
2283,40.765114 -73.9137126666667,840,Saturday,24428,Food,1,-999.0,Clear,84
2283,40.7888004673973 -73.9742878438115,960,Saturday,33351,Food,2,-999.0,Clear,84
2286,40.7893520485356 -73.9729562969961,0,Monday,31300,Arts & Entertainment,-999,8.0,Clouds,84
2286,40.7875277485968 -73.9751717103171,0,Monday,13278,Residence,-999,-999.0,Clouds,84
2286,40.7795008576189 -73.9558461945179,0,Monday,8085,Travel & Transport,-999,-999.0,Clouds,84
2286,40.785935 -73.97059206,0,Monday,13718,College & University,-999,-999.0,Clouds,84
2286,40.765859640049705 -73.914577960968,0,Monday,30403,Nightlife Spot,1,8.5,Clouds,84
2286,40.7668855209038 -73.9216294884682,360,Monday,18158,Food,1,5.2,Clouds,84
2286,40.7666478429867 -73.920881152153,360,Monday,5792,Food,1,6.0,Clouds,84
2286,40.7666965975005 -73.92148733139041,360,Monday,14886,Travel & Transport,-999,-999.0,Clouds,84
2286,40.7531259619306 -73.9737942542562,420,Monday,17086,Professional & Other Places,-999,-999.0,Clouds,84
2286,40.7528084533503 -73.97370242350159,420,Monday,31513,Shop & Service,-999,7.1,Clouds,84
2286,40.75304789203111 -73.97362781098121,420,Monday,31525,Professional & Other Places,-999,-999.0,Clouds,84
2286,40.7526474262798 -73.9730022125569,540,Monday,17273,Travel & Transport,-999,-999.0,Rain,84
2286,40.7527522528278 -73.9735876349967,540,Monday,3916,Professional & Other Places,-999,-999.0,Rain,84
2286,40.7531259619306 -73.9737942542562,540,Monday,17086,Professional & Other Places,-999,-999.0,Rain,84
2286,40.7523208277721 -73.97405826743159,540,Monday,29260,Professional & Other Places,-999,-999.0,Rain,84
2286,40.7537493049938 -73.973438409838,1080,Monday,15697,Food,4,7.9,Clouds,84
2286,40.7658110529264 -73.91377928852741,1080,Monday,28253,Nightlife Spot,2,7.2,Clouds,84
2286,40.765859640049705 -73.914577960968,1080,Monday,30403,Nightlife Spot,1,8.5,Clouds,84
2286,40.7668855209038 -73.9216294884682,300,Tuesday,18158,Food,1,5.2,Clouds,84
2286,40.7682787045544 -73.91067901542621,300,Tuesday,8332,Food,1,-999.0,Clouds,84
2286,40.767326296536496 -73.9220521829285,300,Tuesday,21329,Shop & Service,-999,6.3,Clouds,84
2286,40.7666965975005 -73.92148733139041,300,Tuesday,14886,Travel & Transport,-999,-999.0,Clouds,84
2286,40.7531259619306 -73.9737942542562,480,Tuesday,17086,Professional & Other Places,-999,-999.0,Clouds,84
2286,40.7528084533503 -73.97370242350159,480,Tuesday,31513,Shop & Service,-999,7.1,Clouds,84
2286,40.7668855209038 -73.9216294884682,300,Wednesday,18158,Food,1,5.2,Clouds,84
2286,40.76705894100101 -73.9219832914375,300,Wednesday,1151,Shop & Service,-999,5.7,Clouds,84
2286,40.7666478429867 -73.920881152153,300,Wednesday,5792,Food,1,6.0,Clouds,84
2286,40.7670890399928 -73.92131733909909,300,Wednesday,20624,Travel & Transport,-999,5.1,Clouds,84
2286,40.752856755495 -73.9736737263818,420,Wednesday,1289,Professional & Other Places,-999,-999.0,Clouds,84
2286,40.7531259619306 -73.9737942542562,420,Wednesday,17086,Professional & Other Places,-999,-999.0,Clouds,84
2286,40.7526474262798 -73.9730022125569,420,Wednesday,17273,Travel & Transport,-999,-999.0,Clouds,84
2286,40.7527522528278 -73.9735876349967,660,Wednesday,3916,Professional & Other Places,-999,-999.0,Clear,84
2286,40.7523208277721 -73.97405826743159,660,Wednesday,29260,Professional & Other Places,-999,-999.0,Clear,84
2286,40.75304789203111 -73.97362781098121,660,Wednesday,31525,Professional & Other Places,-999,-999.0,Clear,84
2286,40.755595896970895 -73.9738011360168,780,Wednesday,29471,Travel & Transport,-999,8.0,Clouds,84
2286,40.7527513488484 -73.9729428291321,780,Wednesday,24763,Professional & Other Places,-999,-999.0,Clouds,84
2286,40.7531545627098 -73.9736048532768,840,Wednesday,9177,Professional & Other Places,-999,-999.0,Clouds,84
2286,40.766002491121 -73.9108569954028,1080,Wednesday,7273,Shop & Service,-999,-999.0,Clouds,84
2286,40.76548388507821 -73.91382521812821,1140,Wednesday,918,Food,1,5.5,Clouds,84
2286,40.7508544805605 -73.9461971439807,300,Thursday,21851,Shop & Service,-999,-999.0,Clouds,84
2286,40.7541246898392 -73.9404223746586,300,Thursday,35669,Residence,-999,-999.0,Clouds,84
2286,40.7499283331793 -73.9381089744157,300,Thursday,24844,Arts & Entertainment,-999,-999.0,Clouds,84
2286,40.7528084533503 -73.97370242350159,660,Thursday,31513,Shop & Service,-999,7.1,Clear,84
2286,40.755251 -73.975632,720,Thursday,7037,Professional & Other Places,-999,-999.0,Clouds,84
2286,40.7531545627098 -73.9736048532768,840,Thursday,9177,Professional & Other Places,-999,-999.0,Clouds,84
2286,40.7883470162347 -73.9734613675622,840,Thursday,11201,Residence,-999,-999.0,Clouds,84
2286,40.7888004673973 -73.9742878438115,960,Thursday,33351,Food,2,-999.0,Clouds,84
2286,40.7531545627098 -73.9736048532768,660,Friday,9177,Professional & Other Places,-999,-999.0,Clear,84
2286,40.7537124772213 -73.9737712965716,660,Friday,9504,Professional & Other Places,-999,-999.0,Clear,84
2286,40.7528084533503 -73.97370242350159,660,Friday,31513,Shop & Service,-999,7.1,Clear,84
2286,40.753245 -73.973397,780,Friday,8070,Professional & Other Places,-999,-999.0,Clear,84
2286,40.766002491121 -73.9108569954028,960,Friday,7273,Shop & Service,-999,-999.0,Clouds,84
2286,40.7662253023685 -73.91071557998659,960,Friday,4119,Residence,-999,-999.0,Clouds,84
2286,40.7537493049938 -73.973438409838,1140,Friday,15697,Food,4,7.9,Clouds,84
2286,40.7653964648909 -73.91374111175541,1140,Friday,30152,Food,1,7.6,Clouds,84
2286,40.765859640049705 -73.914577960968,1140,Friday,30403,Nightlife Spot,1,8.5,Clouds,84
2286,40.7583402973834 -73.9843085857532,1200,Friday,2466,Travel & Transport,-999,7.6,Clear,84
2286,40.765859640049705 -73.914577960968,1200,Friday,30403,Nightlife Spot,1,8.5,Clear,84
2286,40.766979 -73.912507,1080,Saturday,10026,Nightlife Spot,1,4.9,Clouds,84
2286,40.7662253023685 -73.91071557998659,1080,Saturday,4119,Residence,-999,-999.0,Clouds,84
2286,40.7665907222196 -73.912929588959,1200,Sunday,6846,Nightlife Spot,-999,-999.0,Clouds,84
2286,40.766002491121 -73.9108569954028,1200,Sunday,7273,Shop & Service,-999,-999.0,Clouds,84
2286,40.7658353689891 -73.912659751158,1200,Sunday,37735,Residence,-999,-999.0,Clouds,84
2286,40.766979 -73.912507,1200,Sunday,10026,Nightlife Spot,1,4.9,Clouds,84
2286,40.7662253023685 -73.91071557998659,1200,Sunday,4119,Residence,-999,-999.0,Clouds,84
2286,40.7662253023685 -73.91071557998659,1260,Sunday,4119,Residence,-999,-999.0,Clouds,84
2287,40.7668855209038 -73.9216294884682,300,Monday,18158,Food,1,5.2,Clouds,84
2287,40.766623650863295 -73.922121074395,300,Monday,22435,Residence,-999,-999.0,Clouds,84
2287,40.7666478429867 -73.920881152153,300,Monday,5792,Food,1,6.0,Clouds,84
2287,40.7666965975005 -73.92148733139041,300,Monday,14886,Travel & Transport,-999,-999.0,Clouds,84
2287,40.754455 -73.977488,360,Monday,30907,Shop & Service,-999,5.5,Clouds,84
2287,40.7536334625541 -73.9729218603183,360,Monday,29468,Professional & Other Places,-999,-999.0,Clouds,84
2287,40.7537124772213 -73.9737712965716,360,Monday,9504,Professional & Other Places,-999,-999.0,Clouds,84
2287,40.75304789203111 -73.97362781098121,420,Monday,31525,Professional & Other Places,-999,-999.0,Clouds,84
2287,40.7531259619306 -73.9737942542562,480,Monday,17086,Professional & Other Places,-999,-999.0,Clear,84
2287,40.753825 -73.973799,480,Monday,24908,Food,2,8.0,Clear,84
2287,40.7530716014474 -73.9734671069929,480,Monday,2169,Professional & Other Places,-999,-999.0,Clear,84
2287,40.7527410080238 -73.9733079722472,780,Monday,14176,Food,2,8.2,Clear,84
2287,40.752856755495 -73.9736737263818,780,Monday,1289,Professional & Other Places,-999,-999.0,Clear,84
2287,40.7531545627098 -73.9736048532768,840,Monday,9177,Professional & Other Places,-999,-999.0,Clear,84
2287,40.7668855209038 -73.9216294884682,300,Tuesday,18158,Food,1,5.2,Clouds,84
2287,40.7666965975005 -73.92148733139041,300,Tuesday,14886,Travel & Transport,-999,-999.0,Clouds,84
2287,40.7590398909385 -73.90658830179059,300,Tuesday,33945,Residence,-999,-999.0,Clouds,84
2287,40.7633745918334 -73.908887724026,300,Tuesday,16907,Food,1,7.5,Clouds,84
2287,40.7527410080238 -73.9733079722472,420,Tuesday,14176,Food,2,8.2,Clouds,84
2287,40.752856755495 -73.9736737263818,420,Tuesday,1289,Professional & Other Places,-999,-999.0,Clouds,84
2287,40.7523208277721 -73.97405826743159,540,Tuesday,29260,Professional & Other Places,-999,-999.0,Clouds,84
2287,40.7527513488484 -73.9729428291321,540,Tuesday,24763,Professional & Other Places,-999,-999.0,Clouds,84
2287,40.7531259619306 -73.9737942542562,540,Tuesday,17086,Professional & Other Places,-999,-999.0,Clouds,84
2287,40.7531259619306 -73.9737942542562,660,Tuesday,17086,Professional & Other Places,-999,-999.0,Clouds,84
2287,40.7531545627098 -73.9736048532768,720,Tuesday,9177,Professional & Other Places,-999,-999.0,Rain,84
2287,40.7528084533503 -73.97370242350159,720,Tuesday,31513,Shop & Service,-999,7.1,Rain,84
2287,40.7531259619306 -73.9737942542562,900,Tuesday,17086,Professional & Other Places,-999,-999.0,Rain,84
2287,40.752856755495 -73.9736737263818,900,Tuesday,1289,Professional & Other Places,-999,-999.0,Rain,84
2287,40.7528084533503 -73.97370242350159,900,Tuesday,31513,Shop & Service,-999,7.1,Rain,84
2287,40.76548388507821 -73.91382521812821,1020,Tuesday,918,Food,1,5.5,Rain,84
2287,40.7689158969068 -73.90658830179059,1200,Tuesday,5607,Residence,-999,-999.0,Rain,84
2287,40.76548388507821 -73.91382521812821,480,Wednesday,918,Food,1,5.5,Clouds,84
2287,40.7658110529264 -73.91377928852741,480,Wednesday,28253,Nightlife Spot,2,7.2,Clouds,84
2287,40.765859640049705 -73.914577960968,480,Wednesday,30403,Nightlife Spot,1,8.5,Clouds,84
2287,40.7666965975005 -73.92148733139041,480,Wednesday,14886,Travel & Transport,-999,-999.0,Clouds,84
2287,40.7528084533503 -73.97370242350159,660,Wednesday,31513,Shop & Service,-999,7.1,Clouds,84
2287,40.7537124772213 -73.9737712965716,720,Wednesday,9504,Professional & Other Places,-999,-999.0,Clouds,84
2287,40.753825 -73.973799,720,Wednesday,24908,Food,2,8.0,Clouds,84
2287,40.754455 -73.977488,720,Wednesday,30907,Shop & Service,-999,5.5,Clouds,84
2287,40.7544743468154 -73.9778566360474,720,Wednesday,31839,Shop & Service,-999,8.1,Clouds,84
2287,40.7662253023685 -73.91071557998659,1200,Wednesday,4119,Residence,-999,-999.0,Clouds,84
2287,40.7653046067916 -73.909278135094,1200,Wednesday,14316,Residence,-999,-999.0,Clouds,84
2287,40.7642414600712 -73.9105469656611,1200,Wednesday,10311,Residence,-999,-999.0,Clouds,84
2287,40.7647094201498 -73.9118617180259,1260,Wednesday,19763,Food,4,6.6,Clouds,84
2287,40.7658110529264 -73.91377928852741,1260,Wednesday,28253,Nightlife Spot,2,7.2,Clouds,84
2287,40.7689158969068 -73.90658830179059,1260,Wednesday,5607,Residence,-999,-999.0,Clouds,84
2287,40.7668855209038 -73.9216294884682,300,Thursday,18158,Food,1,5.2,Clouds,84
2287,40.7666478429867 -73.920881152153,300,Thursday,5792,Food,1,6.0,Clouds,84
2287,40.769771 -73.927716,300,Thursday,33314,Food,2,9.3,Clouds,84
2287,40.7705929544629 -73.91834636014221,300,Thursday,12721,Residence,-999,-999.0,Clouds,84
2287,40.7666965975005 -73.92148733139041,300,Thursday,14886,Travel & Transport,-999,-999.0,Clouds,84
2287,40.7668501517328 -73.9216043878006,300,Friday,30700,College & University,-999,-999.0,Clouds,84
2287,40.769771 -73.927716,300,Friday,33314,Food,2,9.3,Clouds,84
2287,40.7666965975005 -73.92148733139041,300,Friday,14886,Travel & Transport,-999,-999.0,Clouds,84
2287,40.7537124772213 -73.9737712965716,360,Friday,9504,Professional & Other Places,-999,-999.0,Clouds,84
2287,40.753825 -73.973799,360,Friday,24908,Food,2,8.0,Clouds,84
2287,40.7530716014474 -73.9734671069929,360,Friday,2169,Professional & Other Places,-999,-999.0,Clouds,84
2287,40.7678083915285 -73.9102541593408,900,Saturday,36277,Food,-999,-999.0,Clear,84
2287,40.7682787045544 -73.91067901542621,900,Saturday,8332,Food,1,-999.0,Clear,84
2287,40.7662253023685 -73.91071557998659,900,Saturday,4119,Residence,-999,-999.0,Clear,84
2287,40.7689158969068 -73.90658830179059,900,Saturday,5607,Residence,-999,-999.0,Clear,84
2287,40.76597224008 -73.90507543366341,1140,Saturday,771,Professional & Other Places,-999,-999.0,Clear,84
2287,40.768100637010605 -73.9105469656611,1140,Saturday,12579,Professional & Other Places,-999,-999.0,Clear,84
2287,40.7680670489786 -73.90994986995321,1140,Saturday,33896,Professional & Other Places,-999,-999.0,Clear,84
2287,40.7680503277328 -73.908767155744,1200,Saturday,29185,Food,1,-999.0,Clear,84
2287,40.7657732793541 -73.9189463006138,1320,Saturday,2156,Food,2,8.6,Clouds,84
2287,40.7636761665344 -73.924034,1320,Saturday,31966,Shop & Service,-999,7.6,Clouds,84
2287,40.7666965975005 -73.92148733139041,1320,Saturday,14886,Travel & Transport,-999,-999.0,Clouds,84
2287,40.765859640049705 -73.914577960968,1320,Saturday,30403,Nightlife Spot,1,8.5,Clouds,84
2287,40.7653046067916 -73.909278135094,660,Sunday,14316,Residence,-999,-999.0,Clouds,84
2287,40.7653046067916 -73.909278135094,840,Sunday,14316,Residence,-999,-999.0,Clouds,84
2287,40.7647094201498 -73.9118617180259,840,Sunday,19763,Food,4,6.6,Clouds,84
2287,40.7678083915285 -73.9102541593408,840,Sunday,36277,Food,-999,-999.0,Clouds,84
2287,40.7662253023685 -73.91071557998659,840,Sunday,4119,Residence,-999,-999.0,Clouds,84
2287,40.7689158969068 -73.90658830179059,900,Sunday,5607,Residence,-999,-999.0,Clouds,84
2287,40.76548388507821 -73.91382521812821,1020,Sunday,918,Food,1,5.5,Clear,84
2287,40.7673791569386 -73.9181184768677,1020,Sunday,29900,Food,2,8.8,Clear,84
2288,40.7590398909385 -73.90658830179059,300,Monday,33945,Residence,-999,-999.0,Clouds,84
2288,40.765859640049705 -73.914577960968,300,Monday,30403,Nightlife Spot,1,8.5,Clouds,84
2288,40.76548388507821 -73.91382521812821,300,Monday,918,Food,1,5.5,Clouds,84
2288,40.75304789203111 -73.97362781098121,420,Monday,31525,Professional & Other Places,-999,-999.0,Clouds,84
2288,40.7530716014474 -73.9734671069929,420,Monday,2169,Professional & Other Places,-999,-999.0,Clouds,84
2288,40.752856755495 -73.9736737263818,420,Monday,1289,Professional & Other Places,-999,-999.0,Clouds,84
2288,40.7537124772213 -73.9737712965716,660,Monday,9504,Professional & Other Places,-999,-999.0,Clouds,84
2288,40.7531259619306 -73.9737942542562,660,Monday,17086,Professional & Other Places,-999,-999.0,Clouds,84
2288,40.7523208277721 -73.97405826743159,660,Monday,29260,Professional & Other Places,-999,-999.0,Clouds,84
2288,40.7533844845354 -73.97450594111879,660,Monday,6095,Shop & Service,-999,8.9,Clouds,84
2288,40.752904673044206 -73.97297925477791,840,Monday,19404,Nightlife Spot,1,-999.0,Clouds,84
2288,40.7533202682091 -73.97426784038541,840,Monday,38130,Food,2,-999.0,Clouds,84
2288,40.7527410080238 -73.9733079722472,840,Monday,14176,Food,2,8.2,Clouds,84
2288,40.7666965975005 -73.92148733139041,900,Monday,14886,Travel & Transport,-999,-999.0,Clear,84
2288,40.76597224008 -73.90507543366341,900,Monday,771,Professional & Other Places,-999,-999.0,Clear,84
2288,40.7662253023685 -73.91071557998659,900,Monday,4119,Residence,-999,-999.0,Clear,84
2288,40.7689158969068 -73.90658830179059,900,Monday,5607,Residence,-999,-999.0,Clear,84
2288,40.7636761665344 -73.924034,300,Tuesday,31966,Shop & Service,-999,7.6,Clouds,84
2288,40.766979 -73.912507,300,Tuesday,10026,Nightlife Spot,1,4.9,Clouds,84
2288,40.762251288575 -73.91852146257641,300,Tuesday,2990,Shop & Service,-999,-999.0,Clouds,84
2288,40.7673791569386 -73.9181184768677,300,Tuesday,29900,Food,2,8.8,Clouds,84
2288,40.7668501517328 -73.9216043878006,300,Tuesday,30700,College & University,-999,-999.0,Clouds,84
2288,40.7666965975005 -73.92148733139041,300,Tuesday,14886,Travel & Transport,-999,-999.0,Clouds,84
2288,40.7622740819846 -73.9252670920063,300,Tuesday,33102,Nightlife Spot,1,7.4,Clouds,84
2288,40.7537124772213 -73.9737712965716,360,Tuesday,9504,Professional & Other Places,-999,-999.0,Clouds,84
2288,40.7537124772213 -73.9737712965716,1020,Wednesday,9504,Professional & Other Places,-999,-999.0,Clear,84
2288,40.7532289124202 -73.9731514380538,1020,Wednesday,24010,Professional & Other Places,-999,-999.0,Clear,84
2288,40.7530716014474 -73.9734671069929,1020,Wednesday,2169,Professional & Other Places,-999,-999.0,Clear,84
2288,40.7531545627098 -73.9736048532768,1020,Wednesday,9177,Professional & Other Places,-999,-999.0,Clear,84
2288,40.7482350821576 -73.9396703790993,1140,Wednesday,31476,Food,1,-999.0,Clouds,84
2288,40.766002491121 -73.9108569954028,1200,Wednesday,7273,Shop & Service,-999,-999.0,Clear,84
2288,40.7689158969068 -73.90658830179059,1200,Wednesday,5607,Residence,-999,-999.0,Clear,84
2288,40.764574 -73.910472,1260,Wednesday,2681,Residence,-999,-999.0,Clear,84
2288,40.76548388507821 -73.91382521812821,300,Thursday,918,Food,1,5.5,Clear,84
2288,40.7658110529264 -73.91377928852741,300,Thursday,28253,Nightlife Spot,2,7.2,Clear,84
2288,40.7653964648909 -73.91374111175541,300,Thursday,30152,Food,1,7.6,Clear,84
2288,40.765859640049705 -73.914577960968,300,Thursday,30403,Nightlife Spot,1,8.5,Clear,84
2288,40.7666965975005 -73.92148733139041,300,Thursday,14886,Travel & Transport,-999,-999.0,Clear,84
2288,40.749733161891896 -73.9379654623243,300,Thursday,30281,Professional & Other Places,-999,-999.0,Clear,84
2288,40.753825 -73.973799,360,Thursday,24908,Food,2,8.0,Clear,84
2288,40.7537124772213 -73.9737712965716,360,Thursday,9504,Professional & Other Places,-999,-999.0,Clear,84
2288,40.6394869711505 -73.979773606503,540,Thursday,2980,Food,1,6.6,Clear,84
2288,40.639489815065495 -73.9797688985306,540,Thursday,3588,Nightlife Spot,3,-999.0,Clear,84
2288,40.639413333333295 -73.9798741333333,540,Thursday,24897,Residence,-999,-999.0,Clear,84
2288,40.752856755495 -73.9736737263818,540,Thursday,1289,Professional & Other Places,-999,-999.0,Clear,84
2289,40.7528084533503 -73.97370242350159,600,Tuesday,31513,Shop & Service,-999,7.1,Clouds,84
2289,40.7527522528278 -73.9735876349967,600,Tuesday,3916,Professional & Other Places,-999,-999.0,Clouds,84
2289,40.7527410080238 -73.9733079722472,600,Tuesday,14176,Food,2,8.2,Clouds,84
2289,40.7523208277721 -73.97405826743159,600,Tuesday,29260,Professional & Other Places,-999,-999.0,Clouds,84
2289,40.7531545627098 -73.9736048532768,600,Tuesday,9177,Professional & Other Places,-999,-999.0,Clouds,84
2289,40.7530716014474 -73.9734671069929,660,Tuesday,2169,Professional & Other Places,-999,-999.0,Clouds,84
2289,40.7531814807591 -73.97310552252858,660,Tuesday,11385,Travel & Transport,-999,8.3,Clouds,84
2289,40.752833 -73.973216,900,Tuesday,14823,Food,2,-999.0,Clouds,84
2289,40.7533827198828 -73.97444280771309,900,Tuesday,15130,Food,1,8.8,Clouds,84
2289,40.7527410080238 -73.9733079722472,900,Tuesday,14176,Food,2,8.2,Clouds,84
2289,40.7531545627098 -73.9736048532768,900,Tuesday,9177,Professional & Other Places,-999,-999.0,Clouds,84
2289,40.751166476388704 -73.94064903259279,1080,Tuesday,1722,Nightlife Spot,3,-999.0,Clouds,84
2289,40.765859640049705 -73.914577960968,1140,Tuesday,30403,Nightlife Spot,1,8.5,Clouds,84
2289,40.6394869711505 -73.979773606503,300,Wednesday,21468,Shop & Service,-999,-999.0,Clear,84
2289,40.7668855209038 -73.9216294884682,300,Wednesday,18158,Food,1,5.2,Clear,84
2289,40.76705894100101 -73.9219832914375,300,Wednesday,1151,Shop & Service,-999,5.7,Clear,84
2289,40.7670890399928 -73.92131733909909,300,Wednesday,20624,Travel & Transport,-999,5.1,Clear,84
2289,40.7666478429867 -73.920881152153,300,Wednesday,5792,Food,1,6.0,Clear,84
2289,40.7666965975005 -73.92148733139041,300,Wednesday,14886,Travel & Transport,-999,-999.0,Clear,84
2289,40.75304789203111 -73.97362781098121,720,Wednesday,31525,Professional & Other Places,-999,-999.0,Clear,84
2289,40.7530716014474 -73.9734671069929,720,Wednesday,2169,Professional & Other Places,-999,-999.0,Clear,84
2289,40.7525451616761 -73.9733580577815,720,Wednesday,16180,Nightlife Spot,2,-999.0,Clear,84
2289,40.752446567826205 -73.97324326907129,720,Wednesday,3971,Professional & Other Places,-999,-999.0,Clear,84
2289,40.63942645 -73.9797699,1020,Saturday,31869,Food,1,-999.0,Clear,84
2289,40.7670557498932 -73.91701844,1020,Saturday,18759,Nightlife Spot,2,-999.0,Clear,84
2289,40.7678608809452 -73.91617909565251,1020,Saturday,37805,Residence,-999,-999.0,Clear,84
2289,40.7679182068414 -73.91597241486392,1140,Saturday,14790,Residence,-999,-999.0,Clear,84
2289,40.7673791569386 -73.9181184768677,1140,Saturday,29900,Food,2,8.8,Clear,84
2289,40.7677599703159 -73.91594,1140,Saturday,29755,Residence,-999,-999.0,Clear,84
2289,40.765114 -73.9137126666667,1320,Saturday,24428,Food,1,-999.0,Clear,84
2289,40.766979 -73.912507,1320,Saturday,10026,Nightlife Spot,1,4.9,Clear,84
2289,40.765859640049705 -73.914577960968,1320,Saturday,30403,Nightlife Spot,1,8.5,Clear,84
2289,40.63942645 -73.9797699,0,Sunday,31869,Food,1,-999.0,Clear,84
2289,40.7668855209038 -73.9216294884682,0,Sunday,18158,Food,1,5.2,Clear,84
2289,40.7658110529264 -73.91377928852741,0,Sunday,28253,Nightlife Spot,2,7.2,Clear,84
2293,40.7679111984321 -73.9160585318858,1260,Tuesday,3576,Professional & Other Places,-999,-999.0,Clouds,84
2293,40.7678608809452 -73.91617909565251,1260,Tuesday,37805,Residence,-999,-999.0,Clouds,84
2293,40.7680121025554 -73.9159207446324,540,Wednesday,24375,Nightlife Spot,1,-999.0,Clouds,84
2293,40.7680188317024 -73.91603556735029,540,Wednesday,20449,Shop & Service,-999,-999.0,Clouds,84
2293,40.748909334047 -73.9650701370298,1260,Wednesday,1092,Outdoors & Recreation,-999,-999.0,Clouds,84
2293,40.7913866188834 -74.102359900178,1260,Wednesday,28186,Arts & Entertainment,-999,-999.0,Clouds,84
2293,40.7680188317024 -73.91603556735029,1260,Wednesday,20449,Shop & Service,-999,-999.0,Clouds,84
2293,40.7680121025554 -73.9159207446324,1260,Wednesday,24375,Nightlife Spot,1,-999.0,Clouds,84
2293,40.7666965975005 -73.92148733139041,540,Friday,14886,Travel & Transport,-999,-999.0,Clouds,84
2293,40.752856755495 -73.9736737263818,600,Friday,1289,Professional & Other Places,-999,-999.0,Clouds,84
2293,40.7530716014474 -73.9734671069929,600,Friday,2169,Professional & Other Places,-999,-999.0,Clouds,84
2294,40.7671313476379 -73.9167819133651,360,Monday,6331,Shop & Service,-999,7.0,Clouds,84
2294,40.75047562272479 -73.9402842521667,360,Monday,34523,Travel & Transport,-999,-999.0,Clouds,84
2294,40.7527410080238 -73.9733079722472,780,Monday,14176,Food,2,8.2,Clouds,84
2294,40.7530716014474 -73.9734671069929,780,Monday,2169,Professional & Other Places,-999,-999.0,Clouds,84
2294,40.752856755495 -73.9736737263818,780,Monday,1289,Professional & Other Places,-999,-999.0,Clouds,84
2294,40.754493 -73.977215,780,Monday,36693,Nightlife Spot,3,4.9,Clouds,84
2294,40.7527522528278 -73.9735876349967,840,Monday,3916,Professional & Other Places,-999,-999.0,Clear,84
2294,40.7527410080238 -73.9733079722472,900,Monday,14176,Food,2,8.2,Clear,84
2294,40.7531545627098 -73.9736048532768,900,Monday,9177,Professional & Other Places,-999,-999.0,Clear,84
2294,40.7657414 -73.9145084,1080,Monday,35609,Professional & Other Places,-999,-999.0,Clear,84
2294,40.765859640049705 -73.914577960968,1080,Monday,30403,Nightlife Spot,1,8.5,Clear,84
2294,40.675787951621 -73.9958151502776,1140,Monday,33519,Nightlife Spot,-999,-999.0,Clouds,84
2294,40.75940865 -73.92713232,1200,Monday,26819,Residence,-999,-999.0,Clear,84
2294,40.7679469595098 -73.91590352121891,1020,Tuesday,732,Shop & Service,-999,-999.0,Clear,84
2294,40.7678608809452 -73.91617909565251,1020,Tuesday,37805,Residence,-999,-999.0,Clear,84
2294,40.7671313476379 -73.9167819133651,1080,Tuesday,6331,Shop & Service,-999,7.0,Clear,84
2294,40.867625 -73.924302,300,Wednesday,7048,Residence,-999,-999.0,Clouds,84
2294,40.756334 -73.9290672540665,300,Wednesday,14511,Food,2,8.3,Clouds,84
2294,40.75626231636271 -73.9299631118774,300,Wednesday,28239,Food,1,6.0,Clouds,84
2294,40.7526700742566 -73.9329886436462,300,Wednesday,5197,Food,1,-999.0,Clouds,84
2294,40.75304789203111 -73.97362781098121,480,Wednesday,31525,Professional & Other Places,-999,-999.0,Clouds,84
2294,40.7532067598819 -73.9733351000449,480,Wednesday,17959,Nightlife Spot,3,6.6,Clouds,84
2294,40.753245 -73.973397,600,Wednesday,8070,Professional & Other Places,-999,-999.0,Clouds,84
2294,40.75151179620671 -73.97409844331791,720,Wednesday,33612,Food,2,6.9,Rain,84
2294,40.7515914313463 -73.9741214009634,720,Wednesday,1058,Food,2,6.7,Rain,84
2294,40.751656 -73.974075,720,Wednesday,7,Food,2,8.4,Rain,84
2294,40.7528084533503 -73.97370242350159,720,Wednesday,31513,Shop & Service,-999,7.1,Rain,84
2294,40.67355771009871 -74.000632781076,480,Thursday,8080,Residence,-999,-999.0,Fog,84
2294,40.7668501517328 -73.9216043878006,360,Friday,30700,College & University,-999,-999.0,Clear,84
2294,40.766745814658 -73.920972,360,Friday,35587,Shop & Service,-999,5.4,Clear,84
2294,40.7705929544629 -73.91834636014221,360,Friday,12721,Residence,-999,-999.0,Clear,84
2294,40.7666965975005 -73.92148733139041,360,Friday,14886,Travel & Transport,-999,-999.0,Clear,84
2294,40.752856755495 -73.9736737263818,420,Friday,1289,Professional & Other Places,-999,-999.0,Clear,84
2294,40.7526123576011 -73.973570416715,420,Friday,5424,Shop & Service,-999,-999.0,Clear,84
2294,40.7527410080238 -73.9733079722472,720,Friday,14176,Food,2,8.2,Clear,84
2294,40.7533827198828 -73.97444280771309,720,Friday,15130,Food,1,8.8,Clear,84
2294,40.7567336821428 -73.9544570446014,960,Friday,2729,Outdoors & Recreation,-999,-999.0,Clouds,84
2294,40.7495010170221 -73.93623756840071,960,Friday,2460,Shop & Service,-999,-999.0,Clouds,84
2294,40.75626231636271 -73.9299631118774,960,Friday,28239,Food,1,6.0,Clouds,84
2294,40.7659815277128 -73.91447067260741,1020,Friday,17943,Shop & Service,-999,7.4,Clouds,84
2294,40.7658110529264 -73.91377928852741,1020,Friday,28253,Nightlife Spot,2,7.2,Clouds,84
2294,40.7679469595098 -73.91590352121891,900,Saturday,732,Shop & Service,-999,-999.0,Clouds,84
2294,40.767898369486 -73.9160700141525,900,Saturday,952,Residence,-999,-999.0,Clouds,84
2294,40.7678608809452 -73.91617909565251,900,Saturday,37805,Residence,-999,-999.0,Clouds,84
2294,40.76548388507821 -73.91382521812821,1080,Saturday,918,Food,1,5.5,Clouds,84
2294,40.7658353689891 -73.912659751158,1080,Saturday,37735,Residence,-999,-999.0,Clouds,84
2294,40.7671313476379 -73.9167819133651,1200,Saturday,6331,Shop & Service,-999,7.0,Clouds,84
2294,40.76211109985661 -73.9253015371726,300,Sunday,33340,Food,1,7.9,Clouds,84
2294,40.756334 -73.9290672540665,300,Sunday,14511,Food,2,8.3,Clouds,84
2294,40.7567336821428 -73.9299631118774,300,Sunday,27849,Shop & Service,-999,5.2,Clouds,84
2294,40.7526700742566 -73.9329886436462,300,Sunday,5197,Food,1,-999.0,Clouds,84
2294,40.75047562272479 -73.9402842521667,360,Sunday,34523,Travel & Transport,-999,-999.0,Clouds,84
2294,40.7531545627098 -73.9736048532768,480,Sunday,9177,Professional & Other Places,-999,-999.0,Fog,84
2294,40.75304789203111 -73.97362781098121,480,Sunday,31525,Professional & Other Places,-999,-999.0,Fog,84
2294,40.752856755495 -73.9736737263818,540,Sunday,1289,Professional & Other Places,-999,-999.0,Fog,84
2294,40.7528084533503 -73.97370242350159,600,Sunday,31513,Shop & Service,-999,7.1,Clouds,84
2294,40.7527410080238 -73.9733079722472,660,Sunday,14176,Food,2,8.2,Clear,84
2294,40.753825 -73.973799,660,Sunday,24908,Food,2,8.0,Clear,84
2294,40.75047562272479 -73.9402842521667,780,Sunday,34523,Travel & Transport,-999,-999.0,Clear,84
2296,40.7679469595098 -73.91590352121891,660,Monday,732,Shop & Service,-999,-999.0,Clouds,84
2296,40.7680121025554 -73.9159207446324,660,Monday,24375,Nightlife Spot,1,-999.0,Clouds,84
2296,40.7678608809452 -73.91617909565251,660,Monday,37805,Residence,-999,-999.0,Clouds,84
2296,40.7666965975005 -73.92148733139041,720,Monday,14886,Travel & Transport,-999,-999.0,Clouds,84
2296,40.7528084533503 -73.97370242350159,900,Monday,31513,Shop & Service,-999,7.1,Clouds,84
2296,40.7527522528278 -73.9735876349967,1020,Monday,3916,Professional & Other Places,-999,-999.0,Clear,84
2296,40.7532965067149 -73.9739377397225,1020,Monday,36792,Food,1,-999.0,Clear,84
2296,40.7522887787384 -73.97421323151809,1080,Monday,3092,Food,1,7.8,Clouds,84
2296,40.752153765783504 -73.974018091537,1080,Monday,32684,Professional & Other Places,-999,-999.0,Clouds,84
2296,40.7632186857876 -73.92412662506099,720,Tuesday,21684,Residence,-999,-999.0,Clear,84
2296,40.7531545627098 -73.9736048532768,720,Tuesday,9177,Professional & Other Places,-999,-999.0,Clear,84
2296,40.7530716014474 -73.9734671069929,780,Tuesday,2169,Professional & Other Places,-999,-999.0,Clear,84
2296,40.75304789203111 -73.97362781098121,900,Tuesday,31525,Professional & Other Places,-999,-999.0,Clear,84
2296,40.752856755495 -73.9736737263818,900,Tuesday,1289,Professional & Other Places,-999,-999.0,Clear,84
2296,40.756334 -73.9290672540665,1140,Tuesday,14511,Food,2,8.3,Clear,84
2296,40.7680188317024 -73.91603556735029,1320,Tuesday,20449,Shop & Service,-999,-999.0,Clear,84
2296,40.7680121025554 -73.9159207446324,1320,Tuesday,24375,Nightlife Spot,1,-999.0,Clear,84
2296,40.7678608809452 -73.91617909565251,1320,Tuesday,37805,Residence,-999,-999.0,Clear,84
2296,40.7679469595098 -73.91590352121891,540,Wednesday,732,Shop & Service,-999,-999.0,Clear,84
2296,40.7680188317024 -73.91603556735029,540,Wednesday,20449,Shop & Service,-999,-999.0,Clear,84
2296,40.767464683884 -73.91492752529409,600,Wednesday,5581,Shop & Service,-999,6.5,Clear,84
2296,40.7673791569386 -73.9181184768677,1080,Wednesday,29900,Food,2,8.8,Clear,84
2296,40.7676322407311 -73.91751103324529,1200,Wednesday,36999,Food,2,7.0,Clear,84
2296,40.7678608809452 -73.91617909565251,780,Thursday,37805,Residence,-999,-999.0,Clear,84
2298,40.7679469595098 -73.91590352121891,1080,Monday,732,Shop & Service,-999,-999.0,Clouds,84
2298,40.7631522069293 -73.9273682359712,1140,Monday,23688,Food,2,8.4,Clouds,84
2298,40.767464683884 -73.91492752529409,1260,Monday,5581,Shop & Service,-999,6.5,Clouds,84
2298,40.7679182068414 -73.91597241486392,1260,Monday,14790,Residence,-999,-999.0,Clouds,84
2298,40.7531545627098 -73.9736048532768,420,Tuesday,9177,Professional & Other Places,-999,-999.0,Rain,84
2298,40.7532067598819 -73.9733351000449,480,Tuesday,17959,Nightlife Spot,3,6.6,Unknown,84
2298,40.75304789203111 -73.97362781098121,480,Tuesday,31525,Professional & Other Places,-999,-999.0,Unknown,84
2298,40.7495010170221 -73.93623756840071,1080,Tuesday,2460,Shop & Service,-999,-999.0,Clouds,84
2298,40.7521011493324 -73.9355850219727,1080,Tuesday,21269,Travel & Transport,-999,6.3,Clouds,84
2298,40.7633994929258 -73.92409712076191,1080,Tuesday,18872,Residence,-999,-999.0,Clouds,84
2298,40.7658110529264 -73.91377928852741,1200,Tuesday,28253,Nightlife Spot,2,7.2,Clouds,84
2298,40.7680188317024 -73.91603556735029,780,Wednesday,20449,Shop & Service,-999,-999.0,Clear,84
2298,40.752856755495 -73.9736737263818,780,Wednesday,1289,Professional & Other Places,-999,-999.0,Clear,84
2298,40.7526501362743 -73.9735646772875,780,Wednesday,31513,Shop & Service,-999,7.1,Clear,84
2298,40.7673791569386 -73.9181184768677,420,Thursday,29900,Food,2,8.8,Clear,84
2298,40.7680188317024 -73.91603556735029,420,Friday,20449,Shop & Service,-999,-999.0,Clear,84
2298,40.75304789203111 -73.97362781098121,540,Friday,31525,Professional & Other Places,-999,-999.0,Clear,84
2298,40.7512243304106 -73.9777773710601,960,Friday,8739,Professional & Other Places,-999,-999.0,Clear,84
2298,40.7526123576011 -73.973570416715,960,Friday,5424,Shop & Service,-999,-999.0,Clear,84
2298,40.7603468877488 -73.9872182909313,0,Saturday,7166,Nightlife Spot,2,7.1,Clear,84
2298,40.7679469595098 -73.91590352121891,1080,Saturday,732,Shop & Service,-999,-999.0,Clear,84
2298,40.7680188317024 -73.91603556735029,1080,Saturday,20449,Shop & Service,-999,-999.0,Clear,84
2298,40.7644265404343 -73.91609871981629,1200,Saturday,1052,Food,2,-999.0,Clear,84
2298,40.7679111984321 -73.9160585318858,1200,Saturday,3576,Professional & Other Places,-999,-999.0,Clear,84
2298,40.7677599703159 -73.91594,1200,Saturday,29755,Residence,-999,-999.0,Clear,84
2298,40.767949 -73.916121,1320,Saturday,36165,Residence,-999,-999.0,Clouds,84
2298,40.7680188317024 -73.91603556735029,1080,Sunday,20449,Shop & Service,-999,-999.0,Rain,84
2298,40.7659815277128 -73.91447067260741,1140,Sunday,17943,Shop & Service,-999,7.4,Rain,84
2299,40.766745814658 -73.920972,420,Monday,35587,Shop & Service,-999,5.4,Clouds,84
2299,40.7667035837801 -73.9213804898498,420,Monday,17470,Shop & Service,-999,7.4,Clouds,84
2299,40.7532067598819 -73.9733351000449,540,Monday,17959,Nightlife Spot,3,6.6,Clouds,84
2299,40.7530716014474 -73.9734671069929,540,Monday,2169,Professional & Other Places,-999,-999.0,Clouds,84
2299,40.7526501362743 -73.9735646772875,660,Monday,31513,Shop & Service,-999,7.1,Clouds,84
2299,40.7635559211765 -73.9728677272797,660,Monday,33030,Shop & Service,-999,-999.0,Clouds,84
2299,40.7527522528278 -73.9735876349967,720,Monday,3916,Professional & Other Places,-999,-999.0,Clouds,84
2299,40.7531545627098 -73.9736048532768,1020,Monday,9177,Professional & Other Places,-999,-999.0,Clouds,84
2299,40.747204632961 -73.94838416371,1080,Monday,8892,Outdoors & Recreation,-999,8.6,Clouds,84
2299,40.7464604017054 -73.9454340934753,1080,Monday,11358,Food,1,6.7,Clouds,84
2299,40.7574139794348 -73.9854162301995,1080,Monday,24431,Food,1,-999.0,Clouds,84
2299,40.765859640049705 -73.914577960968,1080,Monday,30403,Nightlife Spot,1,8.5,Clouds,84
2299,40.7679469595098 -73.91590352121891,540,Tuesday,732,Shop & Service,-999,-999.0,Clouds,84
2299,40.7677599703159 -73.91594,540,Tuesday,29755,Residence,-999,-999.0,Clouds,84
2299,40.7680188317024 -73.91603556735029,540,Tuesday,20449,Shop & Service,-999,-999.0,Clouds,84
2299,40.7678608809452 -73.91617909565251,540,Tuesday,37805,Residence,-999,-999.0,Clouds,84
2299,40.7666965975005 -73.92148733139041,600,Tuesday,14886,Travel & Transport,-999,-999.0,Clouds,84
2299,40.7641779299678 -73.92384909402429,600,Tuesday,22307,Nightlife Spot,3,6.1,Clouds,84
2299,40.7619 -73.925058,600,Tuesday,27582,Food,1,7.9,Clouds,84
2299,40.7527513488484 -73.9729428291321,780,Tuesday,24763,Professional & Other Places,-999,-999.0,Clouds,84
2299,40.7531545627098 -73.9736048532768,780,Tuesday,9177,Professional & Other Places,-999,-999.0,Clouds,84
2299,40.7532067598819 -73.9733351000449,780,Tuesday,17959,Nightlife Spot,3,6.6,Clouds,84
2299,40.7530716014474 -73.9734671069929,780,Tuesday,2169,Professional & Other Places,-999,-999.0,Clouds,84
2299,40.75304789203111 -73.97362781098121,1140,Tuesday,31525,Professional & Other Places,-999,-999.0,Clouds,84
2299,40.752856755495 -73.9736737263818,1140,Tuesday,1289,Professional & Other Places,-999,-999.0,Clouds,84
2299,40.7527410080238 -73.9733079722472,1140,Tuesday,14176,Food,2,8.2,Clouds,84
2299,40.7532965067149 -73.9739377397225,1140,Tuesday,36792,Food,1,-999.0,Clouds,84
2299,40.7455192407394 -73.94743129201241,1200,Tuesday,34761,Arts & Entertainment,-999,9.2,Clouds,84
2299,40.747354500242295 -73.9445543289185,1200,Tuesday,17376,Food,1,6.1,Clouds,84
2299,40.7680188317024 -73.91603556735029,0,Wednesday,20449,Shop & Service,-999,-999.0,Clear,84
2299,40.7678608809452 -73.91617909565251,0,Wednesday,37805,Residence,-999,-999.0,Clear,84
2299,40.7666965975005 -73.92148733139041,540,Wednesday,14886,Travel & Transport,-999,-999.0,Clouds,84
2299,40.7527522528278 -73.9735876349967,780,Wednesday,3916,Professional & Other Places,-999,-999.0,Clouds,84
2299,40.7526501362743 -73.9735646772875,780,Wednesday,31513,Shop & Service,-999,7.1,Clouds,84
2299,40.7530716014474 -73.9734671069929,1020,Wednesday,2169,Professional & Other Places,-999,-999.0,Clear,84
2299,40.754718 -73.930782,1200,Wednesday,26958,Professional & Other Places,-999,-999.0,Clear,84
2299,40.7635437319754 -73.98240566253659,1140,Thursday,37114,Professional & Other Places,-999,-999.0,Clouds,84
2299,40.763373 -73.981685,1140,Thursday,28963,Nightlife Spot,2,7.3,Clouds,84
2299,40.763146329603 -73.98220806112809,1140,Thursday,4249,Professional & Other Places,-999,-999.0,Clouds,84
2299,40.761904771950704 -73.9247488975525,540,Friday,230,Outdoors & Recreation,-999,8.6,Rain,84
2299,40.760776 -73.92949,540,Friday,11756,Professional & Other Places,-999,-999.0,Rain,84
2299,40.75940865 -73.92713232,540,Friday,26819,Residence,-999,-999.0,Rain,84
2299,40.754493 -73.977215,720,Friday,36693,Nightlife Spot,3,4.9,Clouds,84
2299,40.7539556917551 -73.9750224863867,780,Friday,14734,Professional & Other Places,-999,-999.0,Clouds,84
2299,40.7531545627098 -73.9736048532768,1020,Friday,9177,Professional & Other Places,-999,-999.0,Clouds,84
2299,40.75304789203111 -73.97362781098121,1020,Friday,31525,Professional & Other Places,-999,-999.0,Clouds,84
2299,40.75839932694621 -73.98532455097,1080,Friday,31625,Shop & Service,-999,8.9,Clouds,84
2299,40.758328 -73.985457,1080,Friday,4905,Travel & Transport,-999,8.4,Clouds,84
2299,40.75835785550571 -73.98424545556641,1080,Friday,30165,Food,2,8.2,Clouds,84
2299,40.7659815277128 -73.91447067260741,1320,Friday,17943,Shop & Service,-999,7.4,Clouds,84
2299,40.7680188317024 -73.91603556735029,660,Saturday,20449,Shop & Service,-999,-999.0,Clouds,84
2299,40.7679469595098 -73.91590352121891,660,Saturday,732,Shop & Service,-999,-999.0,Clouds,84
2299,40.7680121025554 -73.9159207446324,660,Saturday,24375,Nightlife Spot,1,-999.0,Clouds,84
2299,40.7678608809452 -73.91617909565251,1020,Saturday,37805,Residence,-999,-999.0,Clouds,84
2299,40.7679182068414 -73.91597241486392,1140,Saturday,14790,Residence,-999,-999.0,Clouds,84
2299,40.7679729769926 -73.916018343947,1140,Saturday,25657,Residence,-999,-999.0,Clouds,84
2299,40.767898369486 -73.9160700141525,1380,Saturday,952,Residence,-999,-999.0,Clear,84
2299,40.7680121025554 -73.9159207446324,1380,Saturday,24375,Nightlife Spot,1,-999.0,Clear,84
2299,40.7678608809452 -73.91617909565251,1380,Saturday,37805,Residence,-999,-999.0,Clear,84
2301,40.7680188317024 -73.91603556735029,900,Monday,20449,Shop & Service,-999,-999.0,Clear,84
2301,40.7659815277128 -73.91447067260741,1320,Monday,17943,Shop & Service,-999,7.4,Clouds,84
2301,40.7658110529264 -73.91377928852741,1320,Monday,28253,Nightlife Spot,2,7.2,Clouds,84
2301,40.7679469595098 -73.91590352121891,1020,Tuesday,732,Shop & Service,-999,-999.0,Clear,84
2301,40.7680188317024 -73.91603556735029,1020,Tuesday,20449,Shop & Service,-999,-999.0,Clear,84
2301,40.7680121025554 -73.9159207446324,1020,Tuesday,24375,Nightlife Spot,1,-999.0,Clear,84
2301,40.7527410080238 -73.9733079722472,840,Wednesday,14176,Food,2,8.2,Clear,84
2301,40.7500814265357 -73.9414376020432,840,Wednesday,35077,Travel & Transport,-999,6.0,Clear,84
2301,40.7680188317024 -73.91603556735029,1200,Wednesday,20449,Shop & Service,-999,-999.0,Clear,84
2301,40.7678608809452 -73.91617909565251,1200,Wednesday,37805,Residence,-999,-999.0,Clear,84
2301,40.7680188317024 -73.91603556735029,600,Thursday,20449,Shop & Service,-999,-999.0,Clear,84
2301,40.7679469595098 -73.91590352121891,600,Thursday,732,Shop & Service,-999,-999.0,Clear,84
2301,40.7666965975005 -73.92148733139041,660,Thursday,14886,Travel & Transport,-999,-999.0,Clear,84
2301,40.752856755495 -73.9736737263818,900,Thursday,1289,Professional & Other Places,-999,-999.0,Clear,84
2301,40.8518329337991 -73.93359690341109,900,Thursday,5285,College & University,-999,-999.0,Clear,84
2301,40.7526501362743 -73.9735646772875,900,Thursday,31513,Shop & Service,-999,7.1,Clear,84
2301,40.7526123576011 -73.973570416715,960,Thursday,5424,Shop & Service,-999,-999.0,Clear,84
2301,40.7680121025554 -73.9159207446324,0,Friday,24375,Nightlife Spot,1,-999.0,Clouds,84
2301,40.7679729769926 -73.916018343947,660,Friday,25657,Residence,-999,-999.0,Clouds,84
2301,40.7532067598819 -73.9733351000449,720,Friday,17959,Nightlife Spot,3,6.6,Clouds,84
2301,40.7531297078039 -73.973438409838,780,Friday,11385,Travel & Transport,-999,8.3,Clouds,84
2301,40.75304789203111 -73.97362781098121,840,Friday,31525,Professional & Other Places,-999,-999.0,Clouds,84
2301,40.7530716014474 -73.9734671069929,1020,Friday,2169,Professional & Other Places,-999,-999.0,Clear,84
2301,40.7525451616761 -73.9733580577815,1020,Friday,16180,Nightlife Spot,2,-999.0,Clear,84
2301,40.7611653812958 -73.9734039732465,1140,Friday,36868,Food,1,-999.0,Clear,84
2301,40.76236711222271 -73.9736565081078,1140,Friday,9242,Professional & Other Places,-999,-999.0,Clear,84
2301,40.639413333333295 -73.9798741333333,600,Saturday,14980,Outdoors & Recreation,-999,-999.0,Clear,84
2301,40.6431862718884 -73.9785980894904,600,Saturday,2109,Food,1,6.7,Clear,84
2301,40.64013066126829 -73.97944750068051,600,Saturday,20721,Nightlife Spot,1,6.6,Clear,84
2301,40.6398659961922 -73.97921793045859,780,Saturday,20021,Arts & Entertainment,-999,5.7,Clouds,84
2301,40.6394869711505 -73.979773606503,780,Saturday,2980,Food,1,6.6,Clear,84
2301,40.6394869711505 -73.979773606503,900,Saturday,2980,Food,1,6.6,Clear,84
2301,40.7532137126341 -73.93248896152079,1080,Saturday,23717,Outdoors & Recreation,-999,-999.0,Clear,84
2301,40.765859640049705 -73.914577960968,1140,Saturday,30403,Nightlife Spot,1,8.5,Clear,84
2301,40.7712882757187 -73.9132636785507,1380,Saturday,8760,Residence,-999,-999.0,Clear,84
2301,40.7677599703159 -73.91594,1380,Saturday,29755,Residence,-999,-999.0,Clear,84
2301,40.7671313476379 -73.9167819133651,1380,Saturday,6331,Shop & Service,-999,7.0,Clear,84
2301,40.7680188317024 -73.91603556735029,180,Sunday,20449,Shop & Service,-999,-999.0,Clouds,84
2301,40.7679469595098 -73.91590352121891,180,Sunday,732,Shop & Service,-999,-999.0,Clouds,84
2301,40.7678608809452 -73.91617909565251,180,Sunday,37805,Residence,-999,-999.0,Clouds,84
2277,40.7532399164642 -73.97408696449409,960,Tuesday,36792,Food,1,-999.0,Clear,84
2277,40.7527518611088 -73.97305386754971,1020,Tuesday,3479,Nightlife Spot,2,6.7,Clear,84
2277,40.7527410080238 -73.9733079722472,1200,Tuesday,14176,Food,2,8.2,Clear,84
2277,40.752260543059 -73.97526927974741,1200,Tuesday,5541,Shop & Service,-999,6.3,Clouds,84
2277,40.7516329998705 -73.9758854995058,1200,Tuesday,2075,Travel & Transport,-999,-999.0,Clouds,84
2277,40.6728267553209 -73.99085998535149,1260,Tuesday,2057,Travel & Transport,-999,-999.0,Clouds,84
2277,40.675787951621 -73.9958151502776,360,Wednesday,33519,Nightlife Spot,-999,-999.0,Clouds,84
2277,40.753092596002 -73.9735876349967,360,Wednesday,24763,Professional & Other Places,-999,-999.0,Clouds,84
2277,40.752856755495 -73.9736737263818,360,Wednesday,1289,Professional & Other Places,-999,-999.0,Clouds,84
2277,40.7531259619306 -73.9737942542562,360,Wednesday,17086,Professional & Other Places,-999,-999.0,Clouds,84
2277,40.7530716014474 -73.9734671069929,360,Wednesday,2169,Professional & Other Places,-999,-999.0,Clouds,84
2277,40.753157842099 -73.973932000306,600,Wednesday,29260,Professional & Other Places,-999,-999.0,Clear,84
2277,40.752856755495 -73.9736737263818,600,Wednesday,1289,Professional & Other Places,-999,-999.0,Clear,84
2277,40.7527518611088 -73.97305386754971,600,Wednesday,3479,Nightlife Spot,2,6.7,Clear,84
2277,40.753245 -73.973397,600,Wednesday,8070,Professional & Other Places,-999,-999.0,Clear,84
2277,40.75323066574951 -73.9735646772875,840,Wednesday,9177,Professional & Other Places,-999,-999.0,Clear,84
2277,40.7527518611088 -73.97305386754971,840,Wednesday,3479,Nightlife Spot,2,6.7,Clear,84
2277,40.752722925 -73.9735428,840,Wednesday,9648,Shop & Service,-999,-999.0,Clear,84
2277,40.7527410080238 -73.9733079722472,900,Wednesday,14176,Food,2,8.2,Clear,84
2277,40.867476 -73.924291,960,Saturday,1227,Arts & Entertainment,-999,-999.0,Clear,84
2277,40.875414949357705 -73.91344055738729,960,Saturday,10390,Residence,-999,-999.0,Clear,84
2277,40.863228 -73.925739,1020,Saturday,35240,Food,1,-999.0,Clear,84
2277,40.867547509735104 -73.9244059608629,1020,Saturday,28748,Food,1,7.3,Clear,84
2277,40.863228 -73.925739,1200,Saturday,35240,Food,1,-999.0,Clear,84
2277,40.867314583648 -73.9224100112915,1200,Saturday,33526,Shop & Service,-999,9.3,Clear,84
2277,40.867526477777794 -73.9244,1320,Saturday,9148,Arts & Entertainment,-999,-999.0,Clouds,84
2277,40.86410905897071 -73.9267252653688,1380,Saturday,9839,Professional & Other Places,-999,-999.0,Clouds,84
2277,40.867481403068105 -73.9242854021982,1380,Saturday,8315,Arts & Entertainment,-999,6.8,Clouds,84
2277,40.8677202541029 -73.9207363128662,1380,Saturday,12792,Food,2,-999.0,Clouds,84
2277,40.8675348028546 -73.9243485519843,240,Sunday,24061,Professional & Other Places,-999,-999.0,Clear,84
2277,40.867526477777794 -73.9244,720,Sunday,9148,Arts & Entertainment,-999,-999.0,Clear,84
2277,40.6290580603035 -74.11810330305241,720,Sunday,35361,Outdoors & Recreation,-999,-999.0,Clear,84
2277,40.8652610984904 -73.9278562033107,780,Sunday,35606,Food,1,-999.0,Clear,84
2277,40.672167 -73.990332,840,Sunday,32267,Food,2,7.0,Clear,84
2277,40.6394976333333 -73.9798302,900,Sunday,20721,Nightlife Spot,1,6.6,Clear,84
2277,40.639489815065495 -73.9797688985306,900,Sunday,3588,Nightlife Spot,3,-999.0,Clear,84
2277,40.639413333333295 -73.9798741333333,900,Sunday,24897,Residence,-999,-999.0,Clear,84
2277,40.6410350100745 -73.97974020231591,1020,Sunday,26019,Food,1,6.5,Clear,84
2277,40.642719 -73.97949,1020,Sunday,24877,Food,1,-999.0,Clear,84
2277,40.639413333333295 -73.9798225333333,1020,Sunday,21812,Shop & Service,-999,5.8,Clear,84
2277,40.639594938373605 -73.9791547985996,1020,Sunday,20021,Arts & Entertainment,-999,5.7,Clear,84
2284,40.7508544805605 -73.9461971439807,360,Monday,21851,Shop & Service,-999,-999.0,Clouds,84
2284,40.7478115621338 -73.9402386813564,360,Monday,6255,Nightlife Spot,2,9.2,Clouds,84
2284,40.7499283331793 -73.9381089744157,360,Monday,24844,Arts & Entertainment,-999,-999.0,Clouds,84
2284,40.7527518611088 -73.97305386754971,420,Monday,3479,Nightlife Spot,2,6.7,Clouds,84
2284,40.7532067598819 -73.9733351000449,480,Monday,17959,Nightlife Spot,3,6.6,Rain,84
2284,40.7530716014474 -73.9734671069929,480,Monday,2169,Professional & Other Places,-999,-999.0,Rain,84
2284,40.7527518611088 -73.97305386754971,960,Monday,3479,Nightlife Spot,2,6.7,Clouds,84
2284,40.7532289124202 -73.9731514380538,960,Monday,24010,Professional & Other Places,-999,-999.0,Clouds,84
2284,40.7668501517328 -73.9216043878006,1020,Monday,30700,College & University,-999,-999.0,Clouds,84
2284,40.765859640049705 -73.914577960968,1080,Monday,30403,Nightlife Spot,1,8.5,Clouds,84
2284,40.7658110529264 -73.91377928852741,1140,Monday,28253,Nightlife Spot,2,7.2,Clouds,84
2284,40.7678083915285 -73.9102541593408,300,Tuesday,36277,Food,-999,-999.0,Rain,84
2284,40.7640304530977 -73.9237916849811,300,Tuesday,38280,Residence,-999,-999.0,Rain,84
2284,40.7622740819846 -73.9252670920063,300,Tuesday,33102,Nightlife Spot,1,7.4,Rain,84
2284,40.7528084533503 -73.97370242350159,360,Tuesday,31513,Shop & Service,-999,7.1,Rain,84
2284,40.752856755495 -73.9736737263818,360,Tuesday,1289,Professional & Other Places,-999,-999.0,Rain,84
2284,40.7528084533503 -73.97370242350159,360,Tuesday,31513,Shop & Service,-999,7.1,Rain,84
2284,40.7530716014474 -73.9734671069929,660,Tuesday,2169,Professional & Other Places,-999,-999.0,Clouds,84
2284,40.7531259619306 -73.9737942542562,660,Tuesday,17086,Professional & Other Places,-999,-999.0,Clouds,84
2284,40.7527410080238 -73.9733079722472,720,Wednesday,14176,Food,2,8.2,Clouds,84
2284,40.753825 -73.973799,720,Wednesday,24908,Food,2,8.0,Clouds,84
2284,40.752856755495 -73.9736737263818,900,Wednesday,1289,Professional & Other Places,-999,-999.0,Clouds,84
2284,40.7528084533503 -73.97370242350159,900,Wednesday,31513,Shop & Service,-999,7.1,Clouds,84
2284,40.75304789203111 -73.97362781098121,900,Wednesday,31525,Professional & Other Places,-999,-999.0,Clouds,84
2284,40.7532375238346 -73.9732604873822,960,Wednesday,29260,Professional & Other Places,-999,-999.0,Clouds,84
2284,40.7495490547773 -73.93908262252809,1080,Wednesday,13338,Professional & Other Places,-999,-999.0,Clear,84
2284,40.765859640049705 -73.914577960968,1080,Wednesday,30403,Nightlife Spot,1,8.5,Clear,84
2284,40.7662253023685 -73.91071557998659,1260,Wednesday,4119,Residence,-999,-999.0,Clear,84
2284,40.7673791569386 -73.9181184768677,360,Thursday,29900,Food,2,8.8,Clouds,84
2284,40.7670557498932 -73.91701844,360,Thursday,18759,Nightlife Spot,2,-999.0,Clouds,84
2284,40.767474585121896 -73.91802773071821,360,Thursday,36999,Food,2,7.0,Clouds,84
2284,40.766002491121 -73.9108569954028,1020,Friday,7273,Shop & Service,-999,-999.0,Clouds,84
2284,40.7678083915285 -73.9102541593408,1020,Friday,36277,Food,-999,-999.0,Clouds,84
2284,40.7662253023685 -73.91071557998659,1380,Friday,4119,Residence,-999,-999.0,Clear,84
2284,40.78357182642221 -73.9795508071909,120,Sunday,27632,Food,3,-999.0,Clouds,84
2284,40.7832587916641 -73.97812172886991,120,Sunday,36813,Food,2,8.1,Clouds,84
2284,40.7833685432654 -73.9781999588013,120,Sunday,27211,Nightlife Spot,1,-999.0,Clouds,84
2284,40.765859640049705 -73.914577960968,120,Sunday,30403,Nightlife Spot,1,8.5,Clouds,84
2284,40.788634241037606 -73.9742935832175,960,Sunday,9281,Food,2,-999.0,Clouds,84
2284,40.7886371137335 -73.97422471033441,960,Sunday,4749,Food,3,9.3,Clouds,84
2284,40.7888004673973 -73.9742878438115,960,Sunday,33351,Food,2,-999.0,Clouds,84
2284,40.8675187238917 -73.9243370702065,1260,Sunday,8253,Arts & Entertainment,-999,-999.0,Clouds,84
2284,40.8709379042595 -73.9301037076316,1260,Sunday,25975,Residence,-999,-999.0,Clouds,84
2285,40.8677202541029 -73.9207363128662,60,Monday,12792,Food,2,-999.0,Clear,84
2285,40.8684829078303 -73.91807556152341,60,Monday,8028,Nightlife Spot,1,5.3,Clear,84
2285,40.867526477777794 -73.9244,840,Monday,9148,Arts & Entertainment,-999,-999.0,Clear,84
2285,40.8709379042595 -73.9301037076316,840,Monday,25975,Residence,-999,-999.0,Clear,84
2285,40.7585342833333 -73.9291369915009,1140,Monday,29888,Nightlife Spot,2,8.4,Clear,84
2285,40.75686 -73.929678,1140,Monday,13573,Nightlife Spot,2,7.9,Clear,84
2285,40.7722131371988 -74.18930770211709,1260,Monday,37704,Outdoors & Recreation,-999,-999.0,Clear,84
2285,40.8505652522171 -73.9318919332148,480,Tuesday,16745,Arts & Entertainment,-999,-999.0,Clear,84
2285,40.7666478429867 -73.920881152153,480,Tuesday,5792,Food,1,6.0,Clear,84
2285,40.7666965975005 -73.92148733139041,480,Tuesday,14886,Travel & Transport,-999,-999.0,Clear,84
2285,40.7528084533503 -73.97370242350159,540,Tuesday,31513,Shop & Service,-999,7.1,Clear,84
2285,40.7531545627098 -73.9736048532768,540,Tuesday,9177,Professional & Other Places,-999,-999.0,Clear,84
2285,40.7531259619306 -73.9737942542562,540,Tuesday,17086,Professional & Other Places,-999,-999.0,Clear,84
2285,40.7533827198828 -73.97444280771309,540,Tuesday,15130,Food,1,8.8,Clear,84
2285,40.7527410080238 -73.9733079722472,660,Tuesday,14176,Food,2,8.2,Clear,84
2285,40.7527518611088 -73.97305386754971,660,Tuesday,3479,Nightlife Spot,2,6.7,Clear,84
2285,40.752856755495 -73.9736737263818,780,Tuesday,1289,Professional & Other Places,-999,-999.0,Clear,84
2285,40.7526474262798 -73.9730022125569,780,Tuesday,17273,Travel & Transport,-999,-999.0,Clear,84
2285,40.754839338364896 -73.96866888326299,900,Tuesday,18434,Nightlife Spot,2,8.3,Clear,84
2285,40.7531259619306 -73.9737942542562,900,Tuesday,17086,Professional & Other Places,-999,-999.0,Clear,84
2285,40.7532067598819 -73.9733351000449,900,Tuesday,17959,Nightlife Spot,3,6.6,Clear,84
2285,40.752904673044206 -73.97297925477791,900,Tuesday,19404,Nightlife Spot,1,-999.0,Clear,84
2285,40.753099011529 -73.9325980338012,1080,Tuesday,26863,Professional & Other Places,-999,-999.0,Clear,84
2285,40.756439508344606 -73.93008935583471,1080,Tuesday,4041,Shop & Service,-999,5.9,Clear,84
2285,40.7531545627098 -73.9736048532768,600,Thursday,9177,Professional & Other Places,-999,-999.0,Clear,84
2285,40.752856755495 -73.9736737263818,600,Thursday,1289,Professional & Other Places,-999,-999.0,Clear,84
2285,40.75304789203111 -73.97362781098121,600,Thursday,31525,Professional & Other Places,-999,-999.0,Clear,84
2285,40.7532375238346 -73.9732604873822,600,Thursday,29260,Professional & Other Places,-999,-999.0,Clear,84
2285,40.7525451616761 -73.9733580577815,720,Thursday,16180,Nightlife Spot,2,-999.0,Clear,84
2285,40.7527518611088 -73.97305386754971,720,Thursday,3479,Nightlife Spot,2,6.7,Clear,84
2285,40.7529789171769 -73.97285699844359,780,Thursday,5473,Professional & Other Places,-999,-999.0,Clear,84
2285,40.7478115621338 -73.9402386813564,480,Friday,6255,Nightlife Spot,2,9.2,Clear,84
2285,40.7487590801911 -73.944779299082,480,Friday,20781,Arts & Entertainment,-999,7.4,Clear,84
2285,40.75304789203111 -73.97362781098121,600,Friday,31525,Professional & Other Places,-999,-999.0,Clear,84
2285,40.7531259619306 -73.9737942542562,840,Friday,17086,Professional & Other Places,-999,-999.0,Clouds,84
2285,40.7869105752096 -73.9777371959421,120,Sunday,12691,Arts & Entertainment,-999,9.4,Clear,84
2285,40.78431690214221 -73.9776051919239,120,Sunday,4640,Nightlife Spot,2,7.0,Clear,84
2285,40.7658110529264 -73.91377928852741,180,Sunday,28253,Nightlife Spot,2,7.2,Clear,84
2285,40.765859640049705 -73.914577960968,180,Sunday,30403,Nightlife Spot,1,8.5,Clear,84
2285,40.766002491121 -73.9108569954028,660,Sunday,7273,Shop & Service,-999,-999.0,Clear,84
2285,40.7658353689891 -73.912659751158,660,Sunday,37735,Residence,-999,-999.0,Clear,84
2285,40.7665907222196 -73.912929588959,660,Sunday,6846,Nightlife Spot,-999,-999.0,Clear,84
2285,40.788608 -73.97422245,960,Sunday,24454,Food,3,-999.0,Clouds,84
2285,40.7888004673973 -73.9742878438115,960,Sunday,33351,Food,2,-999.0,Clouds,84
2285,40.7700768232489 -73.917989730835,1020,Sunday,24630,Travel & Transport,-999,-999.0,Clouds,84
2285,40.787592056970205 -73.9750167470025,1020,Sunday,19388,Food,1,-999.0,Clouds,84
2285,40.7888004673973 -73.9742878438115,1020,Sunday,33351,Food,2,-999.0,Clouds,84
2290,40.7668855209038 -73.9216294884682,660,Monday,18158,Food,1,5.2,Clouds,84
2290,40.7666478429867 -73.920881152153,660,Monday,5792,Food,1,6.0,Clouds,84
2290,40.766623650863295 -73.922121074395,660,Monday,22435,Residence,-999,-999.0,Clouds,84
2290,40.7670890399928 -73.92131733909909,660,Monday,20624,Travel & Transport,-999,5.1,Clouds,84
2290,40.7508544805605 -73.9461971439807,660,Monday,21851,Shop & Service,-999,-999.0,Clouds,84
2290,40.7499283331793 -73.9381089744157,660,Monday,24844,Arts & Entertainment,-999,-999.0,Clouds,84
2290,40.7525451616761 -73.9733580577815,780,Monday,16180,Nightlife Spot,2,-999.0,Clouds,84
2290,40.7527410080238 -73.9733079722472,780,Monday,14176,Food,2,8.2,Clouds,84
2290,40.752856755495 -73.9736737263818,780,Monday,1289,Professional & Other Places,-999,-999.0,Clouds,84
2290,40.751166476388704 -73.94064903259279,1320,Monday,1722,Nightlife Spot,3,-999.0,Clear,84
2290,40.751337156776295 -73.9400053024292,1320,Monday,12326,Food,1,7.9,Clear,84
2290,40.7636761665344 -73.924034,540,Tuesday,31966,Shop & Service,-999,7.6,Clear,84
2290,40.762098 -73.925686,540,Tuesday,6104,Food,2,9.0,Clear,84
2290,40.7607393110749 -73.926380815956,540,Tuesday,8829,Food,1,5.6,Clear,84
2290,40.752856755495 -73.9736737263818,780,Tuesday,1289,Professional & Other Places,-999,-999.0,Clouds,84
2290,40.7528084533503 -73.97370242350159,780,Tuesday,31513,Shop & Service,-999,7.1,Clouds,84
2290,40.7527522528278 -73.9735876349967,780,Tuesday,3916,Professional & Other Places,-999,-999.0,Clouds,84
2290,40.76323743924471 -73.9890605075063,1320,Tuesday,7524,Nightlife Spot,2,7.1,Clear,84
2290,40.7636462551771 -73.98938762822709,1320,Tuesday,26955,Nightlife Spot,2,7.6,Clear,84
2290,40.76131403034511 -73.9268745265913,0,Wednesday,16150,Residence,-999,-999.0,Clear,84
2290,40.7666965975005 -73.92148733139041,60,Wednesday,14886,Travel & Transport,-999,-999.0,Clear,84
2290,40.7679182068414 -73.91597241486392,720,Wednesday,14790,Residence,-999,-999.0,Clear,84
2290,40.7677599703159 -73.91594,720,Wednesday,29755,Residence,-999,-999.0,Clear,84
2290,40.7670557498932 -73.91701844,720,Wednesday,18759,Nightlife Spot,2,-999.0,Clear,84
2290,40.7673791569386 -73.9181184768677,720,Wednesday,29900,Food,2,8.8,Clear,84
2290,40.765859640049705 -73.914577960968,720,Wednesday,30403,Nightlife Spot,1,8.5,Clear,84
2290,40.76548388507821 -73.91382521812821,720,Wednesday,918,Food,1,5.5,Clear,84
2290,40.7678608809452 -73.91617909565251,720,Wednesday,37805,Residence,-999,-999.0,Clear,84
2290,40.7673791569386 -73.9181184768677,1020,Wednesday,29900,Food,2,8.8,Clear,84
2290,40.765859640049705 -73.914577960968,1020,Wednesday,30403,Nightlife Spot,1,8.5,Clear,84
2290,40.7678608809452 -73.91617909565251,300,Thursday,37805,Residence,-999,-999.0,Clear,84
2290,40.7679182068414 -73.91597241486392,300,Thursday,14790,Residence,-999,-999.0,Clear,84
2290,40.7673791569386 -73.9181184768677,300,Thursday,29900,Food,2,8.8,Clear,84
2290,40.7670557498932 -73.91701844,300,Thursday,18759,Nightlife Spot,2,-999.0,Clear,84
2290,40.7668855209038 -73.9216294884682,360,Thursday,18158,Food,1,5.2,Clear,84
2290,40.7666965975005 -73.92148733139041,360,Thursday,14886,Travel & Transport,-999,-999.0,Clear,84
2290,40.7530716014474 -73.9734671069929,600,Thursday,2169,Professional & Other Places,-999,-999.0,Clear,84
2290,40.7527410080238 -73.9733079722472,720,Thursday,14176,Food,2,8.2,Clear,84
2290,40.7525451616761 -73.9733580577815,720,Thursday,16180,Nightlife Spot,2,-999.0,Clear,84
2290,40.7527522528278 -73.9735876349967,840,Thursday,3916,Professional & Other Places,-999,-999.0,Clear,84
2290,40.7541246898392 -73.9404223746586,900,Thursday,35669,Residence,-999,-999.0,Clear,84
2290,40.751166476388704 -73.94064903259279,900,Thursday,1722,Nightlife Spot,3,-999.0,Clear,84
2290,40.751337156776295 -73.9400053024292,900,Thursday,12326,Food,1,7.9,Clear,84
2290,40.7529789171769 -73.97285699844359,960,Thursday,5473,Professional & Other Places,-999,-999.0,Clear,84
2290,40.7677599703159 -73.91594,1020,Thursday,29755,Residence,-999,-999.0,Clear,84
2290,40.7673791569386 -73.9181184768677,1020,Thursday,29900,Food,2,8.8,Clear,84
2290,40.7678608809452 -73.91617909565251,1020,Thursday,37805,Residence,-999,-999.0,Clear,84
2290,40.7640304530977 -73.9237916849811,360,Friday,38280,Residence,-999,-999.0,Clear,84
2290,40.7666965975005 -73.92148733139041,360,Friday,14886,Travel & Transport,-999,-999.0,Clear,84
2290,40.761904771950704 -73.9247488975525,360,Friday,230,Outdoors & Recreation,-999,8.6,Clear,84
2290,40.762098 -73.925686,360,Friday,6104,Food,2,9.0,Clear,84
2290,40.76131403034511 -73.9268745265913,360,Friday,16150,Residence,-999,-999.0,Clear,84
2290,40.7580305083338 -73.92883787506591,360,Friday,21863,Shop & Service,-999,-999.0,Clear,84
2290,40.754455 -73.977488,420,Friday,30907,Shop & Service,-999,5.5,Clear,84
2290,40.7544743468154 -73.9778566360474,420,Friday,31839,Shop & Service,-999,8.1,Clear,84
2290,40.7530716014474 -73.9734671069929,480,Friday,2169,Professional & Other Places,-999,-999.0,Clear,84
2290,40.7537535162386 -73.97370816292499,540,Friday,9504,Professional & Other Places,-999,-999.0,Clear,84
2290,40.75304789203111 -73.97362781098121,540,Friday,31525,Professional & Other Places,-999,-999.0,Clear,84
2290,40.7523208277721 -73.97405826743159,600,Friday,29260,Professional & Other Places,-999,-999.0,Clear,84
2290,40.7528084533503 -73.97370242350159,660,Friday,31513,Shop & Service,-999,7.1,Clear,84
2290,40.7527410080238 -73.9733079722472,660,Friday,14176,Food,2,8.2,Clear,84
2290,40.754455 -73.977488,720,Friday,30907,Shop & Service,-999,5.5,Clear,84
2290,40.75231 -73.975419,900,Friday,29551,Outdoors & Recreation,-999,9.5,Clear,84
2290,40.7677599703159 -73.91594,1020,Friday,29755,Residence,-999,-999.0,Clear,84
2290,40.767949 -73.916121,1020,Friday,36165,Residence,-999,-999.0,Clear,84
2290,40.7673791569386 -73.9181184768677,1020,Friday,29900,Food,2,8.8,Clear,84
2290,40.765859640049705 -73.914577960968,1020,Friday,30403,Nightlife Spot,1,8.5,Clear,84
2290,40.76548388507821 -73.91382521812821,1080,Friday,918,Food,1,5.5,Clear,84
2290,40.7640304530977 -73.9237916849811,1080,Friday,38280,Residence,-999,-999.0,Clear,84
2290,40.756439508344606 -73.93008935583471,1080,Friday,4041,Shop & Service,-999,5.9,Clear,84
2290,40.7478115621338 -73.9402386813564,1080,Friday,6255,Nightlife Spot,2,9.2,Clear,84
2290,40.753727972632106 -73.98368835767091,1140,Friday,20719,Outdoors & Recreation,-999,9.7,Clear,84
2290,40.76131403034511 -73.9268745265913,540,Saturday,16150,Residence,-999,-999.0,Clear,84
2290,40.7607393110749 -73.926380815956,540,Saturday,8829,Food,1,5.6,Clear,84
2290,40.7622740819846 -73.9252670920063,540,Saturday,33102,Nightlife Spot,1,7.4,Clear,84
2290,40.7580305083338 -73.92883787506591,540,Saturday,21863,Shop & Service,-999,-999.0,Clear,84
2290,40.7528084533503 -73.97370242350159,780,Saturday,31513,Shop & Service,-999,7.1,Clouds,84
2290,40.7531545627098 -73.9736048532768,780,Saturday,9177,Professional & Other Places,-999,-999.0,Clouds,84
2290,40.7531259619306 -73.9737942542562,900,Saturday,17086,Professional & Other Places,-999,-999.0,Clear,84
2290,40.7527522528278 -73.9735876349967,900,Saturday,3916,Professional & Other Places,-999,-999.0,Clear,84
2290,40.7527522528278 -73.9735876349967,1020,Saturday,3916,Professional & Other Places,-999,-999.0,Clear,84
2290,40.7532289124202 -73.9731514380538,1020,Saturday,24010,Professional & Other Places,-999,-999.0,Clear,84
2290,40.7552805351374 -73.9866386490379,1080,Saturday,9531,Food,2,8.5,Clear,84
2290,40.7564898726738 -73.9862680435181,1080,Saturday,21033,Outdoors & Recreation,-999,9.0,Clear,84
2290,40.75247132233471 -73.9943115885299,1140,Saturday,31425,Arts & Entertainment,-999,7.2,Clouds,84
2290,40.7569937445909 -73.9890789985657,1140,Saturday,4824,Arts & Entertainment,-999,7.7,Clouds,84
2290,40.75835785550571 -73.98424545556641,1320,Saturday,30165,Food,2,8.2,Clouds,84
2290,40.7602363128131 -73.9869117736816,1320,Saturday,1093,Arts & Entertainment,-999,-999.0,Clouds,84
2290,40.760878306308896 -73.9865469932556,1320,Saturday,33794,Nightlife Spot,2,-999.0,Clouds,84
2290,40.7602915720458 -73.9873502883456,1320,Saturday,12787,Nightlife Spot,2,7.2,Clouds,84
2290,40.760937 -73.9875069,60,Sunday,27611,Nightlife Spot,2,7.3,Clouds,84
2290,40.7813375645816 -73.9493657314529,60,Sunday,26410,Nightlife Spot,2,-999.0,Rain,84
2290,40.7677599703159 -73.91594,960,Sunday,29755,Residence,-999,-999.0,Clouds,84
2290,40.7670557498932 -73.91701844,960,Sunday,18759,Nightlife Spot,2,-999.0,Clouds,84
2291,40.766623650863295 -73.922121074395,300,Monday,22435,Residence,-999,-999.0,Clear,84
2291,40.7668855209038 -73.9216294884682,300,Monday,18158,Food,1,5.2,Clear,84
2291,40.767949 -73.916121,300,Monday,36165,Residence,-999,-999.0,Clear,84
2291,40.7666965975005 -73.92148733139041,300,Monday,14886,Travel & Transport,-999,-999.0,Clear,84
2291,40.753825 -73.973799,360,Monday,24908,Food,2,8.0,Clear,84
2291,40.7537535162386 -73.97370816292499,360,Monday,9504,Professional & Other Places,-999,-999.0,Clear,84
2291,40.75304789203111 -73.97362781098121,480,Monday,31525,Professional & Other Places,-999,-999.0,Clouds,84
2291,40.7530716014474 -73.9734671069929,540,Monday,2169,Professional & Other Places,-999,-999.0,Clouds,84
2291,40.7523208277721 -73.97405826743159,720,Monday,29260,Professional & Other Places,-999,-999.0,Clear,84
2291,40.7527522528278 -73.9735876349967,720,Monday,3916,Professional & Other Places,-999,-999.0,Clear,84
2291,40.7527410080238 -73.9733079722472,720,Monday,14176,Food,2,8.2,Clear,84
2291,40.7528227965649 -73.97353024071859,780,Monday,17273,Travel & Transport,-999,-999.0,Clear,84
2291,40.7527518611088 -73.97305386754971,780,Monday,3479,Nightlife Spot,2,6.7,Clear,84
2291,40.752904673044206 -73.97297925477791,900,Monday,19404,Nightlife Spot,1,-999.0,Clouds,84
2291,40.765859640049705 -73.914577960968,1020,Monday,30403,Nightlife Spot,1,8.5,Clouds,84
2291,40.766979 -73.912507,1020,Monday,10026,Nightlife Spot,1,4.9,Clouds,84
2291,40.7678608809452 -73.91617909565251,1020,Monday,37805,Residence,-999,-999.0,Clouds,84
2291,40.7662253023685 -73.91071557998659,1140,Monday,4119,Residence,-999,-999.0,Clouds,84
2291,40.76608403078679 -73.91937113772309,1140,Monday,615,Food,1,8.7,Clouds,84
2291,40.7679729769926 -73.916018343947,1140,Tuesday,25657,Residence,-999,-999.0,Clear,84
2291,40.767949 -73.916121,1140,Tuesday,36165,Residence,-999,-999.0,Clear,84
2291,40.8675248875 -73.9244191,300,Wednesday,4518,Professional & Other Places,-999,-999.0,Clouds,84
2291,40.766623650863295 -73.922121074395,300,Wednesday,22435,Residence,-999,-999.0,Clouds,84
2291,40.7668855209038 -73.9216294884682,300,Wednesday,18158,Food,1,5.2,Clouds,84
2291,40.7668501517328 -73.9216043878006,300,Wednesday,30700,College & University,-999,-999.0,Clouds,84
2291,40.7666965975005 -73.92148733139041,300,Wednesday,14886,Travel & Transport,-999,-999.0,Clouds,84
2291,40.7527410080238 -73.9733079722472,420,Wednesday,14176,Food,2,8.2,Clouds,84
2291,40.7531545627098 -73.9736048532768,420,Wednesday,9177,Professional & Other Places,-999,-999.0,Clouds,84
2291,40.7525451616761 -73.9733580577815,480,Wednesday,16180,Nightlife Spot,2,-999.0,Clouds,84
2291,40.7530716014474 -73.9734671069929,600,Wednesday,2169,Professional & Other Places,-999,-999.0,Clouds,84
2291,40.7531259619306 -73.9737942542562,600,Wednesday,17086,Professional & Other Places,-999,-999.0,Clouds,84
2291,40.75304789203111 -73.97362781098121,600,Wednesday,31525,Professional & Other Places,-999,-999.0,Clouds,84
2291,40.7537535162386 -73.97370816292499,900,Wednesday,9504,Professional & Other Places,-999,-999.0,Clear,84
2291,40.753825 -73.973799,900,Wednesday,24908,Food,2,8.0,Clear,84
2291,40.752856755495 -73.9736737263818,900,Wednesday,1289,Professional & Other Places,-999,-999.0,Clear,84
2291,40.7676322407311 -73.91751103324529,960,Wednesday,36999,Food,2,7.0,Clear,84
2291,40.766623650863295 -73.922121074395,300,Thursday,22435,Residence,-999,-999.0,Clear,84
2291,40.7668855209038 -73.9216294884682,300,Thursday,18158,Food,1,5.2,Clear,84
2291,40.7668501517328 -73.9216043878006,300,Thursday,30700,College & University,-999,-999.0,Clear,84
2291,40.7666478429867 -73.920881152153,360,Thursday,5792,Food,1,6.0,Clear,84
2291,40.7666965975005 -73.92148733139041,360,Thursday,14886,Travel & Transport,-999,-999.0,Clear,84
2291,40.75686 -73.929678,360,Thursday,13573,Nightlife Spot,2,7.9,Clear,84
2291,40.77206561572 -73.9059710989441,360,Thursday,16741,Arts & Entertainment,-999,-999.0,Clear,84
2291,40.752856755495 -73.9736737263818,420,Thursday,1289,Professional & Other Places,-999,-999.0,Clouds,84
2291,40.75304789203111 -73.97362781098121,420,Thursday,31525,Professional & Other Places,-999,-999.0,Clouds,84
2291,40.7527410080238 -73.9733079722472,420,Thursday,14176,Food,2,8.2,Clouds,84
2291,40.752856755495 -73.9736737263818,480,Thursday,1289,Professional & Other Places,-999,-999.0,Clouds,84
2291,40.7531259619306 -73.9737942542562,480,Thursday,17086,Professional & Other Places,-999,-999.0,Clouds,84
2291,40.753245 -73.973397,720,Thursday,8070,Professional & Other Places,-999,-999.0,Clear,84
2291,40.751166476388704 -73.94064903259279,1020,Thursday,1722,Nightlife Spot,3,-999.0,Clear,84
2291,40.7512672178343 -73.9397163025759,1020,Thursday,10707,Professional & Other Places,-999,-999.0,Clear,84
2291,40.7679729769926 -73.916018343947,1020,Thursday,25657,Residence,-999,-999.0,Clear,84
2291,40.7679182068414 -73.91597241486392,1020,Thursday,14790,Residence,-999,-999.0,Clear,84
2291,40.7678608809452 -73.91617909565251,1020,Thursday,37805,Residence,-999,-999.0,Clear,84
2291,40.7673791569386 -73.9181184768677,300,Friday,29900,Food,2,8.8,Clear,84
2291,40.7676322407311 -73.91751103324529,300,Friday,36999,Food,2,7.0,Clear,84
2291,40.7670557498932 -73.91701844,300,Friday,18759,Nightlife Spot,2,-999.0,Clear,84
2291,40.7523002736096 -73.9756518602371,360,Friday,7299,Food,1,8.5,Clear,84
2291,40.752414119578496 -73.9753209341317,360,Friday,12360,Shop & Service,-999,7.3,Clear,84
2291,40.7527410080238 -73.9733079722472,420,Friday,14176,Food,2,8.2,Clear,84
2291,40.754839338364896 -73.96866888326299,480,Friday,18434,Nightlife Spot,2,8.3,Clear,84
2291,40.7537535162386 -73.97370816292499,480,Friday,9504,Professional & Other Places,-999,-999.0,Clear,84
2291,40.7530716014474 -73.9734671069929,540,Friday,2169,Professional & Other Places,-999,-999.0,Clear,84
2291,40.7515914313463 -73.9741214009634,600,Friday,1058,Food,2,6.7,Clear,84
2291,40.7532289124202 -73.9731514380538,660,Friday,24010,Professional & Other Places,-999,-999.0,Clear,84
2291,40.7532067598819 -73.9733351000449,900,Friday,17959,Nightlife Spot,3,6.6,Clear,84
2291,40.7527522528278 -73.9735876349967,900,Friday,3916,Professional & Other Places,-999,-999.0,Clear,84
2291,40.7550206270677 -73.97334657891359,960,Friday,17874,Travel & Transport,-999,6.6,Clear,84
2291,40.7525451616761 -73.9733580577815,1020,Friday,16180,Nightlife Spot,2,-999.0,Clear,84
2295,40.7666965975005 -73.92148733139041,300,Monday,14886,Travel & Transport,-999,-999.0,Clear,84
2295,40.7705929544629 -73.91834636014221,300,Monday,12721,Residence,-999,-999.0,Clear,84
2295,40.766298 -73.921739,300,Monday,16042,Residence,-999,-999.0,Clear,84
2295,40.764791 -73.923216,300,Monday,38162,Food,1,7.8,Clear,84
2295,40.752856755495 -73.9736737263818,360,Monday,1289,Professional & Other Places,-999,-999.0,Clear,84
2295,40.7526123576011 -73.973570416715,540,Monday,5424,Shop & Service,-999,-999.0,Clear,84
2295,40.7525451616761 -73.9733580577815,720,Monday,16180,Nightlife Spot,2,-999.0,Clouds,84
2295,40.75348807828061 -73.93216174431141,900,Monday,27764,Food,2,5.7,Clouds,84
2295,40.7680188317024 -73.91603556735029,960,Monday,20449,Shop & Service,-999,-999.0,Clouds,84
2295,40.7678608809452 -73.91617909565251,960,Monday,37805,Residence,-999,-999.0,Clouds,84
2295,40.761574436444 -73.9257780280133,300,Tuesday,14484,Food,1,-999.0,Clouds,84
2295,40.762098 -73.925686,300,Tuesday,6104,Food,2,9.0,Clouds,84
2295,40.7624684539331 -73.9250202348022,300,Tuesday,24166,Shop & Service,-999,6.1,Clouds,84
2295,40.75304789203111 -73.97362781098121,420,Tuesday,31525,Professional & Other Places,-999,-999.0,Rain,84
2295,40.7527410080238 -73.9733079722472,720,Tuesday,14176,Food,2,8.2,Clouds,84
2295,40.7527522528278 -73.9735876349967,720,Tuesday,3916,Professional & Other Places,-999,-999.0,Clouds,84
2295,40.7526123576011 -73.973570416715,720,Tuesday,5424,Shop & Service,-999,-999.0,Clouds,84
2295,40.76548388507821 -73.91382521812821,1140,Thursday,918,Food,1,5.5,Clear,84
2295,40.7659815277128 -73.91447067260741,1140,Thursday,17943,Shop & Service,-999,7.4,Clear,84
2295,40.765859640049705 -73.914577960968,1140,Thursday,30403,Nightlife Spot,1,8.5,Clear,84
2295,40.750849497363504 -73.93991947174071,360,Friday,18913,Food,2,-999.0,Clear,84
2295,40.75047562272479 -73.9402842521667,360,Friday,34523,Travel & Transport,-999,-999.0,Clear,84
2295,40.7567336821428 -73.9544570446014,360,Friday,2729,Outdoors & Recreation,-999,-999.0,Clear,84
2295,40.7468430407138 -73.94534758634171,360,Friday,523,Food,2,7.1,Clear,84
2295,40.7529769009155 -73.97299073366771,780,Friday,27725,Food,1,5.6,Clear,84
2295,40.7565818772048 -73.98800453505909,840,Friday,37720,Professional & Other Places,-999,-999.0,Clear,84
2295,40.756912105427205 -73.9888137318568,840,Friday,27453,Arts & Entertainment,-999,8.1,Clear,84
2295,40.756334 -73.9290672540665,1020,Friday,14511,Food,2,8.3,Clear,84
2295,40.765859640049705 -73.914577960968,1200,Friday,30403,Nightlife Spot,1,8.5,Clear,84
2295,40.7659815277128 -73.91447067260741,1200,Friday,17943,Shop & Service,-999,7.4,Clear,84
2295,40.7658110529264 -73.91377928852741,1200,Friday,28253,Nightlife Spot,2,7.2,Clear,84
2295,40.7680121025554 -73.9159207446324,540,Saturday,24375,Nightlife Spot,1,-999.0,Clear,84
2295,40.7678608809452 -73.91617909565251,540,Saturday,37805,Residence,-999,-999.0,Clear,84
2295,40.7677599703159 -73.91594,780,Saturday,29755,Residence,-999,-999.0,Clear,84
2295,40.7679729769926 -73.916018343947,780,Saturday,25657,Residence,-999,-999.0,Clear,84
2295,40.7679469595098 -73.91590352121891,480,Sunday,732,Shop & Service,-999,-999.0,Clear,84
2295,40.7680188317024 -73.91603556735029,480,Sunday,20449,Shop & Service,-999,-999.0,Clear,84
2295,40.7680121025554 -73.9159207446324,480,Sunday,24375,Nightlife Spot,1,-999.0,Clear,84
2295,40.7678608809452 -73.91617909565251,480,Sunday,37805,Residence,-999,-999.0,Clear,84
2295,40.767464683884 -73.91492752529409,540,Sunday,5581,Shop & Service,-999,6.5,Clear,84
2297,40.7617536831753 -73.91778660540159,780,Saturday,7972,Food,2,8.3,Clouds,84
2297,40.7547763651606 -73.9236998304767,900,Saturday,34986,Arts & Entertainment,-999,8.3,Clouds,84
2297,40.7539579558496 -73.9145658314435,1020,Saturday,28584,Food,2,7.6,Clouds,84
2297,40.7659815277128 -73.91447067260741,1020,Saturday,17943,Shop & Service,-999,7.4,Clouds,84
2297,40.7657414 -73.9145084,1200,Saturday,35609,Professional & Other Places,-999,-999.0,Clouds,84
2297,40.7659815277128 -73.91447067260741,1200,Saturday,17943,Shop & Service,-999,7.4,Clouds,84
2297,40.765859640049705 -73.914577960968,1200,Saturday,30403,Nightlife Spot,1,8.5,Clouds,84
2297,40.7679469595098 -73.91590352121891,660,Sunday,732,Shop & Service,-999,-999.0,Clouds,84
2297,40.7680188317024 -73.91603556735029,660,Sunday,20449,Shop & Service,-999,-999.0,Clouds,84
2297,40.7680121025554 -73.9159207446324,660,Sunday,24375,Nightlife Spot,1,-999.0,Clouds,84
2297,40.7678608809452 -73.91617909565251,660,Sunday,37805,Residence,-999,-999.0,Clouds,84
2297,40.7677599703159 -73.91594,960,Sunday,29755,Residence,-999,-999.0,Clouds,84
2297,40.765859640049705 -73.914577960968,960,Sunday,30403,Nightlife Spot,1,8.5,Clouds,84
2297,40.765843080869104 -73.91491030179259,1140,Sunday,15039,Shop & Service,-999,6.4,Clouds,84
2300,40.7673791569386 -73.9181184768677,660,Thursday,29900,Food,2,8.8,Clouds,84
2300,40.7671313476379 -73.9167819133651,840,Thursday,6331,Shop & Service,-999,7.0,Clouds,84
2300,40.767949 -73.916121,0,Friday,36165,Residence,-999,-999.0,Clouds,84
2300,40.7657414 -73.9145084,0,Friday,35609,Professional & Other Places,-999,-999.0,Clouds,84
2300,40.7638362721852 -73.9151573181152,120,Friday,30797,Shop & Service,-999,-999.0,Clouds,84
2300,40.7662253023685 -73.91071557998659,120,Friday,4119,Residence,-999,-999.0,Clouds,84
2300,40.766002491121 -73.9108569954028,120,Friday,7273,Shop & Service,-999,-999.0,Clouds,84
2300,40.765859640049705 -73.914577960968,120,Friday,30403,Nightlife Spot,1,8.5,Clouds,84
2300,40.7659815277128 -73.91447067260741,1200,Friday,17943,Shop & Service,-999,7.4,Clear,84
2300,40.7657414 -73.9145084,1200,Friday,35609,Professional & Other Places,-999,-999.0,Clear,84
2300,40.8505652522171 -73.9318919332148,600,Saturday,16745,Arts & Entertainment,-999,-999.0,Clouds,84
2300,40.7680188317024 -73.91603556735029,600,Saturday,20449,Shop & Service,-999,-999.0,Clouds,84
2300,40.7679182068414 -73.91597241486392,960,Saturday,14790,Residence,-999,-999.0,Snow,84
2300,40.7673791569386 -73.9181184768677,960,Saturday,29900,Food,2,8.8,Snow,84
2300,40.7657414 -73.9145084,1200,Saturday,35609,Professional & Other Places,-999,-999.0,Snow,84
2300,40.7679469595098 -73.91590352121891,420,Sunday,732,Shop & Service,-999,-999.0,Clear,84
2300,40.7680121025554 -73.9159207446324,420,Sunday,24375,Nightlife Spot,1,-999.0,Clear,84
2300,40.7678608809452 -73.91617909565251,420,Sunday,37805,Residence,-999,-999.0,Clear,84
2300,40.767898369486 -73.9160700141525,900,Sunday,952,Residence,-999,-999.0,Clear,84
2300,40.7671313476379 -73.9167819133651,900,Sunday,6331,Shop & Service,-999,7.0,Clear,84
