tid,lat_lon,date_time,day,poi,category,price,rating,weather,label
8210,40.7255768 -74.004252,1140,Tuesday,10771,Travel & Transport,-999,-999.0,Clear,293
8210,40.7136236851832 -73.94971014000629,1200,Tuesday,16064,Nightlife Spot,1,8.3,Clear,293
8210,40.7159507376023 -73.9495953372234,1200,Tuesday,26912,Shop & Service,-999,-999.0,Clouds,293
8210,40.7041677477342 -73.9481889976001,60,Wednesday,23931,Travel & Transport,-999,-999.0,Clouds,293
8210,40.693212179419 -73.9301037076316,660,Wednesday,28156,Residence,-999,-999.0,Clear,293
8210,40.693212179419 -73.9301037076316,720,Wednesday,5047,Residence,-999,-999.0,Clear,293
8210,40.679336210457 -73.9302849769592,720,Wednesday,29725,Travel & Transport,-999,-999.0,Clear,293
8210,40.7679967046751 -73.9818906784058,780,Wednesday,13115,Travel & Transport,-999,-999.0,Clear,293
8210,40.767809704635205 -73.9818407539167,780,Wednesday,4782,Shop & Service,-999,6.4,Clear,293
8210,40.76825653384171 -73.9829139777035,780,Wednesday,3028,Professional & Other Places,-999,8.6,Clear,293
8210,40.7255768 -74.004252,840,Wednesday,10771,Travel & Transport,-999,-999.0,Clear,293
8210,40.7267850637436 -74.0034674744571,840,Wednesday,18403,Outdoors & Recreation,-999,6.7,Clear,293
8210,40.727035 -74.005569,840,Wednesday,322,Shop & Service,-999,-999.0,Clear,293
8210,40.7255768 -74.004252,1140,Wednesday,10771,Travel & Transport,-999,-999.0,Clear,293
8210,40.7159507376023 -73.9495953372234,1200,Wednesday,26912,Shop & Service,-999,-999.0,Clear,293
8210,40.693212179419 -73.9301037076316,660,Friday,28156,Residence,-999,-999.0,Clear,293
8210,40.693212179419 -73.9301037076316,660,Friday,30553,Residence,-999,-999.0,Clear,293
8210,40.693212179419 -73.9301037076316,720,Friday,5047,Residence,-999,-999.0,Clear,293
8210,40.690652 -73.92427,720,Friday,5924,Shop & Service,-999,5.4,Clear,293
8210,40.6892781762484 -73.9221954345703,720,Friday,8872,Shop & Service,-999,6.0,Clear,293
8210,40.6895016555993 -73.92258609115541,720,Friday,30802,Travel & Transport,-999,-999.0,Clear,293
8210,40.7159507376023 -73.9495953372234,1200,Friday,26912,Shop & Service,-999,-999.0,Clear,293
8210,40.693212179419 -73.9301037076316,900,Saturday,28156,Residence,-999,-999.0,Clear,293
8210,40.693212179419 -73.9301037076316,900,Saturday,33683,Residence,-999,-999.0,Clear,293
8210,40.6899238151179 -73.93642126549659,960,Saturday,1284,Food,2,-999.0,Clear,293
8210,40.693212179419 -73.9301037076316,1080,Saturday,5047,Residence,-999,-999.0,Clouds,293
8210,40.7159507376023 -73.9495953372234,1140,Saturday,26912,Shop & Service,-999,-999.0,Clear,293
8210,40.7041677477342 -73.9481889976001,240,Sunday,23931,Travel & Transport,-999,-999.0,Clear,293
8211,40.693212179419 -73.9301037076316,420,Monday,28156,Residence,-999,-999.0,Clear,293
8211,40.693212179419 -73.9301037076316,420,Monday,30553,Residence,-999,-999.0,Clear,293
8211,40.693212179419 -73.9301037076316,480,Monday,5047,Residence,-999,-999.0,Clear,293
8211,40.6756515459304 -73.930387872991,480,Monday,25508,Travel & Transport,-999,-999.0,Clear,293
8211,40.679336210457 -73.9302849769592,720,Monday,29725,Travel & Transport,-999,-999.0,Clouds,293
8211,40.7267850637436 -74.0034674744571,780,Monday,18403,Outdoors & Recreation,-999,6.7,Clouds,293
8211,40.7159507376023 -73.9495953372234,1200,Monday,26912,Shop & Service,-999,-999.0,Clear,293
8211,40.7041677477342 -73.9481889976001,180,Tuesday,23931,Travel & Transport,-999,-999.0,Clear,293
8211,40.693212179419 -73.9301037076316,720,Tuesday,5047,Residence,-999,-999.0,Clouds,293
8211,40.679336210457 -73.9302849769592,720,Tuesday,29725,Travel & Transport,-999,-999.0,Clouds,293
8211,40.721183 -74.000452,780,Tuesday,684,Shop & Service,-999,6.4,Clouds,293
8211,40.7267850637436 -74.0034674744571,780,Tuesday,18403,Outdoors & Recreation,-999,6.7,Clouds,293
8211,40.727205 -74.003234,780,Tuesday,30399,Shop & Service,-999,-999.0,Clouds,293
8211,40.727035 -74.005569,780,Tuesday,322,Shop & Service,-999,-999.0,Clouds,293
8211,40.7255768 -74.004252,1140,Tuesday,10771,Travel & Transport,-999,-999.0,Clouds,293
8211,40.7041677477342 -73.9481889976001,60,Wednesday,23931,Travel & Transport,-999,-999.0,Clear,293
8211,40.693212179419 -73.9301037076316,720,Wednesday,30553,Residence,-999,-999.0,Clouds,293
8211,40.693212179419 -73.9301037076316,720,Wednesday,5047,Residence,-999,-999.0,Clouds,293
8211,40.7255768 -74.004252,780,Wednesday,10771,Travel & Transport,-999,-999.0,Clouds,293
8211,40.7267850637436 -74.0034674744571,780,Wednesday,18403,Outdoors & Recreation,-999,6.7,Clouds,293
8211,40.727205 -74.003234,780,Wednesday,30399,Shop & Service,-999,-999.0,Clouds,293
8211,40.7264930782502 -74.0053010902954,780,Wednesday,737,Professional & Other Places,-999,8.3,Clouds,293
8211,40.7255768 -74.004252,1140,Wednesday,10771,Travel & Transport,-999,-999.0,Clouds,293
8211,40.7159507376023 -73.9495953372234,1200,Wednesday,26912,Shop & Service,-999,-999.0,Clouds,293
8211,40.7160690082051 -73.94973884069141,1320,Wednesday,23875,Food,1,-999.0,Clouds,293
8211,40.7041677477342 -73.9481889976001,60,Thursday,23931,Travel & Transport,-999,-999.0,Clouds,293
8211,40.7255768 -74.004252,780,Thursday,10771,Travel & Transport,-999,-999.0,Clouds,293
8211,40.7267850637436 -74.0034674744571,780,Thursday,18403,Outdoors & Recreation,-999,6.7,Clouds,293
8211,40.7264930782502 -74.0053010902954,780,Thursday,737,Professional & Other Places,-999,8.3,Clouds,293
8211,40.7274780889611 -74.0073554545795,1140,Thursday,21133,Shop & Service,-999,6.5,Clouds,293
8211,40.7255768 -74.004252,1200,Thursday,10771,Travel & Transport,-999,-999.0,Clouds,293
8211,40.7159507376023 -73.9495953372234,1200,Thursday,26912,Shop & Service,-999,-999.0,Clouds,293
8211,40.7144189763502 -73.9494805343722,1320,Thursday,7436,Food,1,7.2,Clouds,293
8211,40.7159507376023 -73.9495953372234,1320,Thursday,26912,Shop & Service,-999,-999.0,Clouds,293
8211,40.7041677477342 -73.9481889976001,120,Friday,23931,Travel & Transport,-999,-999.0,Clouds,293
8211,40.693212179419 -73.9301037076316,660,Friday,28156,Residence,-999,-999.0,Clear,293
8211,40.693212179419 -73.9301037076316,660,Friday,30553,Residence,-999,-999.0,Clear,293
8211,40.693212179419 -73.9301037076316,720,Friday,5047,Residence,-999,-999.0,Clear,293
8211,40.679336210457 -73.9302849769592,720,Friday,29725,Travel & Transport,-999,-999.0,Clear,293
8211,40.7255768 -74.004252,1140,Friday,10771,Travel & Transport,-999,-999.0,Clear,293
8211,40.693212179419 -73.9301037076316,1200,Friday,28156,Residence,-999,-999.0,Clear,293
8211,40.693212179419 -73.9301037076316,1200,Friday,5047,Residence,-999,-999.0,Clear,293
8211,40.7159507376023 -73.9495953372234,1260,Friday,26912,Shop & Service,-999,-999.0,Clear,293
8211,40.693212179419 -73.9301037076316,780,Saturday,28156,Residence,-999,-999.0,Clear,293
8211,40.693212179419 -73.9301037076316,840,Saturday,5047,Residence,-999,-999.0,Clear,293
8211,40.690468 -73.923719,900,Saturday,17329,Shop & Service,-999,-999.0,Clear,293
8211,40.69922230781511 -73.9393374335681,960,Saturday,12255,Food,1,-999.0,Clear,293
8211,40.704112154316704 -73.9486367313247,960,Saturday,8159,Food,1,-999.0,Clear,293
8211,40.7041677477342 -73.9481889976001,960,Saturday,23931,Travel & Transport,-999,-999.0,Clear,293
8211,40.7159507376023 -73.9495953372234,960,Saturday,26912,Shop & Service,-999,-999.0,Clear,293
8211,40.693212179419 -73.9301037076316,900,Sunday,28156,Residence,-999,-999.0,Clouds,293
8211,40.693212179419 -73.9301037076316,900,Sunday,30553,Residence,-999,-999.0,Clouds,293
8211,40.693212179419 -73.9301037076316,900,Sunday,5047,Residence,-999,-999.0,Clouds,293
8211,40.690652 -73.92427,900,Sunday,5924,Shop & Service,-999,5.4,Clouds,293
8211,40.6902745511944 -73.9233840802866,960,Sunday,906,Shop & Service,-999,6.4,Clouds,293
8211,40.7136236851832 -73.94971014000629,960,Sunday,16064,Nightlife Spot,1,8.3,Clouds,293
8211,40.7159507376023 -73.9495953372234,960,Sunday,26912,Shop & Service,-999,-999.0,Clouds,293
8213,40.7039808785272 -73.947861806915,120,Monday,23931,Travel & Transport,-999,-999.0,Rain,293
8213,40.693212179419 -73.9301037076316,660,Monday,28156,Residence,-999,-999.0,Clouds,293
8213,40.693212179419 -73.9301037076316,660,Monday,30553,Residence,-999,-999.0,Clouds,293
8213,40.693212179419 -73.9301037076316,660,Monday,5047,Residence,-999,-999.0,Clouds,293
8213,40.679336210457 -73.9302849769592,660,Monday,29725,Travel & Transport,-999,-999.0,Clouds,293
8213,40.8005723332351 -73.9581799507141,720,Monday,16235,Travel & Transport,-999,-999.0,Clouds,293
8213,40.8016669329478 -73.9574189908253,720,Monday,19012,Shop & Service,-999,-999.0,Clouds,293
8213,40.8026915962617 -73.9566441016362,780,Monday,26521,Travel & Transport,-999,-999.0,Clouds,293
8213,40.810134 -73.950986,780,Monday,4030,Shop & Service,-999,7.3,Clouds,293
8213,40.8108130477926 -73.9507720625167,780,Monday,9781,Food,1,7.0,Clouds,293
8213,40.8111214607691 -73.95236626267429,780,Monday,26557,Travel & Transport,-999,-999.0,Clouds,293
8213,40.679336210457 -73.9302849769592,1020,Monday,29725,Travel & Transport,-999,-999.0,Clouds,293
8213,40.7330800006297 -74.1708254814148,1200,Monday,19788,Arts & Entertainment,-999,8.7,Clouds,293
8213,40.7159507376023 -73.9495953372234,60,Tuesday,26912,Shop & Service,-999,-999.0,Clouds,293
8213,40.7039808785272 -73.947861806915,180,Tuesday,23931,Travel & Transport,-999,-999.0,Clouds,293
8213,40.693212179419 -73.9301037076316,720,Tuesday,28156,Residence,-999,-999.0,Clouds,293
8213,40.693212179419 -73.9301037076316,720,Tuesday,5047,Residence,-999,-999.0,Clouds,293
8213,40.679336210457 -73.9302849769592,720,Tuesday,29725,Travel & Transport,-999,-999.0,Clouds,293
8213,40.7255768 -74.004252,780,Tuesday,10771,Travel & Transport,-999,-999.0,Clouds,293
8213,40.7267850637436 -74.0034674744571,780,Tuesday,18403,Outdoors & Recreation,-999,6.7,Clouds,293
8213,40.693212179419 -73.9301037076316,720,Wednesday,30553,Residence,-999,-999.0,Clear,293
8213,40.679336210457 -73.9302849769592,720,Wednesday,29725,Travel & Transport,-999,-999.0,Clouds,293
8213,40.7267850637436 -74.0034674744571,780,Wednesday,18403,Outdoors & Recreation,-999,6.7,Clouds,293
8213,40.727205 -74.003234,780,Wednesday,30399,Shop & Service,-999,-999.0,Clouds,293
8213,40.727035 -74.005569,780,Wednesday,322,Shop & Service,-999,-999.0,Clouds,293
8213,40.7264930782502 -74.0053010902954,780,Wednesday,737,Professional & Other Places,-999,8.3,Clouds,293
8213,40.7255768 -74.004252,1140,Wednesday,10771,Travel & Transport,-999,-999.0,Clear,293
8213,40.7039808785272 -73.947861806915,0,Thursday,23931,Travel & Transport,-999,-999.0,Clear,293
8213,40.693212179419 -73.9301037076316,660,Thursday,28156,Residence,-999,-999.0,Clouds,293
8213,40.693212179419 -73.9301037076316,660,Thursday,30553,Residence,-999,-999.0,Clouds,293
8213,40.693212179419 -73.9301037076316,720,Friday,28156,Residence,-999,-999.0,Clouds,293
8213,40.693212179419 -73.9301037076316,720,Friday,30553,Residence,-999,-999.0,Clouds,293
8213,40.693212179419 -73.9301037076316,720,Friday,5047,Residence,-999,-999.0,Clouds,293
8213,40.679336210457 -73.9302849769592,720,Friday,29725,Travel & Transport,-999,-999.0,Clouds,293
8213,40.7255768 -74.004252,780,Friday,10771,Travel & Transport,-999,-999.0,Clouds,293
8213,40.7267850637436 -74.0034674744571,780,Friday,18403,Outdoors & Recreation,-999,6.7,Clouds,293
8213,40.727297 -74.005485,780,Friday,32540,Food,1,4.9,Clouds,293
8213,40.727035 -74.005569,780,Friday,322,Shop & Service,-999,-999.0,Clouds,293
8213,40.7264930782502 -74.0053010902954,780,Friday,737,Professional & Other Places,-999,8.3,Clouds,293
8213,40.7255768 -74.004252,1140,Friday,10771,Travel & Transport,-999,-999.0,Clear,293
8213,40.7159507376023 -73.9495953372234,1200,Friday,26912,Shop & Service,-999,-999.0,Clear,293
8213,40.693212179419 -73.9301037076316,1020,Saturday,28156,Residence,-999,-999.0,Clear,293
8213,40.693212179419 -73.9301037076316,1020,Saturday,30553,Residence,-999,-999.0,Clear,293
8213,40.693212179419 -73.9301037076316,1020,Saturday,5047,Residence,-999,-999.0,Clear,293
8213,40.711258577944 -73.94843582529441,1080,Saturday,18546,Shop & Service,-999,5.7,Clear,293
8213,40.693212179419 -73.9301037076316,600,Sunday,28156,Residence,-999,-999.0,Clear,293
8213,40.693212179419 -73.9301037076316,600,Sunday,30553,Residence,-999,-999.0,Clear,293
8213,40.693212179419 -73.9301037076316,900,Sunday,5047,Residence,-999,-999.0,Clear,293
8213,40.7159507376023 -73.9495953372234,960,Sunday,26912,Shop & Service,-999,-999.0,Clear,293
8214,40.679336210457 -73.9302849769592,720,Tuesday,29725,Travel & Transport,-999,-999.0,Clouds,293
8214,40.7255768 -74.004252,780,Tuesday,10771,Travel & Transport,-999,-999.0,Clouds,293
8214,40.7267850637436 -74.0034674744571,780,Tuesday,18403,Outdoors & Recreation,-999,6.7,Clouds,293
8214,40.726901990217 -74.0032753966517,780,Tuesday,26095,Food,1,7.1,Clouds,293
8214,40.727205 -74.003234,780,Tuesday,30399,Shop & Service,-999,-999.0,Fog,293
8214,40.727035 -74.005569,780,Tuesday,322,Shop & Service,-999,-999.0,Fog,293
8214,40.7255768 -74.004252,1200,Tuesday,10771,Travel & Transport,-999,-999.0,Clear,293
8214,40.7159507376023 -73.9495953372234,1200,Tuesday,26912,Shop & Service,-999,-999.0,Clear,293
8214,40.7038650412276 -73.9474014937878,120,Wednesday,8587,Travel & Transport,-999,-999.0,Clouds,293
8214,40.693212179419 -73.9301037076316,660,Thursday,28156,Residence,-999,-999.0,Clouds,293
8214,40.693212179419 -73.9301037076316,660,Thursday,30553,Residence,-999,-999.0,Clouds,293
8214,40.693212179419 -73.9301037076316,660,Thursday,5047,Residence,-999,-999.0,Clouds,293
8214,40.8005723332351 -73.9581799507141,720,Thursday,16235,Travel & Transport,-999,-999.0,Clouds,293
8214,40.8003550593056 -73.9590261584867,720,Thursday,2679,Outdoors & Recreation,-999,7.0,Clouds,293
8214,40.8016669329478 -73.9574189908253,720,Thursday,19012,Shop & Service,-999,-999.0,Clouds,293
8214,40.8005723332351 -73.9581799507141,780,Thursday,16235,Travel & Transport,-999,-999.0,Clouds,293
8214,40.7255768 -74.004252,780,Thursday,10771,Travel & Transport,-999,-999.0,Clouds,293
8214,40.7267850637436 -74.0034674744571,780,Thursday,18403,Outdoors & Recreation,-999,6.7,Clouds,293
8214,40.7269270554884 -74.0054904599932,780,Thursday,737,Professional & Other Places,-999,8.3,Clouds,293
8214,40.7264855460639 -74.00508876647191,780,Thursday,17277,Food,-999,-999.0,Clouds,293
8214,40.7255768 -74.004252,1200,Thursday,10771,Travel & Transport,-999,-999.0,Clouds,293
8214,40.8586188436888 -73.855824753424,1260,Thursday,37642,Travel & Transport,-999,-999.0,Clouds,293
8214,40.693212179419 -73.9301037076316,720,Friday,28156,Residence,-999,-999.0,Clouds,293
8214,40.693212179419 -73.9301037076316,720,Friday,30553,Residence,-999,-999.0,Clouds,293
8214,40.693212179419 -73.9301037076316,720,Friday,5047,Residence,-999,-999.0,Clouds,293
8214,40.679336210457 -73.9302849769592,720,Friday,29725,Travel & Transport,-999,-999.0,Clouds,293
8214,40.7255768 -74.004252,780,Friday,10771,Travel & Transport,-999,-999.0,Clouds,293
8214,40.7267850637436 -74.0034674744571,780,Friday,18403,Outdoors & Recreation,-999,6.7,Clouds,293
8214,40.7278966339721 -74.00722347094509,780,Friday,17531,Shop & Service,-999,6.4,Clouds,293
8214,40.727035 -74.005569,780,Friday,322,Shop & Service,-999,-999.0,Clouds,293
8214,40.7255768 -74.004252,1200,Friday,10771,Travel & Transport,-999,-999.0,Fog,293
8214,40.7575233146329 -73.9691786872484,1200,Friday,8670,Travel & Transport,-999,-999.0,Clear,293
8214,40.757140632601 -73.9669699619962,1200,Friday,20898,Shop & Service,-999,9.4,Clear,293
8214,40.7567738415684 -73.9672454637598,1380,Friday,15200,Shop & Service,-999,-999.0,Clear,293
8214,40.757140632601 -73.9669699619962,1380,Friday,20898,Shop & Service,-999,9.4,Clear,293
8214,40.7159507376023 -73.9495953372234,120,Saturday,26912,Shop & Service,-999,-999.0,Clouds,293
8214,40.7039808785272 -73.947861806915,120,Saturday,23931,Travel & Transport,-999,-999.0,Clouds,293
8214,40.693212179419 -73.9301037076316,840,Saturday,28156,Residence,-999,-999.0,Clouds,293
8214,40.693212179419 -73.9301037076316,840,Saturday,30553,Residence,-999,-999.0,Clouds,293
8214,40.693212179419 -73.9301037076316,1080,Saturday,5047,Residence,-999,-999.0,Clouds,293
8214,40.7063360550192 -73.9475403558783,1080,Saturday,35889,Outdoors & Recreation,-999,6.5,Clouds,293
8214,40.693212179419 -73.9301037076316,780,Sunday,28156,Residence,-999,-999.0,Clouds,293
8214,40.693212179419 -73.9301037076316,780,Sunday,30553,Residence,-999,-999.0,Clouds,293
8214,40.693212179419 -73.9301037076316,960,Sunday,5047,Residence,-999,-999.0,Clear,293
8217,40.693212179419 -73.9301037076316,720,Monday,30553,Residence,-999,-999.0,Rain,293
8217,40.693212179419 -73.9301037076316,720,Monday,5047,Residence,-999,-999.0,Rain,293
8217,40.679336210457 -73.9302849769592,720,Monday,29725,Travel & Transport,-999,-999.0,Rain,293
8217,40.7255768 -74.004252,780,Monday,10771,Travel & Transport,-999,-999.0,Rain,293
8217,40.7267850637436 -74.0034674744571,780,Monday,18403,Outdoors & Recreation,-999,6.7,Rain,293
8217,40.7269270554884 -74.0054904599932,780,Monday,737,Professional & Other Places,-999,8.3,Rain,293
8217,40.7255768 -74.004252,1200,Monday,10771,Travel & Transport,-999,-999.0,Clouds,293
8217,40.7159507376023 -73.9495953372234,1200,Monday,26912,Shop & Service,-999,-999.0,Clouds,293
8217,40.704027666788505 -73.9482234386926,120,Tuesday,23931,Travel & Transport,-999,-999.0,Rain,293
8217,40.679336210457 -73.9302849769592,720,Wednesday,29725,Travel & Transport,-999,-999.0,Clouds,293
8217,40.7255768 -74.004252,780,Wednesday,10771,Travel & Transport,-999,-999.0,Clouds,293
8217,40.7267850637436 -74.0034674744571,780,Wednesday,18403,Outdoors & Recreation,-999,6.7,Clouds,293
8217,40.7269270554884 -74.0054904599932,780,Wednesday,737,Professional & Other Places,-999,8.3,Fog,293
8217,40.7255768 -74.004252,1140,Wednesday,10771,Travel & Transport,-999,-999.0,Clear,293
8217,40.704027666788505 -73.9482234386926,0,Thursday,23931,Travel & Transport,-999,-999.0,Clouds,293
8217,40.693212179419 -73.9301037076316,720,Friday,30553,Residence,-999,-999.0,Clouds,293
8217,40.693212179419 -73.9301037076316,720,Friday,5047,Residence,-999,-999.0,Clouds,293
8217,40.7255768 -74.004252,780,Friday,10771,Travel & Transport,-999,-999.0,Fog,293
8217,40.727205 -74.003234,780,Friday,30399,Shop & Service,-999,-999.0,Fog,293
8217,40.727022125085 -74.00527813637991,780,Friday,322,Shop & Service,-999,-999.0,Fog,293
8217,40.7269270554884 -74.0054904599932,780,Friday,737,Professional & Other Places,-999,8.3,Fog,293
8217,40.7264855460639 -74.00508876647191,840,Friday,17277,Food,-999,-999.0,Fog,293
8217,40.7274780889611 -74.0073554545795,1140,Friday,21133,Shop & Service,-999,6.5,Clouds,293
8217,40.7255768 -74.004252,1140,Friday,10771,Travel & Transport,-999,-999.0,Clouds,293
8217,40.715591767491496 -73.9496240379255,1200,Friday,15377,Food,1,9.2,Clouds,293
8217,40.7159507376023 -73.9495953372234,1260,Friday,26912,Shop & Service,-999,-999.0,Clouds,293
8217,40.704027666788505 -73.9482234386926,60,Saturday,23931,Travel & Transport,-999,-999.0,Clouds,293
8217,40.7160690082051 -73.94973884069141,1320,Saturday,23875,Food,1,-999.0,Clear,293
8217,40.7159507376023 -73.9495953372234,1320,Saturday,26912,Shop & Service,-999,-999.0,Clear,293
8217,40.736355820243205 -74.0291200298405,1380,Saturday,1584,Shop & Service,-999,7.9,Clear,293
8217,40.693212179419 -73.9301037076316,1080,Sunday,28156,Residence,-999,-999.0,Clear,293
8217,40.693212179419 -73.9301037076316,1080,Sunday,30553,Residence,-999,-999.0,Clear,293
8217,40.693212179419 -73.9301037076316,1080,Sunday,5047,Residence,-999,-999.0,Clear,293
8217,40.7141603083044 -73.9493829518952,1080,Sunday,7436,Food,1,7.2,Clouds,293
8217,40.7159507376023 -73.9495953372234,1080,Sunday,26912,Shop & Service,-999,-999.0,Clouds,293
8223,40.693212179419 -73.9301037076316,720,Monday,28156,Residence,-999,-999.0,Clouds,293
8223,40.693212179419 -73.9301037076316,720,Monday,30553,Residence,-999,-999.0,Clouds,293
8223,40.689900124899005 -73.9307552780914,720,Monday,25043,Food,1,-999.0,Clouds,293
8223,40.679336210457 -73.9302849769592,720,Monday,29725,Travel & Transport,-999,-999.0,Clouds,293
8223,40.7255768 -74.004252,780,Monday,10771,Travel & Transport,-999,-999.0,Clouds,293
8223,40.7269270554884 -74.0054904599932,780,Monday,737,Professional & Other Places,-999,8.3,Clouds,293
8223,40.7264855460639 -74.00508876647191,780,Monday,17277,Food,-999,-999.0,Clouds,293
8223,40.7255768 -74.004252,1140,Monday,10771,Travel & Transport,-999,-999.0,Clear,293
8223,40.7159507376023 -73.9495953372234,0,Tuesday,26912,Shop & Service,-999,-999.0,Clear,293
8223,40.704027666788505 -73.9482234386926,60,Tuesday,23931,Travel & Transport,-999,-999.0,Clear,293
8223,40.693212179419 -73.9301037076316,720,Tuesday,28156,Residence,-999,-999.0,Clouds,293
8223,40.693212179419 -73.9301037076316,720,Tuesday,30553,Residence,-999,-999.0,Clouds,293
8223,40.689900124899005 -73.9307552780914,720,Tuesday,25043,Food,1,-999.0,Clouds,293
8223,40.679336210457 -73.9302849769592,720,Tuesday,29725,Travel & Transport,-999,-999.0,Clouds,293
8223,40.7255768 -74.004252,780,Tuesday,10771,Travel & Transport,-999,-999.0,Clouds,293
8223,40.726901990217 -74.0032753966517,780,Tuesday,26095,Food,1,7.1,Clouds,293
8223,40.727161200532606 -74.0055584907532,780,Tuesday,4867,Food,2,6.2,Clouds,293
8223,40.727022125085 -74.00527813637991,780,Tuesday,322,Shop & Service,-999,-999.0,Clouds,293
8223,40.7264855460639 -74.00508876647191,780,Tuesday,17277,Food,-999,-999.0,Clouds,293
8223,40.7160690082051 -73.94973884069141,1200,Tuesday,23875,Food,1,-999.0,Clear,293
8223,40.7159507376023 -73.9495953372234,1200,Tuesday,26912,Shop & Service,-999,-999.0,Clear,293
8223,40.7141603083044 -73.9493829518952,1380,Tuesday,7436,Food,1,7.2,Clouds,293
8223,40.7042731757993 -73.9480971546566,1380,Tuesday,8159,Food,1,-999.0,Clouds,293
8223,40.704027666788505 -73.9482234386926,1380,Tuesday,23931,Travel & Transport,-999,-999.0,Clouds,293
8223,40.693212179419 -73.9301037076316,720,Wednesday,28156,Residence,-999,-999.0,Clear,293
8223,40.693212179419 -73.9301037076316,720,Wednesday,30553,Residence,-999,-999.0,Clear,293
8223,40.7255768 -74.004252,780,Wednesday,10771,Travel & Transport,-999,-999.0,Clear,293
8223,40.7267850637436 -74.0034674744571,780,Wednesday,18403,Outdoors & Recreation,-999,6.7,Clear,293
8223,40.726901990217 -74.0032753966517,780,Wednesday,26095,Food,1,7.1,Clear,293
8223,40.727205 -74.003234,780,Wednesday,30399,Shop & Service,-999,-999.0,Clear,293
8223,40.7159507376023 -73.9495953372234,1200,Wednesday,26912,Shop & Service,-999,-999.0,Clear,293
8223,40.7104396820068 -73.948771,120,Thursday,26932,Shop & Service,-999,-999.0,Clear,293
8223,40.704027666788505 -73.9482234386926,180,Thursday,23931,Travel & Transport,-999,-999.0,Clear,293
8223,40.693212179419 -73.9301037076316,600,Thursday,28156,Residence,-999,-999.0,Clouds,293
8223,40.693212179419 -73.9301037076316,600,Thursday,5047,Residence,-999,-999.0,Clouds,293
8223,40.679336210457 -73.9302849769592,720,Thursday,29725,Travel & Transport,-999,-999.0,Clear,293
8223,40.7267850637436 -74.0034674744571,780,Thursday,18403,Outdoors & Recreation,-999,6.7,Clear,293
8223,40.7278966339721 -74.00722347094509,780,Thursday,17531,Shop & Service,-999,6.4,Clear,293
8223,40.727022125085 -74.00527813637991,780,Thursday,322,Shop & Service,-999,-999.0,Clear,293
8223,40.7269270554884 -74.0054904599932,1140,Thursday,737,Professional & Other Places,-999,8.3,Clear,293
8223,40.7264855460639 -74.00508876647191,1140,Thursday,17277,Food,-999,-999.0,Clear,293
8223,40.7255768 -74.004252,1140,Thursday,10771,Travel & Transport,-999,-999.0,Clear,293
8223,40.7397705376034 -74.0025812387466,1200,Thursday,25174,Travel & Transport,-999,-999.0,Clear,293
8223,40.7159507376023 -73.9495953372234,1200,Thursday,26912,Shop & Service,-999,-999.0,Clear,293
8223,40.7160690082051 -73.94973884069141,1260,Thursday,23875,Food,1,-999.0,Clear,293
8223,40.7159507376023 -73.9495953372234,1320,Thursday,26912,Shop & Service,-999,-999.0,Clear,293
8223,40.6386091235905 -73.9372587203979,120,Friday,11457,Outdoors & Recreation,-999,7.5,Clear,293
8223,40.714049 -73.949311,120,Friday,8628,Food,1,8.4,Clear,293
8223,40.704027666788505 -73.9482234386926,120,Friday,23931,Travel & Transport,-999,-999.0,Clear,293
8223,40.693212179419 -73.9301037076316,720,Friday,28156,Residence,-999,-999.0,Clear,293
8223,40.693212179419 -73.9301037076316,720,Friday,30553,Residence,-999,-999.0,Clear,293
8223,40.7267850637436 -74.0034674744571,1200,Friday,18403,Outdoors & Recreation,-999,6.7,Clear,293
8223,40.726901990217 -74.0032753966517,1200,Friday,26095,Food,1,7.1,Clear,293
8223,40.7255768 -74.004252,1200,Friday,10771,Travel & Transport,-999,-999.0,Clear,293
8223,40.7397735859936 -74.0025758743286,1200,Friday,2323,Travel & Transport,-999,-999.0,Clear,293
8223,40.7141603083044 -73.9493829518952,1200,Friday,7436,Food,1,7.2,Clear,293
8223,40.7150559018636 -73.9495034949479,1200,Friday,34021,Food,1,5.9,Clear,293
8223,40.7159507376023 -73.9495953372234,1200,Friday,26912,Shop & Service,-999,-999.0,Clear,293
8223,40.6386091235905 -73.9372587203979,120,Saturday,11457,Outdoors & Recreation,-999,7.5,Clouds,293
8223,40.714049 -73.949311,120,Saturday,8628,Food,1,8.4,Clouds,293
8223,40.704027666788505 -73.9482234386926,120,Saturday,23931,Travel & Transport,-999,-999.0,Clear,293
8223,40.69054151282 -73.9337461593477,780,Saturday,18974,Shop & Service,-999,-999.0,Clouds,293
8223,40.6905065842704 -73.93353949725099,780,Saturday,6579,Food,1,-999.0,Clouds,293
8223,40.693212179419 -73.9301037076316,840,Saturday,5047,Residence,-999,-999.0,Clear,293
8223,40.6889859798033 -73.9280513899031,840,Saturday,17314,Travel & Transport,-999,-999.0,Clear,293
8223,40.6892781762484 -73.9221954345703,900,Saturday,8872,Shop & Service,-999,6.0,Clear,293
8223,40.6895016555993 -73.92258609115541,900,Saturday,30802,Travel & Transport,-999,-999.0,Clear,293
8223,40.693212179419 -73.9301037076316,1080,Saturday,30553,Residence,-999,-999.0,Clear,293
8223,40.693212179419 -73.9301037076316,1080,Saturday,5047,Residence,-999,-999.0,Clear,293
8223,40.7042731757993 -73.9480971546566,1080,Saturday,8159,Food,1,-999.0,Clear,293
8223,40.714049 -73.949311,1140,Saturday,8628,Food,1,8.4,Clear,293
8223,40.7141603083044 -73.9493829518952,1140,Saturday,7436,Food,1,7.2,Clear,293
8223,40.6386091235905 -73.9372587203979,1140,Saturday,11457,Outdoors & Recreation,-999,7.5,Clear,293
8223,40.7159507376023 -73.9495953372234,1140,Saturday,26912,Shop & Service,-999,-999.0,Clear,293
8223,40.6386091235905 -73.9372587203979,180,Sunday,11457,Outdoors & Recreation,-999,7.5,Clouds,293
8223,40.714049 -73.949311,180,Sunday,8628,Food,1,8.4,Clouds,293
8223,40.7104396820068 -73.948771,180,Sunday,26932,Shop & Service,-999,-999.0,Clouds,293
8223,40.7042731757993 -73.9480971546566,180,Sunday,8159,Food,1,-999.0,Clouds,293
8223,40.693212179419 -73.9301037076316,600,Sunday,28156,Residence,-999,-999.0,Clear,293
8223,40.693212179419 -73.9301037076316,660,Sunday,5047,Residence,-999,-999.0,Clear,293
8223,40.6687905899366 -73.9167015377781,660,Sunday,33760,Shop & Service,-999,5.5,Clouds,293
8223,40.6752809411105 -73.930387872991,720,Sunday,25508,Travel & Transport,-999,-999.0,Clear,293
8223,40.6905065842704 -73.93353949725099,900,Sunday,6579,Food,1,-999.0,Clear,293
8223,40.69054151282 -73.9337461593477,900,Sunday,18974,Shop & Service,-999,-999.0,Clear,293
8224,40.7255768 -74.004252,1140,Monday,10771,Travel & Transport,-999,-999.0,Clouds,293
8224,40.7141603083044 -73.9493829518952,1200,Monday,7436,Food,1,7.2,Clouds,293
8224,40.7159507376023 -73.9495953372234,1200,Monday,26912,Shop & Service,-999,-999.0,Clouds,293
8224,40.7429884742285 -73.93401022726191,1140,Tuesday,22692,Food,2,5.5,Clear,293
8224,40.7263475952382 -74.0043370234733,1140,Tuesday,20795,Food,2,-999.0,Clear,293
8224,40.7255768 -74.004252,1140,Tuesday,10771,Travel & Transport,-999,-999.0,Clear,293
8224,40.7141603083044 -73.9493829518952,1200,Tuesday,7436,Food,1,7.2,Clear,293
8224,40.7159507376023 -73.9495953372234,1200,Tuesday,26912,Shop & Service,-999,-999.0,Clear,293
8224,40.714049 -73.949311,60,Wednesday,8628,Food,1,8.4,Clouds,293
8224,40.7042731757993 -73.9480971546566,60,Wednesday,8159,Food,1,-999.0,Clouds,293
8224,40.704027666788505 -73.9482234386926,60,Wednesday,23931,Travel & Transport,-999,-999.0,Clouds,293
8224,40.693212179419 -73.9301037076316,720,Wednesday,28156,Residence,-999,-999.0,Clouds,293
8224,40.689900124899005 -73.9307552780914,720,Wednesday,25043,Food,1,-999.0,Clouds,293
8224,40.693212179419 -73.9301037076316,720,Wednesday,5047,Residence,-999,-999.0,Clouds,293
8224,40.679336210457 -73.9302849769592,720,Wednesday,29725,Travel & Transport,-999,-999.0,Clouds,293
8224,40.7255768 -74.004252,780,Wednesday,10771,Travel & Transport,-999,-999.0,Clouds,293
8224,40.7267850637436 -74.0034674744571,780,Wednesday,18403,Outdoors & Recreation,-999,6.7,Clear,293
8224,40.7273058837583 -74.00550193693859,780,Wednesday,34155,Food,1,5.3,Clear,293
8224,40.727022125085 -74.00527813637991,780,Wednesday,322,Shop & Service,-999,-999.0,Clear,293
8224,40.7255768 -74.004252,1140,Wednesday,10771,Travel & Transport,-999,-999.0,Clear,293
8224,40.7397735859936 -74.0025758743286,1200,Wednesday,2323,Travel & Transport,-999,-999.0,Clear,293
8224,40.7150559018636 -73.9495034949479,1200,Wednesday,34021,Food,1,5.9,Clear,293
8224,40.7159507376023 -73.9495953372234,1200,Wednesday,26912,Shop & Service,-999,-999.0,Clear,293
8224,40.714718 -73.949522,60,Thursday,2872,Food,2,9.3,Clear,293
8224,40.7042731757993 -73.9480971546566,60,Thursday,8159,Food,1,-999.0,Clear,293
8224,40.704027666788505 -73.9482234386926,60,Thursday,23931,Travel & Transport,-999,-999.0,Clear,293
8224,40.693212179419 -73.9301037076316,660,Thursday,28156,Residence,-999,-999.0,Clear,293
8224,40.693212179419 -73.9301037076316,660,Thursday,5047,Residence,-999,-999.0,Clear,293
8224,40.7255768 -74.004252,720,Thursday,10771,Travel & Transport,-999,-999.0,Clear,293
8224,40.7273882948381 -74.0070972256444,720,Thursday,20870,Food,1,6.6,Clear,293
8224,40.727022125085 -74.00527813637991,780,Thursday,322,Shop & Service,-999,-999.0,Clear,293
8224,40.7264855460639 -74.00508876647191,840,Thursday,17277,Food,-999,-999.0,Clear,293
8224,40.7263475952382 -74.0043370234733,1140,Thursday,20795,Food,2,-999.0,Clear,293
8224,40.7141603083044 -73.9493829518952,1200,Thursday,7436,Food,1,7.2,Clear,293
8224,40.7150559018636 -73.9495034949479,1200,Thursday,34021,Food,1,5.9,Clear,293
8224,40.7160690082051 -73.94973884069141,1200,Thursday,23875,Food,1,-999.0,Clear,293
8224,40.7159507376023 -73.9495953372234,1260,Thursday,26912,Shop & Service,-999,-999.0,Clear,293
8224,40.7042731757993 -73.9480971546566,1380,Thursday,8159,Food,1,-999.0,Clear,293
8224,40.704027666788505 -73.9482234386926,1380,Thursday,23931,Travel & Transport,-999,-999.0,Clear,293
8224,40.693212179419 -73.9301037076316,720,Friday,28156,Residence,-999,-999.0,Clear,293
8224,40.693212179419 -73.9301037076316,720,Friday,30553,Residence,-999,-999.0,Clear,293
8224,40.679336210457 -73.9302849769592,720,Friday,29725,Travel & Transport,-999,-999.0,Clear,293
8224,40.7267850637436 -74.0034674744571,780,Friday,18403,Outdoors & Recreation,-999,6.7,Clear,293
8224,40.727022125085 -74.00527813637991,840,Friday,322,Shop & Service,-999,-999.0,Clear,293
8224,40.7269270554884 -74.0054904599932,840,Friday,737,Professional & Other Places,-999,8.3,Clear,293
8224,40.7264855460639 -74.00508876647191,900,Friday,17277,Food,-999,-999.0,Clear,293
8224,40.7263475952382 -74.0043370234733,1200,Friday,20795,Food,2,-999.0,Clear,293
8224,40.7255768 -74.004252,1200,Friday,10771,Travel & Transport,-999,-999.0,Clear,293
8224,40.757140632601 -73.9669699619962,1200,Friday,20898,Shop & Service,-999,9.4,Clear,293
8224,40.7159507376023 -73.9495953372234,60,Saturday,26912,Shop & Service,-999,-999.0,Clouds,293
8224,40.714049 -73.949311,180,Saturday,8628,Food,1,8.4,Clouds,293
8224,40.7063360550192 -73.9475403558783,180,Saturday,35889,Outdoors & Recreation,-999,6.5,Clouds,293
8224,40.7042731757993 -73.9480971546566,180,Saturday,8159,Food,1,-999.0,Clouds,293
8224,40.704027666788505 -73.9482234386926,180,Saturday,23931,Travel & Transport,-999,-999.0,Clouds,293
8224,40.693212179419 -73.9301037076316,780,Sunday,5047,Residence,-999,-999.0,Clouds,293
8224,40.7141603083044 -73.9493829518952,780,Sunday,7436,Food,1,7.2,Clouds,293
8224,40.7150559018636 -73.9495034949479,780,Sunday,34021,Food,1,5.9,Clouds,293
8224,40.7161088634895 -73.95280978937271,840,Sunday,29423,Professional & Other Places,-999,-999.0,Clouds,293
8224,40.71590752439511 -73.9531910419464,840,Sunday,35795,Professional & Other Places,-999,-999.0,Clouds,293
8225,40.693212179419 -73.9301037076316,660,Monday,28156,Residence,-999,-999.0,Clear,293
8225,40.689900124899005 -73.9307552780914,720,Monday,25043,Food,1,-999.0,Clouds,293
8225,40.679336210457 -73.9302849769592,720,Monday,29725,Travel & Transport,-999,-999.0,Clouds,293
8225,40.727022125085 -74.00527813637991,780,Monday,322,Shop & Service,-999,-999.0,Clouds,293
8225,40.7263475952382 -74.0043370234733,1140,Monday,20795,Food,2,-999.0,Clear,293
8225,40.7255768 -74.004252,1140,Monday,10771,Travel & Transport,-999,-999.0,Clear,293
8225,40.7397735859936 -74.0025758743286,1140,Monday,2323,Travel & Transport,-999,-999.0,Clear,293
8225,40.7397705376034 -74.0025812387466,1200,Monday,25174,Travel & Transport,-999,-999.0,Clear,293
8225,40.7150559018636 -73.9495034949479,1200,Monday,34021,Food,1,5.9,Clear,293
8225,40.7149479466412 -73.94981145858759,1200,Monday,28894,Shop & Service,-999,-999.0,Clear,293
8225,40.7159507376023 -73.9495953372234,1200,Monday,26912,Shop & Service,-999,-999.0,Clear,293
8225,40.714049 -73.949311,60,Tuesday,8628,Food,1,8.4,Clear,293
8225,40.7042731757993 -73.9480971546566,60,Tuesday,8159,Food,1,-999.0,Clear,293
8225,40.704027666788505 -73.9482234386926,60,Tuesday,23931,Travel & Transport,-999,-999.0,Clear,293
8225,40.693212179419 -73.9301037076316,660,Tuesday,28156,Residence,-999,-999.0,Clear,293
8225,40.693212179419 -73.9301037076316,660,Tuesday,30553,Residence,-999,-999.0,Clear,293
8225,40.693212179419 -73.9301037076316,720,Tuesday,5047,Residence,-999,-999.0,Clear,293
8225,40.7255768 -74.004252,780,Tuesday,10771,Travel & Transport,-999,-999.0,Clear,293
8225,40.727022125085 -74.00527813637991,780,Tuesday,322,Shop & Service,-999,-999.0,Clear,293
8225,40.7269270554884 -74.0054904599932,780,Tuesday,737,Professional & Other Places,-999,8.3,Clear,293
8225,40.7255768 -74.004252,1200,Tuesday,10771,Travel & Transport,-999,-999.0,Clear,293
8225,40.7397735859936 -74.0025758743286,1200,Tuesday,2323,Travel & Transport,-999,-999.0,Clear,293
8225,40.7397705376034 -74.0025812387466,1200,Tuesday,25174,Travel & Transport,-999,-999.0,Clear,293
8225,40.7140613509724 -73.9491877867933,1200,Tuesday,6584,Travel & Transport,-999,-999.0,Clear,293
8225,40.7141603083044 -73.9493829518952,1200,Tuesday,7436,Food,1,7.2,Clear,293
8225,40.7150559018636 -73.9495034949479,1200,Tuesday,34021,Food,1,5.9,Clear,293
8225,40.7159507376023 -73.9495953372234,1200,Tuesday,26912,Shop & Service,-999,-999.0,Clear,293
8225,40.693212179419 -73.9301037076316,720,Wednesday,30553,Residence,-999,-999.0,Clear,293
8225,40.689900124899005 -73.9307552780914,720,Wednesday,25043,Food,1,-999.0,Clear,293
8225,40.693212179419 -73.9301037076316,720,Wednesday,5047,Residence,-999,-999.0,Clear,293
8225,40.679336210457 -73.9302849769592,720,Wednesday,29725,Travel & Transport,-999,-999.0,Clear,293
8225,40.7255768 -74.004252,780,Wednesday,10771,Travel & Transport,-999,-999.0,Clouds,293
8225,40.7267850637436 -74.0034674744571,780,Wednesday,18403,Outdoors & Recreation,-999,6.7,Clouds,293
8225,40.727022125085 -74.00527813637991,780,Wednesday,322,Shop & Service,-999,-999.0,Clouds,293
8225,40.7269270554884 -74.0054904599932,960,Wednesday,737,Professional & Other Places,-999,8.3,Rain,293
8225,40.7264855460639 -74.00508876647191,1020,Wednesday,17277,Food,-999,-999.0,Rain,293
8225,40.7255768 -74.004252,1140,Wednesday,10771,Travel & Transport,-999,-999.0,Clear,293
8225,40.7397705376034 -74.0025812387466,1200,Wednesday,25174,Travel & Transport,-999,-999.0,Clear,293
8225,40.7141603083044 -73.9493829518952,1200,Wednesday,7436,Food,1,7.2,Clear,293
8225,40.7150559018636 -73.9495034949479,1200,Wednesday,34021,Food,1,5.9,Clear,293
8225,40.6892781762484 -73.9221954345703,540,Friday,8872,Shop & Service,-999,6.0,Clouds,293
8225,40.6902745511944 -73.9233840802866,540,Friday,906,Shop & Service,-999,6.4,Rain,293
8225,40.690652 -73.92427,540,Friday,5924,Shop & Service,-999,5.4,Rain,293
8225,40.7255768 -74.004252,1200,Friday,10771,Travel & Transport,-999,-999.0,Clouds,293
8225,40.7575233146329 -73.9691786872484,1200,Friday,8670,Travel & Transport,-999,-999.0,Clouds,293
8225,40.756773 -73.967124,1200,Friday,35918,Nightlife Spot,2,-999.0,Clouds,293
8225,40.757140632601 -73.9669699619962,1200,Friday,20898,Shop & Service,-999,9.4,Clouds,293
8225,40.6632055863491 -73.9507835427282,1080,Saturday,24217,Travel & Transport,-999,-999.0,Clouds,293
8226,40.693212179419 -73.9301037076316,660,Tuesday,30553,Residence,-999,-999.0,Clouds,293
8226,40.689900124899005 -73.9307552780914,720,Tuesday,25043,Food,1,-999.0,Clouds,293
8226,40.693212179419 -73.9301037076316,720,Tuesday,5047,Residence,-999,-999.0,Clouds,293
8226,40.679336210457 -73.9302849769592,720,Tuesday,29725,Travel & Transport,-999,-999.0,Clouds,293
8226,40.7267850637436 -74.0034674744571,780,Tuesday,18403,Outdoors & Recreation,-999,6.7,Clouds,293
8226,40.7269270554884 -74.0054904599932,780,Tuesday,737,Professional & Other Places,-999,8.3,Clouds,293
8226,40.7397735859936 -74.0025758743286,1080,Thursday,2323,Travel & Transport,-999,-999.0,Clouds,293
8226,40.7397705376034 -74.0025812387466,1140,Thursday,25174,Travel & Transport,-999,-999.0,Clouds,293
8226,40.7141603083044 -73.9493829518952,1140,Thursday,7436,Food,1,7.2,Clouds,293
8226,40.7150559018636 -73.9495034949479,1140,Thursday,34021,Food,1,5.9,Clouds,293
8226,40.7160690082051 -73.94973884069141,1140,Thursday,23875,Food,1,-999.0,Clouds,293
8226,40.7159507376023 -73.9495953372234,60,Saturday,26912,Shop & Service,-999,-999.0,Clouds,293
8226,40.7042731757993 -73.9480971546566,60,Sunday,8159,Food,1,-999.0,Clouds,293
8226,40.704027666788505 -73.9482234386926,60,Sunday,23931,Travel & Transport,-999,-999.0,Clouds,293
8226,40.693212179419 -73.9301037076316,1020,Sunday,28156,Residence,-999,-999.0,Clear,293
8226,40.693212179419 -73.9301037076316,1020,Sunday,30553,Residence,-999,-999.0,Clear,293
8226,40.689900124899005 -73.9307552780914,1020,Sunday,25043,Food,1,-999.0,Clear,293
8226,40.7065994949756 -73.9475403558783,1080,Sunday,35889,Outdoors & Recreation,-999,6.5,Clear,293
8226,40.7104396820068 -73.948771,1080,Sunday,26932,Shop & Service,-999,-999.0,Clear,293
8226,40.714049 -73.949311,1080,Sunday,8628,Food,1,8.4,Clear,293
8226,40.7159507376023 -73.9495953372234,1080,Sunday,26912,Shop & Service,-999,-999.0,Clear,293
8227,40.714049 -73.949311,120,Monday,8628,Food,1,8.4,Clouds,293
8227,40.7042731757993 -73.9480971546566,120,Monday,8159,Food,1,-999.0,Clouds,293
8227,40.704027666788505 -73.9482234386926,120,Monday,23931,Travel & Transport,-999,-999.0,Clouds,293
8227,40.693212179419 -73.9301037076316,480,Monday,28156,Residence,-999,-999.0,Clouds,293
8227,40.693212179419 -73.9301037076316,480,Monday,30553,Residence,-999,-999.0,Clouds,293
8227,40.693212179419 -73.9301037076316,540,Monday,5047,Residence,-999,-999.0,Clouds,293
8227,40.6864823140982 -73.9302902808943,540,Monday,22270,Shop & Service,-999,5.7,Clouds,293
8227,40.679336210457 -73.9302849769592,720,Monday,29725,Travel & Transport,-999,-999.0,Clouds,293
8227,40.7264855460639 -74.00508876647191,840,Monday,17277,Food,-999,-999.0,Clouds,293
8227,40.693212179419 -73.9301037076316,600,Sunday,5047,Residence,-999,-999.0,Clouds,293
8227,40.6752809411105 -73.930387872991,600,Sunday,25508,Travel & Transport,-999,-999.0,Clouds,293
8227,40.6687905899366 -73.9167015377781,660,Sunday,33760,Shop & Service,-999,5.5,Clouds,293
8227,40.6905065842704 -73.93353949725099,840,Sunday,6579,Food,1,-999.0,Clouds,293
8227,40.69054151282 -73.9337461593477,840,Sunday,18974,Shop & Service,-999,-999.0,Clouds,293
8227,40.689900124899005 -73.9307552780914,1140,Sunday,25043,Food,1,-999.0,Rain,293
8227,40.693212179419 -73.9301037076316,1140,Sunday,5047,Residence,-999,-999.0,Rain,293
8227,40.7160690082051 -73.94973884069141,1200,Sunday,23875,Food,1,-999.0,Rain,293
8228,40.714049 -73.949311,0,Monday,8628,Food,1,8.4,Clouds,293
8228,40.7104396820068 -73.948771,0,Monday,26932,Shop & Service,-999,-999.0,Clouds,293
8228,40.7042731757993 -73.9480971546566,0,Monday,8159,Food,1,-999.0,Clouds,293
8228,40.704027666788505 -73.9482234386926,0,Monday,23931,Travel & Transport,-999,-999.0,Clouds,293
8228,40.689900124899005 -73.9307552780914,660,Thursday,25043,Food,1,-999.0,Clouds,293
8228,40.679336210457 -73.9302849769592,720,Thursday,29725,Travel & Transport,-999,-999.0,Clouds,293
8228,40.7208190447891 -74.0052795410156,720,Thursday,2879,Travel & Transport,-999,-999.0,Clouds,293
8228,40.7223090991531 -74.0052158385515,720,Thursday,8611,Outdoors & Recreation,-999,-999.0,Clouds,293
8228,40.7267850637436 -74.0034674744571,780,Thursday,18403,Outdoors & Recreation,-999,6.7,Clouds,293
8228,40.726901990217 -74.0032753966517,780,Thursday,26095,Food,1,7.1,Clouds,293
8228,40.7269270554884 -74.0054904599932,900,Thursday,737,Professional & Other Places,-999,8.3,Clear,293
8228,40.7263475952382 -74.0043370234733,1140,Thursday,20795,Food,2,-999.0,Clouds,293
8228,40.7255768 -74.004252,1140,Thursday,10771,Travel & Transport,-999,-999.0,Clouds,293
8228,40.7397705376034 -74.0025812387466,1200,Thursday,25174,Travel & Transport,-999,-999.0,Clear,293
8228,40.7141603083044 -73.9493829518952,1200,Thursday,7436,Food,1,7.2,Clear,293
8228,40.7150559018636 -73.9495034949479,1200,Thursday,34021,Food,1,5.9,Clear,293
8228,40.7159507376023 -73.9495953372234,1200,Thursday,26912,Shop & Service,-999,-999.0,Clear,293
8228,40.689900124899005 -73.9307552780914,660,Friday,25043,Food,1,-999.0,Clouds,293
8228,40.6686929213789 -73.93140077590941,660,Friday,37883,Travel & Transport,-999,-999.0,Clouds,293
8228,40.7397705376034 -74.0025812387466,780,Friday,25174,Travel & Transport,-999,-999.0,Rain,293
8228,40.7397735859936 -74.0025758743286,780,Friday,2323,Travel & Transport,-999,-999.0,Rain,293
8228,40.7267850637436 -74.0034674744571,780,Friday,18403,Outdoors & Recreation,-999,6.7,Rain,293
8228,40.7264855460639 -74.00508876647191,840,Friday,17277,Food,-999,-999.0,Clouds,293
8228,40.7263475952382 -74.0043370234733,1200,Friday,20795,Food,2,-999.0,Clouds,293
8228,40.7255768 -74.004252,1200,Friday,10771,Travel & Transport,-999,-999.0,Clouds,293
8228,40.7397735859936 -74.0025758743286,1200,Friday,2323,Travel & Transport,-999,-999.0,Clouds,293
8228,40.7397705376034 -74.0025812387466,1200,Friday,25174,Travel & Transport,-999,-999.0,Clouds,293
8228,40.7150559018636 -73.9495034949479,1200,Friday,34021,Food,1,5.9,Clouds,293
8228,40.7042731757993 -73.9480971546566,120,Saturday,8159,Food,1,-999.0,Clear,293
8228,40.704027666788505 -73.9482234386926,120,Saturday,23931,Travel & Transport,-999,-999.0,Clear,293
8228,40.693212179419 -73.9301037076316,540,Saturday,30553,Residence,-999,-999.0,Clouds,293
8228,40.689900124899005 -73.9307552780914,720,Saturday,25043,Food,1,-999.0,Clouds,293
8228,40.6845107737926 -73.9768695831299,780,Saturday,35245,Shop & Service,-999,5.8,Clouds,293
8228,40.7372292665104 -73.9902656863517,840,Saturday,20063,Shop & Service,-999,5.7,Clouds,293
8228,40.7141603083044 -73.9493829518952,960,Saturday,7436,Food,1,7.2,Clouds,293
8228,40.7150559018636 -73.9495034949479,960,Saturday,34021,Food,1,5.9,Clouds,293
8228,40.719107 -73.945468,1140,Saturday,15190,Food,1,-999.0,Clear,293
8228,40.7159507376023 -73.9495953372234,0,Sunday,26912,Shop & Service,-999,-999.0,Clouds,293
8228,40.7042731757993 -73.9480971546566,240,Sunday,8159,Food,1,-999.0,Clouds,293
8228,40.704027666788505 -73.9482234386926,240,Sunday,23931,Travel & Transport,-999,-999.0,Clouds,293
8228,40.693212179419 -73.9301037076316,960,Sunday,28156,Residence,-999,-999.0,Clouds,293
8228,40.6864823140982 -73.9302902808943,1020,Sunday,22270,Shop & Service,-999,5.7,Clouds,293
8228,40.693212179419 -73.9301037076316,1020,Sunday,5047,Residence,-999,-999.0,Clouds,293
8228,40.7042731757993 -73.9480971546566,1080,Sunday,8159,Food,1,-999.0,Clouds,293
8228,40.7160690082051 -73.94973884069141,1380,Sunday,23875,Food,1,-999.0,Clear,293
8234,40.679336210457 -73.9302849769592,720,Monday,29725,Travel & Transport,-999,-999.0,Clear,293
8234,40.7267850637436 -74.0034674744571,780,Monday,18403,Outdoors & Recreation,-999,6.7,Clouds,293
8234,40.7270480371234 -74.0034590298204,780,Monday,30399,Shop & Service,-999,-999.0,Clouds,293
8234,40.6890452721271 -73.9303189844572,720,Thursday,22512,Food,1,-999.0,Clear,293
8234,40.7255768 -74.004252,780,Thursday,10771,Travel & Transport,-999,-999.0,Clear,293
8234,40.7267850637436 -74.0034674744571,780,Thursday,18403,Outdoors & Recreation,-999,6.7,Clear,293
8234,40.7269270554884 -74.0054904599932,1080,Thursday,737,Professional & Other Places,-999,8.3,Clear,293
8234,40.7263475952382 -74.0043370234733,1200,Thursday,20795,Food,2,-999.0,Clear,293
8234,40.7255768 -74.004252,1200,Thursday,10771,Travel & Transport,-999,-999.0,Clear,293
8234,40.7397735859936 -74.0025758743286,1200,Thursday,2323,Travel & Transport,-999,-999.0,Clear,293
8234,40.7138094466215 -73.95024061203,1200,Thursday,27480,Travel & Transport,-999,-999.0,Clear,293
8234,40.7141603083044 -73.9493829518952,1200,Thursday,7436,Food,1,7.2,Clear,293
8234,40.7150559018636 -73.9495034949479,1200,Thursday,34021,Food,1,5.9,Clear,293
8234,40.7160690082051 -73.94973884069141,1200,Thursday,23875,Food,1,-999.0,Clear,293
8234,40.7159507376023 -73.9495953372234,1260,Thursday,26912,Shop & Service,-999,-999.0,Clear,293
8234,40.767701984777496 -73.9825466718415,780,Friday,37024,Shop & Service,-999,-999.0,Clouds,293
8234,40.7690810356833 -73.9771259591833,840,Friday,37972,Residence,-999,-999.0,Clouds,293
8234,40.76387225821389 -73.9777199780318,840,Friday,22145,Shop & Service,-999,-999.0,Clouds,293
8234,40.7642913321745 -73.9772129058838,840,Friday,35207,Travel & Transport,-999,-999.0,Clouds,293
8234,40.7138094466215 -73.95024061203,840,Friday,27480,Travel & Transport,-999,-999.0,Clouds,293
8234,40.7141603083044 -73.9493829518952,840,Friday,7436,Food,1,7.2,Clouds,293
8234,40.7150559018636 -73.9495034949479,840,Friday,34021,Food,1,5.9,Clouds,293
8234,40.7160690082051 -73.94973884069141,900,Friday,23875,Food,1,-999.0,Clouds,293
8234,40.715591767491496 -73.9496240379255,900,Friday,15377,Food,1,9.2,Clouds,293
8234,40.714049 -73.949311,180,Saturday,8628,Food,1,8.4,Clear,293
8234,40.7042731757993 -73.9480971546566,180,Saturday,8159,Food,1,-999.0,Clear,293
8235,40.693212179419 -73.9301037076316,660,Tuesday,30553,Residence,-999,-999.0,Clouds,293
8235,40.693212179419 -73.9301037076316,720,Tuesday,5047,Residence,-999,-999.0,Clear,293
8235,40.6891441345215 -73.9303207397461,720,Tuesday,23998,Food,1,-999.0,Clear,293
8235,40.6890452721271 -73.9303189844572,720,Tuesday,22512,Food,1,-999.0,Clear,293
8235,40.7255768 -74.004252,780,Tuesday,10771,Travel & Transport,-999,-999.0,Clear,293
8235,40.7267850637436 -74.0034674744571,780,Tuesday,18403,Outdoors & Recreation,-999,6.7,Clear,293
8235,40.7264855460639 -74.00508876647191,840,Tuesday,17277,Food,-999,-999.0,Clear,293
8235,40.693212179419 -73.9301037076316,720,Thursday,28156,Residence,-999,-999.0,Clouds,293
8235,40.693212179419 -73.9301037076316,720,Thursday,30553,Residence,-999,-999.0,Clouds,293
8235,40.693212179419 -73.9301037076316,720,Thursday,5047,Residence,-999,-999.0,Clouds,293
8235,40.6890452721271 -73.9303189844572,720,Thursday,22512,Food,1,-999.0,Clouds,293
8235,40.7269270554884 -74.0054904599932,1140,Thursday,737,Professional & Other Places,-999,8.3,Clouds,293
8235,40.7255768 -74.004252,1140,Thursday,10771,Travel & Transport,-999,-999.0,Clouds,293
8235,40.7397735859936 -74.0025758743286,1200,Thursday,2323,Travel & Transport,-999,-999.0,Clouds,293
8235,40.7397705376034 -74.0025812387466,1200,Thursday,25174,Travel & Transport,-999,-999.0,Clouds,293
8235,40.7138094466215 -73.95024061203,1200,Thursday,27480,Travel & Transport,-999,-999.0,Clouds,293
8235,40.693212179419 -73.9301037076316,660,Friday,28156,Residence,-999,-999.0,Rain,293
8235,40.693212179419 -73.9301037076316,660,Friday,30553,Residence,-999,-999.0,Rain,293
8235,40.689900124899005 -73.9307552780914,720,Friday,25043,Food,1,-999.0,Rain,293
8235,40.6891441345215 -73.9303207397461,780,Friday,23998,Food,1,-999.0,Rain,293
8235,40.6890452721271 -73.9303189844572,780,Friday,22512,Food,1,-999.0,Rain,293
8235,40.679336210457 -73.9302849769592,780,Friday,29725,Travel & Transport,-999,-999.0,Rain,293
8235,40.7255768 -74.004252,840,Friday,10771,Travel & Transport,-999,-999.0,Clouds,293
8235,40.7270480371234 -74.0034590298204,840,Friday,30399,Shop & Service,-999,-999.0,Clouds,293
8235,40.7264855460639 -74.00508876647191,900,Friday,17277,Food,-999,-999.0,Clouds,293
8236,40.693212179419 -73.9301037076316,720,Monday,28156,Residence,-999,-999.0,Clear,293
8236,40.693212179419 -73.9301037076316,720,Monday,30553,Residence,-999,-999.0,Clear,293
8236,40.693212179419 -73.9301037076316,720,Monday,5047,Residence,-999,-999.0,Clear,293
8236,40.6891441345215 -73.9303207397461,720,Monday,23998,Food,1,-999.0,Clear,293
8236,40.679336210457 -73.9302849769592,720,Monday,29725,Travel & Transport,-999,-999.0,Clear,293
8236,40.7255768 -74.004252,960,Monday,10771,Travel & Transport,-999,-999.0,Clear,293
8236,40.727022125085 -74.00527813637991,960,Monday,322,Shop & Service,-999,-999.0,Clear,293
8236,40.7269270554884 -74.0054904599932,960,Monday,737,Professional & Other Places,-999,8.3,Clear,293
8236,40.7263475952382 -74.0043370234733,1140,Monday,20795,Food,2,-999.0,Clear,293
8236,40.751575 -73.992015,1200,Monday,22032,Shop & Service,-999,5.3,Clear,293
8236,40.7397735859936 -74.0025758743286,1200,Monday,2323,Travel & Transport,-999,-999.0,Clear,293
8236,40.7397705376034 -74.0025812387466,1200,Monday,25174,Travel & Transport,-999,-999.0,Clear,293
8236,40.7160690082051 -73.94973884069141,1200,Monday,23875,Food,1,-999.0,Clear,293
8236,40.7042731757993 -73.9480971546566,1380,Monday,8159,Food,1,-999.0,Clear,293
8236,40.689900124899005 -73.9307552780914,720,Tuesday,25043,Food,1,-999.0,Clouds,293
8236,40.693212179419 -73.9301037076316,720,Tuesday,5047,Residence,-999,-999.0,Clouds,293
8236,40.6890452721271 -73.9303189844572,720,Tuesday,22512,Food,1,-999.0,Clouds,293
8236,40.679336210457 -73.9302849769592,780,Tuesday,29725,Travel & Transport,-999,-999.0,Rain,293
8236,40.7255768 -74.004252,840,Tuesday,10771,Travel & Transport,-999,-999.0,Rain,293
8236,40.7270480371234 -74.0034590298204,840,Tuesday,30399,Shop & Service,-999,-999.0,Unknown,293
8236,40.727022125085 -74.00527813637991,840,Tuesday,322,Shop & Service,-999,-999.0,Unknown,293
8236,40.7264855460639 -74.00508876647191,840,Tuesday,17277,Food,-999,-999.0,Unknown,293
8236,40.7255768 -74.004252,1140,Tuesday,10771,Travel & Transport,-999,-999.0,Clouds,293
8236,40.7397735859936 -74.0025758743286,1200,Tuesday,2323,Travel & Transport,-999,-999.0,Clouds,293
8236,40.7397705376034 -74.0025812387466,1200,Tuesday,25174,Travel & Transport,-999,-999.0,Clouds,293
8236,40.7138094466215 -73.95024061203,1200,Tuesday,27480,Travel & Transport,-999,-999.0,Rain,293
8236,40.7141603083044 -73.9493829518952,1200,Tuesday,7436,Food,1,7.2,Rain,293
8236,40.7150559018636 -73.9495034949479,1200,Tuesday,34021,Food,1,5.9,Rain,293
8236,40.7160690082051 -73.94973884069141,1200,Tuesday,23875,Food,1,-999.0,Rain,293
8236,40.7042731757993 -73.9480971546566,1380,Tuesday,8159,Food,1,-999.0,Rain,293
8236,40.693212179419 -73.9301037076316,720,Wednesday,30553,Residence,-999,-999.0,Clouds,293
8236,40.689900124899005 -73.9307552780914,720,Wednesday,25043,Food,1,-999.0,Clouds,293
8236,40.693212179419 -73.9301037076316,720,Wednesday,5047,Residence,-999,-999.0,Clouds,293
8236,40.6890452721271 -73.9303189844572,720,Wednesday,22512,Food,1,-999.0,Clouds,293
8236,40.679336210457 -73.9302849769592,720,Wednesday,29725,Travel & Transport,-999,-999.0,Clouds,293
8236,40.7267850637436 -74.0034674744571,780,Wednesday,18403,Outdoors & Recreation,-999,6.7,Clouds,293
8236,40.727022125085 -74.00527813637991,780,Wednesday,322,Shop & Service,-999,-999.0,Clouds,293
8236,40.7269270554884 -74.0054904599932,780,Wednesday,737,Professional & Other Places,-999,8.3,Clouds,293
8236,40.7264855460639 -74.00508876647191,780,Wednesday,17277,Food,-999,-999.0,Clouds,293
8236,40.7255768 -74.004252,1140,Wednesday,10771,Travel & Transport,-999,-999.0,Clouds,293
8236,40.7397735859936 -74.0025758743286,1200,Wednesday,2323,Travel & Transport,-999,-999.0,Clouds,293
8236,40.7138094466215 -73.95024061203,1200,Wednesday,27480,Travel & Transport,-999,-999.0,Clouds,293
8236,40.7141603083044 -73.9493829518952,1200,Wednesday,7436,Food,1,7.2,Clouds,293
8236,40.7150559018636 -73.9495034949479,1200,Wednesday,34021,Food,1,5.9,Clouds,293
8236,40.7159507376023 -73.9495953372234,1260,Wednesday,26912,Shop & Service,-999,-999.0,Clouds,293
8236,40.7042731757993 -73.9480971546566,1380,Wednesday,8159,Food,1,-999.0,Clouds,293
8236,40.693212179419 -73.9301037076316,480,Thursday,28156,Residence,-999,-999.0,Clouds,293
8236,40.693212179419 -73.9301037076316,480,Thursday,30553,Residence,-999,-999.0,Clouds,293
8236,40.6891441345215 -73.9303207397461,540,Thursday,23998,Food,1,-999.0,Clouds,293
8236,40.6890452721271 -73.9303189844572,540,Thursday,22512,Food,1,-999.0,Clouds,293
8236,40.8082417326032 -73.9636065128821,600,Thursday,15109,Travel & Transport,-999,-999.0,Clouds,293
8236,40.805351 -73.962127,600,Thursday,18040,Professional & Other Places,-999,-999.0,Clouds,293
8236,40.8048252891597 -73.9662869455088,720,Thursday,26883,Shop & Service,-999,6.4,Clouds,293
8236,40.8039685675861 -73.9664304365683,720,Thursday,9888,Shop & Service,-999,-999.0,Clouds,293
8236,40.800707779193 -73.95825127574909,780,Thursday,2679,Outdoors & Recreation,-999,7.0,Clouds,293
8236,40.7999713316835 -73.9579439163208,780,Thursday,13289,Outdoors & Recreation,-999,8.4,Clouds,293
8236,40.8005723332351 -73.9581799507141,780,Thursday,16235,Travel & Transport,-999,-999.0,Clouds,293
8236,40.7679967046751 -73.9818906784058,780,Thursday,13115,Travel & Transport,-999,-999.0,Clouds,293
8236,40.757140632601 -73.9669699619962,780,Thursday,20898,Shop & Service,-999,9.4,Clouds,293
8236,40.7397735859936 -74.0025758743286,900,Thursday,2323,Travel & Transport,-999,-999.0,Clouds,293
8236,40.7397705376034 -74.0025812387466,900,Thursday,25174,Travel & Transport,-999,-999.0,Clouds,293
8236,40.7138094466215 -73.95024061203,900,Thursday,27480,Travel & Transport,-999,-999.0,Clouds,293
8236,40.715591767491496 -73.9496240379255,900,Thursday,15377,Food,1,9.2,Clouds,293
8236,40.7159507376023 -73.9495953372234,960,Thursday,26912,Shop & Service,-999,-999.0,Clouds,293
8236,40.693212179419 -73.9301037076316,600,Friday,28156,Residence,-999,-999.0,Clouds,293
8236,40.693212179419 -73.9301037076316,660,Friday,30553,Residence,-999,-999.0,Clouds,293
8236,40.693212179419 -73.9301037076316,660,Friday,5047,Residence,-999,-999.0,Clouds,293
8236,40.6890452721271 -73.9303189844572,660,Friday,22512,Food,1,-999.0,Clouds,293
8236,40.7681253262567 -73.98441762875409,780,Friday,1934,Professional & Other Places,-999,-999.0,Clouds,293
8236,40.7690810356833 -73.9771259591833,840,Friday,37972,Residence,-999,-999.0,Clouds,293
8236,40.76387225821389 -73.9777199780318,840,Friday,22145,Shop & Service,-999,-999.0,Clouds,293
8236,40.7639300219095 -73.97746170919271,840,Friday,16701,Shop & Service,-999,8.0,Clouds,293
8236,40.7138094466215 -73.95024061203,900,Friday,27480,Travel & Transport,-999,-999.0,Clouds,293
8236,40.7150559018636 -73.9495034949479,900,Friday,34021,Food,1,5.9,Clouds,293
8236,40.7160690082051 -73.94973884069141,900,Friday,23875,Food,1,-999.0,Clouds,293
8236,40.7042731757993 -73.9480971546566,120,Saturday,8159,Food,1,-999.0,Clouds,293
8236,40.693212179419 -73.9301037076316,600,Saturday,30553,Residence,-999,-999.0,Clouds,293
8236,40.6905065842704 -73.93353949725099,660,Saturday,6579,Food,1,-999.0,Clouds,293
8236,40.693212179419 -73.9301037076316,780,Saturday,5047,Residence,-999,-999.0,Clouds,293
8236,40.693212179419 -73.9301037076316,1020,Saturday,5047,Residence,-999,-999.0,Clear,293
8236,40.6890452721271 -73.9303189844572,1020,Saturday,22512,Food,1,-999.0,Clear,293
8236,40.7160690082051 -73.94973884069141,1080,Saturday,23875,Food,1,-999.0,Clear,293
8236,40.7042731757993 -73.9480971546566,180,Sunday,8159,Food,1,-999.0,Clear,293
8236,40.6902745511944 -73.9233840802866,660,Sunday,906,Shop & Service,-999,6.4,Clouds,293
8236,40.6892781762484 -73.9221954345703,660,Sunday,8872,Shop & Service,-999,6.0,Clouds,293
8236,40.6895016555993 -73.92258609115541,660,Sunday,30802,Travel & Transport,-999,-999.0,Clouds,293
8236,40.7141603083044 -73.9493829518952,720,Sunday,7436,Food,1,7.2,Clouds,293
8236,40.7160690082051 -73.94973884069141,720,Sunday,23875,Food,1,-999.0,Clouds,293
8236,40.715591767491496 -73.9496240379255,720,Sunday,15377,Food,1,9.2,Clouds,293
8236,40.7159507376023 -73.9495953372234,780,Sunday,26912,Shop & Service,-999,-999.0,Clouds,293
8237,40.693212179419 -73.9301037076316,840,Wednesday,28156,Residence,-999,-999.0,Clouds,293
8237,40.693212179419 -73.9301037076316,840,Wednesday,5047,Residence,-999,-999.0,Clouds,293
8237,40.6890452721271 -73.9303189844572,840,Wednesday,22512,Food,1,-999.0,Clouds,293
8237,40.7042731757993 -73.9480971546566,900,Wednesday,8159,Food,1,-999.0,Clouds,293
8237,40.7141603083044 -73.9493829518952,900,Wednesday,7436,Food,1,7.2,Clouds,293
8237,40.7150559018636 -73.9495034949479,900,Wednesday,34021,Food,1,5.9,Clouds,293
8237,40.7160690082051 -73.94973884069141,900,Wednesday,23875,Food,1,-999.0,Clouds,293
8237,40.7159507376023 -73.9495953372234,960,Wednesday,26912,Shop & Service,-999,-999.0,Clouds,293
8237,40.7042731757993 -73.9480971546566,1380,Wednesday,8159,Food,1,-999.0,Clouds,293
8237,40.748909334047 -73.9650701370298,120,Thursday,1092,Outdoors & Recreation,-999,-999.0,Clear,293
8237,40.693212179419 -73.9301037076316,780,Thursday,28156,Residence,-999,-999.0,Clouds,293
8237,40.693212179419 -73.9301037076316,780,Thursday,30553,Residence,-999,-999.0,Clouds,293
8237,40.693212179419 -73.9301037076316,780,Thursday,5047,Residence,-999,-999.0,Clouds,293
8237,40.6891441345215 -73.9303207397461,780,Thursday,23998,Food,1,-999.0,Clouds,293
8237,40.7141603083044 -73.9493829518952,840,Thursday,7436,Food,1,7.2,Clouds,293
8237,40.7150559018636 -73.9495034949479,840,Thursday,34021,Food,1,5.9,Clouds,293
8238,40.693212179419 -73.9301037076316,720,Monday,28156,Residence,-999,-999.0,Clouds,293
8238,40.693212179419 -73.9301037076316,720,Monday,30553,Residence,-999,-999.0,Clouds,293
8238,40.689900124899005 -73.9307552780914,720,Monday,25043,Food,1,-999.0,Clouds,293
8238,40.693212179419 -73.9301037076316,720,Monday,5047,Residence,-999,-999.0,Clouds,293
8238,40.679336210457 -73.9302849769592,720,Monday,29725,Travel & Transport,-999,-999.0,Clouds,293
8238,40.7267850637436 -74.0034674744571,780,Monday,18403,Outdoors & Recreation,-999,6.7,Clouds,293
8238,40.7270480371234 -74.0034590298204,780,Monday,30399,Shop & Service,-999,-999.0,Clouds,293
8238,40.727022125085 -74.00527813637991,780,Monday,322,Shop & Service,-999,-999.0,Clouds,293
8238,40.7263475952382 -74.0043370234733,1140,Monday,20795,Food,2,-999.0,Clouds,293
8238,40.72513896666671 -74.002963,1200,Monday,28146,Shop & Service,-999,7.0,Clouds,293
8238,40.7269270554884 -74.0054904599932,1200,Monday,737,Professional & Other Places,-999,8.3,Clouds,293
8238,40.7264855460639 -74.00508876647191,1200,Monday,17277,Food,-999,-999.0,Clouds,293
8238,40.7222908678878 -73.9971178450036,1200,Monday,12097,Shop & Service,-999,6.2,Clouds,293
8238,40.7038650412276 -73.9474014937878,1200,Monday,8587,Travel & Transport,-999,-999.0,Clear,293
8238,40.7042731757993 -73.9480971546566,0,Tuesday,8159,Food,1,-999.0,Clear,293
8238,40.693212179419 -73.9301037076316,600,Tuesday,28156,Residence,-999,-999.0,Clear,293
8238,40.693212179419 -73.9301037076316,600,Tuesday,30553,Residence,-999,-999.0,Clear,293
8238,40.744005754747896 -73.9683704252062,720,Tuesday,21649,Professional & Other Places,-999,-999.0,Clear,293
8238,40.7255768 -74.004252,1020,Tuesday,10771,Travel & Transport,-999,-999.0,Clear,293
8238,40.7269270554884 -74.0054904599932,1020,Tuesday,737,Professional & Other Places,-999,8.3,Clear,293
8238,40.7255768 -74.004252,1200,Tuesday,10771,Travel & Transport,-999,-999.0,Clear,293
8238,40.7038650412276 -73.9474014937878,1260,Tuesday,8587,Travel & Transport,-999,-999.0,Clear,293
8238,40.7042731757993 -73.9480971546566,1260,Tuesday,8159,Food,1,-999.0,Clear,293
8238,40.7141603083044 -73.9493829518952,1260,Tuesday,7436,Food,1,7.2,Clear,293
8238,40.7160690082051 -73.94973884069141,1260,Tuesday,23875,Food,1,-999.0,Clear,293
8238,40.7042731757993 -73.9480971546566,0,Wednesday,8159,Food,1,-999.0,Clear,293
8238,40.693212179419 -73.9301037076316,660,Wednesday,28156,Residence,-999,-999.0,Clouds,293
8238,40.693212179419 -73.9301037076316,660,Wednesday,30553,Residence,-999,-999.0,Clouds,293
8238,40.689900124899005 -73.9307552780914,720,Wednesday,25043,Food,1,-999.0,Rain,293
8238,40.693212179419 -73.9301037076316,720,Wednesday,5047,Residence,-999,-999.0,Rain,293
8238,40.6890452721271 -73.9303189844572,720,Wednesday,22512,Food,1,-999.0,Rain,293
8238,40.727022125085 -74.00527813637991,780,Wednesday,322,Shop & Service,-999,-999.0,Rain,293
8238,40.693212179419 -73.9301037076316,720,Friday,30553,Residence,-999,-999.0,Clear,293
8238,40.689900124899005 -73.9307552780914,720,Friday,25043,Food,1,-999.0,Clear,293
8238,40.6890452721271 -73.9303189844572,720,Friday,22512,Food,1,-999.0,Clear,293
8238,40.7269270554884 -74.0054904599932,840,Friday,737,Professional & Other Places,-999,8.3,Clear,293
8238,40.7397705376034 -74.0025812387466,1200,Friday,25174,Travel & Transport,-999,-999.0,Clear,293
8238,40.7160690082051 -73.94973884069141,1200,Friday,23875,Food,1,-999.0,Clear,293
8238,40.7159507376023 -73.9495953372234,1260,Friday,26912,Shop & Service,-999,-999.0,Clear,293
8238,40.7042731757993 -73.9480971546566,1320,Saturday,8159,Food,1,-999.0,Clear,293
8238,40.693212179419 -73.9301037076316,360,Sunday,5047,Residence,-999,-999.0,Clouds,293
8238,40.6891441345215 -73.9303207397461,360,Sunday,23998,Food,1,-999.0,Clouds,293
8238,40.693212179419 -73.9301037076316,360,Sunday,30553,Residence,-999,-999.0,Clouds,293
8238,40.679336210457 -73.9302849769592,360,Sunday,29725,Travel & Transport,-999,-999.0,Clouds,293
8238,40.7255768 -74.004252,420,Sunday,10771,Travel & Transport,-999,-999.0,Clear,293
8238,40.7267850637436 -74.0034674744571,420,Sunday,18403,Outdoors & Recreation,-999,6.7,Clear,293
8238,40.7269270554884 -74.0054904599932,420,Sunday,737,Professional & Other Places,-999,8.3,Clear,293
8238,40.7264855460639 -74.00508876647191,420,Sunday,17277,Food,-999,-999.0,Clear,293
8238,40.7397705376034 -74.0025812387466,1140,Sunday,25174,Travel & Transport,-999,-999.0,Clear,293
8238,40.7138094466215 -73.95024061203,1380,Sunday,27480,Travel & Transport,-999,-999.0,Clear,293
8238,40.7141603083044 -73.9493829518952,1380,Sunday,7436,Food,1,7.2,Clear,293
8238,40.7159507376023 -73.9495953372234,1380,Sunday,26912,Shop & Service,-999,-999.0,Clear,293
8239,40.7042731757993 -73.9480971546566,0,Monday,8159,Food,1,-999.0,Clear,293
8239,40.693212179419 -73.9301037076316,720,Monday,28156,Residence,-999,-999.0,Clouds,293
8239,40.693212179419 -73.9301037076316,720,Monday,30553,Residence,-999,-999.0,Clouds,293
8239,40.693212179419 -73.9301037076316,780,Monday,5047,Residence,-999,-999.0,Clear,293
8239,40.6891441345215 -73.9303207397461,780,Monday,23998,Food,1,-999.0,Clear,293
8239,40.6890452721271 -73.9303189844572,780,Monday,22512,Food,1,-999.0,Clear,293
8239,40.7042731757993 -73.9480971546566,840,Monday,8159,Food,1,-999.0,Clear,293
8239,40.7141603083044 -73.9493829518952,840,Monday,7436,Food,1,7.2,Clear,293
8239,40.7159507376023 -73.9495953372234,840,Monday,26912,Shop & Service,-999,-999.0,Clear,293
8239,40.689900124899005 -73.9307552780914,720,Tuesday,25043,Food,1,-999.0,Clouds,293
8239,40.693212179419 -73.9301037076316,720,Tuesday,5047,Residence,-999,-999.0,Clouds,293
8239,40.6891441345215 -73.9303207397461,720,Tuesday,23998,Food,1,-999.0,Clouds,293
8239,40.6890452721271 -73.9303189844572,720,Tuesday,22512,Food,1,-999.0,Clouds,293
8239,40.679336210457 -73.9302849769592,720,Tuesday,29725,Travel & Transport,-999,-999.0,Clouds,293
8239,40.7255768 -74.004252,780,Thursday,10771,Travel & Transport,-999,-999.0,Clear,293
8239,40.7267850637436 -74.0034674744571,780,Thursday,18403,Outdoors & Recreation,-999,6.7,Clear,293
8239,40.727022125085 -74.00527813637991,780,Thursday,322,Shop & Service,-999,-999.0,Clear,293
8239,40.7269270554884 -74.0054904599932,840,Thursday,737,Professional & Other Places,-999,8.3,Clear,293
8239,40.7264855460639 -74.00508876647191,840,Thursday,17277,Food,-999,-999.0,Clear,293
8239,40.7255768 -74.004252,1140,Thursday,10771,Travel & Transport,-999,-999.0,Clear,293
8239,40.7397705376034 -74.0025812387466,1200,Thursday,25174,Travel & Transport,-999,-999.0,Clear,293
8239,40.7138094466215 -73.95024061203,1200,Thursday,27480,Travel & Transport,-999,-999.0,Clear,293
8239,40.7141603083044 -73.9493829518952,1200,Thursday,7436,Food,1,7.2,Clear,293
8239,40.7160690082051 -73.94973884069141,1260,Thursday,23875,Food,1,-999.0,Clear,293
8239,40.7159507376023 -73.9495953372234,1260,Thursday,26912,Shop & Service,-999,-999.0,Clear,293
8239,40.714049 -73.949311,1380,Thursday,8628,Food,1,8.4,Clear,293
8239,40.7042731757993 -73.9480971546566,1380,Thursday,8159,Food,1,-999.0,Clear,293
8239,40.693212179419 -73.9301037076316,720,Friday,28156,Residence,-999,-999.0,Clear,293
8239,40.693212179419 -73.9301037076316,720,Friday,33683,Residence,-999,-999.0,Clear,293
8239,40.689900124899005 -73.9307552780914,720,Friday,25043,Food,1,-999.0,Clear,293
8239,40.6891441345215 -73.9303207397461,720,Friday,23998,Food,1,-999.0,Clear,293
8239,40.679336210457 -73.9302849769592,720,Friday,29725,Travel & Transport,-999,-999.0,Clear,293
8239,40.7255768 -74.004252,780,Friday,10771,Travel & Transport,-999,-999.0,Clear,293
8239,40.7267850637436 -74.0034674744571,780,Friday,18403,Outdoors & Recreation,-999,6.7,Clear,293
8239,40.727022125085 -74.00527813637991,780,Friday,322,Shop & Service,-999,-999.0,Clear,293
8239,40.7269270554884 -74.0054904599932,840,Friday,737,Professional & Other Places,-999,8.3,Clear,293
8239,40.7264855460639 -74.00508876647191,840,Friday,17277,Food,-999,-999.0,Clear,293
8239,40.7255768 -74.004252,1140,Friday,10771,Travel & Transport,-999,-999.0,Clear,293
8239,40.7141603083044 -73.9493829518952,1200,Friday,7436,Food,1,7.2,Clear,293
8239,40.7150559018636 -73.9495034949479,1200,Friday,34021,Food,1,5.9,Clear,293
8239,40.7159507376023 -73.9495953372234,1200,Friday,26912,Shop & Service,-999,-999.0,Clear,293
8239,40.714049 -73.949311,0,Saturday,8628,Food,1,8.4,Clear,293
8239,40.693212179419 -73.9301037076316,660,Saturday,30553,Residence,-999,-999.0,Clear,293
8239,40.6905065842704 -73.93353949725099,660,Saturday,6579,Food,1,-999.0,Clear,293
8239,40.69054151282 -73.9337461593477,660,Saturday,18974,Shop & Service,-999,-999.0,Clear,293
8239,40.693212179419 -73.9301037076316,780,Saturday,5047,Residence,-999,-999.0,Clear,293
8239,40.6890452721271 -73.9303189844572,780,Saturday,22512,Food,1,-999.0,Clear,293
8239,40.693212179419 -73.9301037076316,960,Saturday,30553,Residence,-999,-999.0,Clear,293
8239,40.693212179419 -73.9301037076316,1020,Saturday,5047,Residence,-999,-999.0,Clear,293
8239,40.704823937467296 -73.9481660368683,1020,Saturday,10585,Residence,-999,-999.0,Clear,293
8239,40.7104396820068 -73.948771,1020,Saturday,26932,Shop & Service,-999,-999.0,Clear,293
8239,40.7115373 -73.9490637,1020,Saturday,11726,Food,2,8.2,Clear,293
8239,40.713123 -73.9492052793503,1020,Saturday,7888,Food,1,8.2,Clear,293
8239,40.7150559018636 -73.9495034949479,1020,Saturday,34021,Food,1,5.9,Clear,293
8239,40.7160690082051 -73.94973884069141,1020,Saturday,23875,Food,1,-999.0,Clear,293
8239,40.7760699424072 -74.0735652772793,180,Sunday,37383,Professional & Other Places,-999,-999.0,Clear,293
8239,40.7042731757993 -73.9480971546566,240,Sunday,8159,Food,1,-999.0,Clear,293
8239,40.693212179419 -73.9301037076316,600,Sunday,28156,Residence,-999,-999.0,Clear,293
8239,40.693212179419 -73.9301037076316,600,Sunday,30553,Residence,-999,-999.0,Clear,293
8240,40.693212179419 -73.9301037076316,660,Monday,28156,Residence,-999,-999.0,Clouds,293
8240,40.693212179419 -73.9301037076316,720,Monday,30553,Residence,-999,-999.0,Clouds,293
8240,40.689900124899005 -73.9307552780914,720,Monday,25043,Food,1,-999.0,Clouds,293
8240,40.693212179419 -73.9301037076316,720,Monday,5047,Residence,-999,-999.0,Clouds,293
8240,40.6890452721271 -73.9303189844572,720,Monday,22512,Food,1,-999.0,Clouds,293
8240,40.679336210457 -73.9302849769592,720,Monday,29725,Travel & Transport,-999,-999.0,Clouds,293
8240,40.7267850637436 -74.0034674744571,780,Monday,18403,Outdoors & Recreation,-999,6.7,Clouds,293
8240,40.7269270554884 -74.0054904599932,900,Monday,737,Professional & Other Places,-999,8.3,Clouds,293
8240,40.7264855460639 -74.00508876647191,900,Monday,17277,Food,-999,-999.0,Clouds,293
8240,40.726421499076096 -74.00613890632658,1200,Monday,2043,Shop & Service,-999,6.7,Clouds,293
8240,40.7255768 -74.004252,1200,Monday,10771,Travel & Transport,-999,-999.0,Clouds,293
8240,40.7397735859936 -74.0025758743286,1200,Monday,2323,Travel & Transport,-999,-999.0,Clouds,293
8240,40.7141603083044 -73.9493829518952,1200,Monday,7436,Food,1,7.2,Clouds,293
8240,40.7150559018636 -73.9495034949479,1200,Monday,34021,Food,1,5.9,Clouds,293
8240,40.7160690082051 -73.94973884069141,1200,Monday,23875,Food,1,-999.0,Clouds,293
8240,40.7159507376023 -73.9495953372234,1200,Monday,26912,Shop & Service,-999,-999.0,Clouds,293
8240,40.7042731757993 -73.9480971546566,0,Tuesday,8159,Food,1,-999.0,Clouds,293
8240,40.693212179419 -73.9301037076316,720,Tuesday,28156,Residence,-999,-999.0,Clear,293
8240,40.689900124899005 -73.9307552780914,720,Tuesday,25043,Food,1,-999.0,Clear,293
8240,40.693212179419 -73.9301037076316,720,Tuesday,5047,Residence,-999,-999.0,Clear,293
8240,40.6891441345215 -73.9303207397461,720,Tuesday,23998,Food,1,-999.0,Clear,293
8240,40.7267850637436 -74.0034674744571,780,Tuesday,18403,Outdoors & Recreation,-999,6.7,Clear,293
8240,40.7270480371234 -74.0034590298204,780,Tuesday,30399,Shop & Service,-999,-999.0,Clear,293
8240,40.728234428636206 -74.0053224563599,780,Tuesday,18415,Professional & Other Places,-999,-999.0,Clear,293
8240,40.7269270554884 -74.0054904599932,780,Tuesday,737,Professional & Other Places,-999,8.3,Clear,293
8240,40.7263475952382 -74.0043370234733,1140,Tuesday,20795,Food,2,-999.0,Clear,293
8240,40.7255768 -74.004252,1140,Tuesday,10771,Travel & Transport,-999,-999.0,Clear,293
8240,40.7397735859936 -74.0025758743286,1200,Tuesday,2323,Travel & Transport,-999,-999.0,Clear,293
8240,40.7138094466215 -73.95024061203,1200,Tuesday,27480,Travel & Transport,-999,-999.0,Clear,293
8240,40.7141603083044 -73.9493829518952,1200,Tuesday,7436,Food,1,7.2,Clear,293
8240,40.7150559018636 -73.9495034949479,1200,Tuesday,34021,Food,1,5.9,Clear,293
8240,40.7159507376023 -73.9495953372234,1200,Tuesday,26912,Shop & Service,-999,-999.0,Clear,293
8240,40.704823937467296 -73.9481660368683,0,Wednesday,10585,Residence,-999,-999.0,Clear,293
8240,40.7042731757993 -73.9480971546566,0,Wednesday,8159,Food,1,-999.0,Clear,293
8240,40.693212179419 -73.9301037076316,480,Wednesday,28156,Residence,-999,-999.0,Clear,293
8240,40.693212179419 -73.9301037076316,540,Wednesday,5047,Residence,-999,-999.0,Clear,293
8240,40.6891441345215 -73.9303207397461,540,Wednesday,23998,Food,1,-999.0,Clear,293
8240,40.680206297282 -73.9433958857467,780,Wednesday,33468,Professional & Other Places,-999,-999.0,Clear,293
8240,40.679784011497205 -73.945153,780,Wednesday,1015,Shop & Service,-999,-999.0,Clear,293
8240,40.7269270554884 -74.0054904599932,900,Wednesday,737,Professional & Other Places,-999,8.3,Clear,293
8240,40.7263475952382 -74.0043370234733,1140,Wednesday,20795,Food,2,-999.0,Clear,293
8240,40.7255768 -74.004252,1140,Wednesday,10771,Travel & Transport,-999,-999.0,Clear,293
8240,40.7138094466215 -73.95024061203,1200,Wednesday,27480,Travel & Transport,-999,-999.0,Clear,293
8240,40.7150559018636 -73.9495034949479,1200,Wednesday,34021,Food,1,5.9,Clear,293
8240,40.7160690082051 -73.94973884069141,1200,Wednesday,23875,Food,1,-999.0,Clear,293
8240,40.7159507376023 -73.9495953372234,1260,Wednesday,26912,Shop & Service,-999,-999.0,Clear,293
8240,40.7042731757993 -73.9480971546566,60,Thursday,8159,Food,1,-999.0,Clear,293
8240,40.693212179419 -73.9301037076316,600,Thursday,30553,Residence,-999,-999.0,Clear,293
8240,40.693212179419 -73.9301037076316,600,Thursday,5047,Residence,-999,-999.0,Clear,293
8240,40.6891441345215 -73.9303207397461,600,Thursday,23998,Food,1,-999.0,Clear,293
8240,40.6890452721271 -73.9303189844572,600,Thursday,22512,Food,1,-999.0,Clear,293
8240,40.726901990217 -74.0032753966517,660,Thursday,26095,Food,1,7.1,Clear,293
8240,40.7264855460639 -74.00508876647191,720,Thursday,17277,Food,-999,-999.0,Clear,293
8240,40.689900124899005 -73.9307552780914,660,Friday,25043,Food,1,-999.0,Clear,293
8240,40.693212179419 -73.9301037076316,660,Friday,5047,Residence,-999,-999.0,Clear,293
8240,40.6890452721271 -73.9303189844572,660,Friday,22512,Food,1,-999.0,Clear,293
8240,40.679336210457 -73.9302849769592,660,Friday,29725,Travel & Transport,-999,-999.0,Clear,293
8240,40.723778792676896 -74.00244712829591,720,Friday,3396,Shop & Service,-999,-999.0,Clear,293
8240,40.72513896666671 -74.002963,720,Friday,28146,Shop & Service,-999,7.0,Clear,293
8240,40.7270480371234 -74.0034590298204,780,Friday,30399,Shop & Service,-999,-999.0,Clear,293
8240,40.7269270554884 -74.0054904599932,840,Friday,737,Professional & Other Places,-999,8.3,Clear,293
8240,40.7264855460639 -74.00508876647191,900,Friday,17277,Food,-999,-999.0,Clear,293
8240,40.7263475952382 -74.0043370234733,1200,Friday,20795,Food,2,-999.0,Clouds,293
8240,40.7397735859936 -74.0025758743286,1200,Friday,2323,Travel & Transport,-999,-999.0,Clouds,293
8240,40.7397705376034 -74.0025812387466,1200,Friday,25174,Travel & Transport,-999,-999.0,Clouds,293
8240,40.7150559018636 -73.9495034949479,1260,Friday,34021,Food,1,5.9,Clouds,293
8240,40.7160690082051 -73.94973884069141,1260,Friday,23875,Food,1,-999.0,Clouds,293
8240,40.714049 -73.949311,180,Saturday,8628,Food,1,8.4,Clouds,293
8240,40.7042731757993 -73.9480971546566,180,Saturday,8159,Food,1,-999.0,Clear,293
8240,40.693212179419 -73.9301037076316,780,Saturday,28156,Residence,-999,-999.0,Clouds,293
8240,40.6857300089324 -73.95065726036441,780,Saturday,14987,Travel & Transport,-999,-999.0,Clouds,293
8240,40.6640321016312 -73.94785344600679,1020,Saturday,32245,Travel & Transport,-999,-999.0,Clear,293
8240,40.7160690082051 -73.94973884069141,1080,Saturday,23875,Food,1,-999.0,Clouds,293
8240,40.714049 -73.949311,180,Sunday,8628,Food,1,8.4,Clouds,293
8240,40.7042731757993 -73.9480971546566,180,Sunday,8159,Food,1,-999.0,Clear,293
8240,40.693212179419 -73.9301037076316,660,Sunday,5047,Residence,-999,-999.0,Clear,293
8240,40.690652 -73.92427,660,Sunday,5924,Shop & Service,-999,5.4,Clear,293
8240,40.6890452721271 -73.9303189844572,660,Sunday,22512,Food,1,-999.0,Clear,293
8240,40.7042731757993 -73.9480971546566,660,Sunday,8159,Food,1,-999.0,Clear,293
8240,40.715591767491496 -73.9496240379255,660,Sunday,15377,Food,1,9.2,Clear,293
8242,40.704823937467296 -73.9481660368683,0,Monday,10585,Residence,-999,-999.0,Clouds,293
8242,40.7065994949756 -73.9475403558783,0,Monday,35889,Outdoors & Recreation,-999,6.5,Clouds,293
8242,40.7042731757993 -73.9480971546566,0,Monday,8159,Food,1,-999.0,Clouds,293
8242,40.693212179419 -73.9301037076316,540,Monday,30553,Residence,-999,-999.0,Fog,293
8242,40.6899053708564 -73.9310480535327,720,Monday,25043,Food,1,-999.0,Clear,293
8242,40.693212179419 -73.9301037076316,720,Monday,5047,Residence,-999,-999.0,Clear,293
8242,40.6891441345215 -73.9303207397461,720,Monday,23998,Food,1,-999.0,Clear,293
8242,40.7255768 -74.004252,780,Monday,10771,Travel & Transport,-999,-999.0,Clear,293
8242,40.7267850637436 -74.0034674744571,780,Monday,18403,Outdoors & Recreation,-999,6.7,Clear,293
8242,40.7255768 -74.004252,1140,Monday,10771,Travel & Transport,-999,-999.0,Clear,293
8242,40.7160690082051 -73.94973884069141,1200,Monday,23875,Food,1,-999.0,Clear,293
8242,40.7159507376023 -73.9495953372234,1200,Monday,26912,Shop & Service,-999,-999.0,Clear,293
8242,40.7042731757993 -73.9480971546566,0,Tuesday,8159,Food,1,-999.0,Clear,293
8242,40.6891441345215 -73.9303207397461,720,Tuesday,23998,Food,1,-999.0,Fog,293
8242,40.6890452721271 -73.9303189844572,720,Tuesday,22512,Food,1,-999.0,Fog,293
8242,40.7255768 -74.004252,780,Tuesday,10771,Travel & Transport,-999,-999.0,Fog,293
8242,40.7267850637436 -74.0034674744571,780,Tuesday,18403,Outdoors & Recreation,-999,6.7,Fog,293
8242,40.7269465758583 -74.00367135545208,780,Tuesday,30399,Shop & Service,-999,-999.0,Fog,293
8242,40.7264855460639 -74.00508876647191,1080,Tuesday,17277,Food,-999,-999.0,Clear,293
8242,40.7263475952382 -74.0043370234733,1140,Tuesday,20795,Food,2,-999.0,Clear,293
8242,40.7255768 -74.004252,1140,Tuesday,10771,Travel & Transport,-999,-999.0,Clear,293
8242,40.7141603083044 -73.9493829518952,1200,Tuesday,7436,Food,1,7.2,Clear,293
8242,40.7160690082051 -73.94973884069141,1200,Tuesday,23875,Food,1,-999.0,Clear,293
8242,40.7042731757993 -73.9480971546566,1380,Tuesday,8159,Food,1,-999.0,Clouds,293
8242,40.693212179419 -73.9301037076316,720,Wednesday,28156,Residence,-999,-999.0,Clear,293
8242,40.693212179419 -73.9301037076316,720,Wednesday,30553,Residence,-999,-999.0,Clear,293
8242,40.6890452721271 -73.9303189844572,720,Wednesday,22512,Food,1,-999.0,Clear,293
8242,40.7267850637436 -74.0034674744571,780,Wednesday,18403,Outdoors & Recreation,-999,6.7,Clear,293
8242,40.7269270554884 -74.0054904599932,1140,Wednesday,737,Professional & Other Places,-999,8.3,Clouds,293
8242,40.7263475952382 -74.0043370234733,1140,Wednesday,20795,Food,2,-999.0,Clear,293
8242,40.7255768 -74.004252,1140,Wednesday,10771,Travel & Transport,-999,-999.0,Clear,293
8242,40.7397735859936 -74.0025758743286,1200,Wednesday,2323,Travel & Transport,-999,-999.0,Clear,293
8242,40.7160690082051 -73.94973884069141,1200,Wednesday,23875,Food,1,-999.0,Clear,293
8242,40.7159507376023 -73.9495953372234,1200,Wednesday,26912,Shop & Service,-999,-999.0,Clear,293
8242,40.7042731757993 -73.9480971546566,60,Thursday,8159,Food,1,-999.0,Clear,293
8242,40.7045914253599 -73.94804549298179,60,Thursday,10585,Residence,-999,-999.0,Clear,293
8242,40.693212179419 -73.9301037076316,720,Thursday,28156,Residence,-999,-999.0,Clear,293
8242,40.693212179419 -73.9301037076316,720,Thursday,30553,Residence,-999,-999.0,Clear,293
8242,40.6899053708564 -73.9310480535327,720,Thursday,25043,Food,1,-999.0,Clear,293
8242,40.7255768 -74.004252,780,Thursday,10771,Travel & Transport,-999,-999.0,Clear,293
8242,40.727022125085 -74.00527813637991,780,Thursday,322,Shop & Service,-999,-999.0,Clear,293
8242,40.727297 -74.005485,780,Thursday,32540,Food,1,4.9,Clear,293
8242,40.7263475952382 -74.0043370234733,1200,Thursday,20795,Food,2,-999.0,Clear,293
8242,40.726413955892895 -74.00504285858709,1200,Thursday,28066,Arts & Entertainment,-999,-999.0,Clear,293
8242,40.7255768 -74.004252,1200,Thursday,10771,Travel & Transport,-999,-999.0,Clear,293
8242,40.7397705376034 -74.0025812387466,1200,Thursday,25174,Travel & Transport,-999,-999.0,Clear,293
8242,40.693212179419 -73.9301037076316,660,Friday,28156,Residence,-999,-999.0,Clouds,293
8242,40.6890452721271 -73.9303189844572,720,Friday,22512,Food,1,-999.0,Rain,293
8242,40.7255768 -74.004252,780,Friday,10771,Travel & Transport,-999,-999.0,Rain,293
8242,40.7267850637436 -74.0034674744571,780,Friday,18403,Outdoors & Recreation,-999,6.7,Rain,293
8242,40.7274780889611 -74.0073554545795,780,Friday,21133,Shop & Service,-999,6.5,Rain,293
8242,40.7270270458026 -74.0052366256714,840,Friday,20667,Arts & Entertainment,-999,8.6,Rain,293
8242,40.72513896666671 -74.002963,1140,Friday,28146,Shop & Service,-999,7.0,Rain,293
8242,40.724941 -74.00258,1140,Friday,36471,Food,1,7.3,Rain,293
8242,40.7216093698144 -73.9976400681562,1140,Friday,31518,Food,1,9.1,Rain,293
8242,40.722282672831504 -73.9971470832825,1200,Friday,37767,Travel & Transport,-999,-999.0,Rain,293
8242,40.7150559018636 -73.9495034949479,1200,Friday,34021,Food,1,5.9,Rain,293
8242,40.7159507376023 -73.9495953372234,1260,Friday,26912,Shop & Service,-999,-999.0,Clouds,293
8242,40.7042731757993 -73.9480971546566,60,Saturday,8159,Food,1,-999.0,Rain,293
8242,40.693212179419 -73.9301037076316,540,Saturday,28156,Residence,-999,-999.0,Clouds,293
8242,40.693212179419 -73.9301037076316,900,Saturday,5047,Residence,-999,-999.0,Clouds,293
8242,40.723778792676896 -74.00244712829591,960,Saturday,3396,Shop & Service,-999,-999.0,Clouds,293
8242,40.724941 -74.00258,1080,Saturday,36471,Food,1,7.3,Clouds,293
8242,40.7267850637436 -74.0034674744571,1080,Saturday,18403,Outdoors & Recreation,-999,6.7,Clouds,293
8242,40.7141603083044 -73.9493829518952,1080,Saturday,7436,Food,1,7.2,Clouds,293
8242,40.7150559018636 -73.9495034949479,1080,Saturday,34021,Food,1,5.9,Clouds,293
8242,40.7159507376023 -73.9495953372234,1080,Saturday,26912,Shop & Service,-999,-999.0,Clouds,293
8242,40.714049 -73.949311,180,Sunday,8628,Food,1,8.4,Clouds,293
8242,40.7152465317199 -73.94961255764521,180,Sunday,10067,Food,1,-999.0,Clouds,293
8242,40.7045914253599 -73.94804549298179,180,Sunday,10585,Residence,-999,-999.0,Clouds,293
8242,40.7065994949756 -73.9475403558783,180,Sunday,35889,Outdoors & Recreation,-999,6.5,Clouds,293
8242,40.7042731757993 -73.9480971546566,180,Sunday,8159,Food,1,-999.0,Clouds,293
8242,40.690468 -73.923719,660,Sunday,17329,Shop & Service,-999,-999.0,Rain,293
8242,40.690838005041705 -73.925094866083,660,Sunday,9473,Food,1,6.7,Rain,293
8242,40.6895040564836 -73.9223736762301,660,Sunday,28744,Shop & Service,-999,6.6,Rain,293
8242,40.6895016555993 -73.92258609115541,720,Sunday,30802,Travel & Transport,-999,-999.0,Rain,293
8242,40.6891441345215 -73.9303207397461,720,Sunday,23998,Food,1,-999.0,Rain,293
8242,40.7042731757993 -73.9480971546566,720,Sunday,8159,Food,1,-999.0,Rain,293
8242,40.7141603083044 -73.9493829518952,780,Sunday,7436,Food,1,7.2,Unknown,293
8242,40.7150559018636 -73.9495034949479,780,Sunday,34021,Food,1,5.9,Unknown,293
8242,40.715591767491496 -73.9496240379255,780,Sunday,15377,Food,1,9.2,Unknown,293
8242,40.7160690082051 -73.94973884069141,780,Sunday,23875,Food,1,-999.0,Unknown,293
8242,40.7159507376023 -73.9495953372234,780,Sunday,26912,Shop & Service,-999,-999.0,Unknown,293
8243,40.7045914253599 -73.94804549298179,0,Monday,10585,Residence,-999,-999.0,Rain,293
8243,40.7042731757993 -73.9480971546566,0,Monday,8159,Food,1,-999.0,Rain,293
8243,40.693212179419 -73.9301037076316,720,Monday,28156,Residence,-999,-999.0,Clouds,293
8243,40.693212179419 -73.9301037076316,720,Monday,5047,Residence,-999,-999.0,Clouds,293
8243,40.679336210457 -73.9302849769592,720,Monday,29725,Travel & Transport,-999,-999.0,Clouds,293
8243,40.7255768 -74.004252,780,Monday,10771,Travel & Transport,-999,-999.0,Clouds,293
8243,40.7267603450228 -74.0035393692763,780,Monday,37006,Shop & Service,-999,7.4,Clouds,293
8243,40.727161200532606 -74.0055584907532,780,Monday,4867,Food,2,6.2,Clouds,293
8243,40.727022125085 -74.00527813637991,780,Monday,322,Shop & Service,-999,-999.0,Clouds,293
8243,40.7269270554884 -74.0054904599932,780,Monday,737,Professional & Other Places,-999,8.3,Clouds,293
8243,40.726413955892895 -74.00504285858709,1140,Monday,28066,Arts & Entertainment,-999,-999.0,Clouds,293
8243,40.7255768 -74.004252,1140,Monday,10771,Travel & Transport,-999,-999.0,Clouds,293
8243,40.7397735859936 -74.0025758743286,1200,Monday,2323,Travel & Transport,-999,-999.0,Clouds,293
8243,40.7397705376034 -74.0025812387466,1200,Monday,25174,Travel & Transport,-999,-999.0,Clouds,293
8243,40.7160690082051 -73.94973884069141,1200,Monday,23875,Food,1,-999.0,Clouds,293
8243,40.714049 -73.949311,0,Tuesday,8628,Food,1,8.4,Clouds,293
8243,40.7042731757993 -73.9480971546566,0,Tuesday,8159,Food,1,-999.0,Clouds,293
8243,40.693212179419 -73.9301037076316,660,Tuesday,28156,Residence,-999,-999.0,Clear,293
8243,40.6899053708564 -73.9310480535327,720,Tuesday,25043,Food,1,-999.0,Clouds,293
8243,40.693212179419 -73.9301037076316,720,Tuesday,5047,Residence,-999,-999.0,Clouds,293
8243,40.6891441345215 -73.9303207397461,720,Tuesday,23998,Food,1,-999.0,Clouds,293
8243,40.679336210457 -73.9302849769592,720,Tuesday,29725,Travel & Transport,-999,-999.0,Clouds,293
8243,40.7269270554884 -74.0054904599932,780,Tuesday,737,Professional & Other Places,-999,8.3,Clouds,293
8243,40.7264855460639 -74.00508876647191,840,Tuesday,17277,Food,-999,-999.0,Clouds,293
8243,40.727297 -74.005485,1200,Tuesday,32540,Food,1,4.9,Clouds,293
8243,40.7255768 -74.004252,1200,Tuesday,10771,Travel & Transport,-999,-999.0,Clouds,293
8243,40.7397705376034 -74.0025812387466,1200,Tuesday,25174,Travel & Transport,-999,-999.0,Clouds,293
8243,40.7150559018636 -73.9495034949479,1200,Tuesday,34021,Food,1,5.9,Clouds,293
8243,40.7042731757993 -73.9480971546566,0,Wednesday,8159,Food,1,-999.0,Clouds,293
8243,40.6899053708564 -73.9310480535327,720,Wednesday,25043,Food,1,-999.0,Clear,293
8243,40.693212179419 -73.9301037076316,720,Wednesday,5047,Residence,-999,-999.0,Clear,293
8243,40.6891441345215 -73.9303207397461,720,Wednesday,23998,Food,1,-999.0,Clear,293
8243,40.6890452721271 -73.9303189844572,720,Wednesday,22512,Food,1,-999.0,Clear,293
8243,40.679336210457 -73.9302849769592,720,Wednesday,29725,Travel & Transport,-999,-999.0,Clear,293
8243,40.7255768 -74.004252,780,Wednesday,10771,Travel & Transport,-999,-999.0,Clear,293
8243,40.7269465758583 -74.00367135545208,780,Wednesday,30399,Shop & Service,-999,-999.0,Clear,293
8243,40.727022125085 -74.00527813637991,780,Wednesday,322,Shop & Service,-999,-999.0,Clear,293
8243,40.7264855460639 -74.00508876647191,840,Wednesday,17277,Food,-999,-999.0,Clear,293
8243,40.7263475952382 -74.0043370234733,1200,Wednesday,20795,Food,2,-999.0,Clear,293
8243,40.7397705376034 -74.0025812387466,1200,Wednesday,25174,Travel & Transport,-999,-999.0,Clear,293
8243,40.7138094466215 -73.95024061203,1200,Wednesday,27480,Travel & Transport,-999,-999.0,Clear,293
8243,40.7160690082051 -73.94973884069141,0,Thursday,23875,Food,1,-999.0,Clear,293
8243,40.693212179419 -73.9301037076316,660,Thursday,28156,Residence,-999,-999.0,Clear,293
8243,40.679336210457 -73.9302849769592,720,Thursday,29725,Travel & Transport,-999,-999.0,Clear,293
8243,40.7267850637436 -74.0034674744571,780,Thursday,18403,Outdoors & Recreation,-999,6.7,Clear,293
8243,40.727022125085 -74.00527813637991,780,Thursday,322,Shop & Service,-999,-999.0,Clear,293
8243,40.6899053708564 -73.9310480535327,720,Friday,25043,Food,1,-999.0,Clear,293
8243,40.693212179419 -73.9301037076316,720,Friday,5047,Residence,-999,-999.0,Clear,293
8243,40.6890452721271 -73.9303189844572,720,Friday,22512,Food,1,-999.0,Clear,293
8243,40.679336210457 -73.9302849769592,780,Friday,29725,Travel & Transport,-999,-999.0,Clear,293
8243,40.7255768 -74.004252,780,Friday,10771,Travel & Transport,-999,-999.0,Clear,293
8243,40.7267850637436 -74.0034674744571,780,Friday,18403,Outdoors & Recreation,-999,6.7,Clear,293
8243,40.7269270554884 -74.0054904599932,900,Friday,737,Professional & Other Places,-999,8.3,Clear,293
8243,40.726413955892895 -74.00504285858709,1140,Friday,28066,Arts & Entertainment,-999,-999.0,Clear,293
8243,40.7263475952382 -74.0043370234733,1140,Friday,20795,Food,2,-999.0,Clear,293
8243,40.7567738415684 -73.9672454637598,1200,Friday,15200,Shop & Service,-999,-999.0,Clear,293
8243,40.757140632601 -73.9669699619962,1200,Friday,20898,Shop & Service,-999,9.4,Clear,293
8243,40.7575233146329 -73.9691786872484,1320,Friday,8670,Travel & Transport,-999,-999.0,Clear,293
8243,40.7042731757993 -73.9480971546566,60,Saturday,8159,Food,1,-999.0,Clear,293
8243,40.693212179419 -73.9301037076316,660,Saturday,30553,Residence,-999,-999.0,Clear,293
8243,40.69054151282 -73.9337461593477,720,Saturday,18974,Shop & Service,-999,-999.0,Clear,293
8243,40.6891441345215 -73.9303207397461,840,Saturday,23998,Food,1,-999.0,Clear,293
8243,40.6752809411105 -73.930726574593,900,Saturday,25508,Travel & Transport,-999,-999.0,Clear,293
8243,40.6687905899366 -73.9167015377781,900,Saturday,33760,Shop & Service,-999,5.5,Clear,293
8243,40.689116145972704 -73.93030176232,1020,Saturday,32132,Shop & Service,-999,-999.0,Clear,293
8243,40.7141603083044 -73.9493829518952,1020,Saturday,7436,Food,1,7.2,Clear,293
8243,40.7152465317199 -73.94961255764521,180,Sunday,10067,Food,1,-999.0,Clouds,293
8243,40.7042731757993 -73.9480971546566,240,Sunday,8159,Food,1,-999.0,Clouds,293
8243,40.693212179419 -73.9301037076316,660,Sunday,30553,Residence,-999,-999.0,Clouds,293
8243,40.693212179419 -73.9301037076316,660,Sunday,5047,Residence,-999,-999.0,Clouds,293
8243,40.6890452721271 -73.9303189844572,660,Sunday,22512,Food,1,-999.0,Clouds,293
8243,40.7042731757993 -73.9480971546566,720,Sunday,8159,Food,1,-999.0,Clouds,293
8243,40.714049 -73.949311,720,Sunday,8628,Food,1,8.4,Clouds,293
8243,40.7141603083044 -73.9493829518952,720,Sunday,7436,Food,1,7.2,Clouds,293
8243,40.7160690082051 -73.94973884069141,720,Sunday,23875,Food,1,-999.0,Clouds,293
8244,40.693212179419 -73.9301037076316,720,Monday,28156,Residence,-999,-999.0,Clouds,293
8244,40.693212179419 -73.9301037076316,720,Monday,5047,Residence,-999,-999.0,Clouds,293
8244,40.6891441345215 -73.9303207397461,720,Monday,23998,Food,1,-999.0,Clouds,293
8244,40.6890452721271 -73.9303189844572,720,Monday,22512,Food,1,-999.0,Clouds,293
8244,40.679336210457 -73.9302849769592,720,Monday,29725,Travel & Transport,-999,-999.0,Clouds,293
8244,40.7269270554884 -74.0054904599932,840,Monday,737,Professional & Other Places,-999,8.3,Clouds,293
8244,40.7264855460639 -74.00508876647191,900,Monday,17277,Food,-999,-999.0,Clouds,293
8244,40.726413955892895 -74.00504285858709,1140,Monday,28066,Arts & Entertainment,-999,-999.0,Clouds,293
8244,40.7397735859936 -74.0025758743286,1200,Monday,2323,Travel & Transport,-999,-999.0,Clouds,293
8244,40.7397705376034 -74.0025812387466,1200,Monday,25174,Travel & Transport,-999,-999.0,Clouds,293
8244,40.7141603083044 -73.9493829518952,1200,Monday,7436,Food,1,7.2,Clouds,293
8244,40.7150559018636 -73.9495034949479,1200,Monday,34021,Food,1,5.9,Clouds,293
8244,40.7160690082051 -73.94973884069141,1200,Monday,23875,Food,1,-999.0,Clouds,293
8244,40.7045914253599 -73.94804549298179,0,Tuesday,10585,Residence,-999,-999.0,Rain,293
8244,40.6899053708564 -73.9310480535327,720,Tuesday,25043,Food,1,-999.0,Clouds,293
8244,40.693212179419 -73.9301037076316,720,Tuesday,5047,Residence,-999,-999.0,Clouds,293
8244,40.6891441345215 -73.9303207397461,720,Tuesday,23998,Food,1,-999.0,Clouds,293
8244,40.679336210457 -73.9302849769592,720,Tuesday,29725,Travel & Transport,-999,-999.0,Clouds,293
8244,40.726413955892895 -74.00504285858709,1140,Tuesday,28066,Arts & Entertainment,-999,-999.0,Clouds,293
8244,40.7255768 -74.004252,1140,Tuesday,10771,Travel & Transport,-999,-999.0,Clouds,293
8244,40.7150559018636 -73.9495034949479,1200,Tuesday,34021,Food,1,5.9,Clouds,293
8244,40.7160690082051 -73.94973884069141,1200,Tuesday,23875,Food,1,-999.0,Clouds,293
8244,40.7042731757993 -73.9480971546566,0,Wednesday,8159,Food,1,-999.0,Clear,293
8244,40.693212179419 -73.9301037076316,720,Wednesday,30553,Residence,-999,-999.0,Clouds,293
8244,40.6899053708564 -73.9310480535327,720,Wednesday,25043,Food,1,-999.0,Clouds,293
8244,40.693212179419 -73.9301037076316,720,Wednesday,5047,Residence,-999,-999.0,Clouds,293
8244,40.6891441345215 -73.9303207397461,720,Wednesday,23998,Food,1,-999.0,Clouds,293
8244,40.7255768 -74.004252,780,Wednesday,10771,Travel & Transport,-999,-999.0,Clear,293
8244,40.7267850637436 -74.0034674744571,780,Wednesday,18403,Outdoors & Recreation,-999,6.7,Clear,293
8244,40.7269465758583 -74.00367135545208,780,Wednesday,30399,Shop & Service,-999,-999.0,Clear,293
8244,40.727022125085 -74.00527813637991,780,Wednesday,322,Shop & Service,-999,-999.0,Clear,293
8244,40.726413955892895 -74.00504285858709,1140,Wednesday,28066,Arts & Entertainment,-999,-999.0,Clear,293
8244,40.7263475952382 -74.0043370234733,1140,Wednesday,20795,Food,2,-999.0,Clear,293
8244,40.7397735859936 -74.0025758743286,1140,Wednesday,2323,Travel & Transport,-999,-999.0,Clear,293
8244,40.7150559018636 -73.9495034949479,1200,Wednesday,34021,Food,1,5.9,Clear,293
8244,40.7159507376023 -73.9495953372234,1200,Wednesday,26912,Shop & Service,-999,-999.0,Clear,293
8244,40.7152465317199 -73.94961255764521,1380,Wednesday,10067,Food,1,-999.0,Clear,293
8244,40.714049 -73.949311,1380,Wednesday,8628,Food,1,8.4,Clear,293
8244,40.7065994949756 -73.9475403558783,1380,Wednesday,35889,Outdoors & Recreation,-999,6.5,Clear,293
8244,40.7042731757993 -73.9480971546566,1380,Wednesday,8159,Food,1,-999.0,Clear,293
8244,40.726413955892895 -74.00504285858709,1140,Thursday,28066,Arts & Entertainment,-999,-999.0,Clouds,293
8244,40.7269465758583 -74.00367135545208,1200,Thursday,30399,Shop & Service,-999,-999.0,Clouds,293
8244,40.7255768 -74.004252,1200,Thursday,10771,Travel & Transport,-999,-999.0,Clouds,293
8244,40.6899053708564 -73.9310480535327,720,Friday,25043,Food,1,-999.0,Clouds,293
8244,40.693212179419 -73.9301037076316,720,Friday,5047,Residence,-999,-999.0,Clouds,293
8244,40.6890452721271 -73.9303189844572,720,Friday,22512,Food,1,-999.0,Clouds,293
8244,40.679336210457 -73.9302849769592,720,Friday,29725,Travel & Transport,-999,-999.0,Clouds,293
8244,40.76387225821389 -73.9777199780318,780,Friday,22145,Shop & Service,-999,-999.0,Clouds,293
8244,40.7267850637436 -74.0034674744571,1140,Friday,18403,Outdoors & Recreation,-999,6.7,Clouds,293
8244,40.7269465758583 -74.00367135545208,1140,Friday,30399,Shop & Service,-999,-999.0,Clouds,293
8244,40.7269270554884 -74.0054904599932,1140,Friday,737,Professional & Other Places,-999,8.3,Clouds,293
8244,40.726413955892895 -74.00504285858709,1140,Friday,28066,Arts & Entertainment,-999,-999.0,Clouds,293
8244,40.7397705376034 -74.0025812387466,1140,Friday,25174,Travel & Transport,-999,-999.0,Clouds,293
8244,40.7143435925851 -73.9494518336488,1200,Friday,7436,Food,1,7.2,Clouds,293
8244,40.7150559018636 -73.9495034949479,1200,Friday,34021,Food,1,5.9,Clouds,293
8244,40.7160690082051 -73.94973884069141,1200,Friday,23875,Food,1,-999.0,Clouds,293
8244,40.7042731757993 -73.9480971546566,0,Saturday,8159,Food,1,-999.0,Clouds,293
8244,40.693212179419 -73.9301037076316,720,Saturday,28156,Residence,-999,-999.0,Clouds,293
8244,40.6899732852644 -73.92433132931741,780,Saturday,20298,Shop & Service,-999,-999.0,Clouds,293
8244,40.6902084350586 -73.9235916137695,840,Saturday,32273,Shop & Service,-999,-999.0,Clouds,293
8244,40.6899053708564 -73.9310480535327,1020,Saturday,25043,Food,1,-999.0,Clouds,293
8244,40.6891441345215 -73.9303207397461,1020,Saturday,23998,Food,1,-999.0,Clouds,293
8244,40.7160690082051 -73.94973884069141,1020,Saturday,23875,Food,1,-999.0,Clouds,293
8244,40.714049 -73.949311,180,Sunday,8628,Food,1,8.4,Clouds,293
8244,40.7065994949756 -73.9475403558783,180,Sunday,35889,Outdoors & Recreation,-999,6.5,Clouds,293
8244,40.7045914253599 -73.94804549298179,180,Sunday,10585,Residence,-999,-999.0,Clouds,293
8244,40.693212179419 -73.9301037076316,600,Sunday,28156,Residence,-999,-999.0,Clear,293
8244,40.6900727533303 -73.9242624386345,600,Sunday,3567,Food,1,6.1,Clouds,293
8244,40.6891441345215 -73.9303207397461,660,Sunday,23998,Food,1,-999.0,Clouds,293
8244,40.6890452721271 -73.9303189844572,660,Sunday,22512,Food,1,-999.0,Clouds,293
8244,40.7042731757993 -73.9480971546566,660,Sunday,8159,Food,1,-999.0,Clouds,293
8244,40.7143435925851 -73.9494518336488,660,Sunday,7436,Food,1,7.2,Clouds,293
8245,40.693212179419 -73.9301037076316,720,Thursday,30553,Residence,-999,-999.0,Clouds,293
8245,40.6890452721271 -73.9303189844572,720,Thursday,22512,Food,1,-999.0,Clouds,293
8245,40.7255768 -74.004252,780,Thursday,10771,Travel & Transport,-999,-999.0,Clouds,293
8245,40.726901990217 -74.0032753966517,780,Thursday,26095,Food,1,7.1,Clouds,293
8245,40.7263475952382 -74.0043370234733,1140,Thursday,20795,Food,2,-999.0,Clouds,293
8245,40.7397735859936 -74.0025758743286,1140,Thursday,2323,Travel & Transport,-999,-999.0,Clouds,293
8245,40.7138094466215 -73.95024061203,1200,Thursday,27480,Travel & Transport,-999,-999.0,Clouds,293
8245,40.693212179419 -73.9301037076316,660,Friday,28156,Residence,-999,-999.0,Clear,293
8245,40.6899053708564 -73.9310480535327,720,Friday,25043,Food,1,-999.0,Clear,293
8245,40.6891441345215 -73.9303207397461,720,Friday,23998,Food,1,-999.0,Clear,293
8245,40.6890452721271 -73.9303189844572,720,Friday,22512,Food,1,-999.0,Clear,293
8245,40.679336210457 -73.9302849769592,720,Friday,29725,Travel & Transport,-999,-999.0,Clear,293
8245,40.7255768 -74.004252,780,Friday,10771,Travel & Transport,-999,-999.0,Clear,293
8245,40.7267850637436 -74.0034674744571,780,Friday,18403,Outdoors & Recreation,-999,6.7,Clear,293
8245,40.726901990217 -74.0032753966517,780,Friday,26095,Food,1,7.1,Clear,293
8245,40.727022125085 -74.00527813637991,780,Friday,322,Shop & Service,-999,-999.0,Clear,293
8245,40.7397705376034 -74.0025812387466,1200,Friday,25174,Travel & Transport,-999,-999.0,Clear,293
8245,40.7143435925851 -73.9494518336488,1200,Friday,7436,Food,1,7.2,Clear,293
8245,40.7160690082051 -73.94973884069141,1200,Friday,23875,Food,1,-999.0,Clear,293
8245,40.7159507376023 -73.9495953372234,1260,Friday,26912,Shop & Service,-999,-999.0,Clear,293
8245,40.7042731757993 -73.9480971546566,180,Saturday,8159,Food,1,-999.0,Clear,293
8245,40.693212179419 -73.9301037076316,780,Saturday,28156,Residence,-999,-999.0,Snow,293
8245,40.693212179419 -73.9301037076316,780,Saturday,30553,Residence,-999,-999.0,Snow,293
8245,40.7143435925851 -73.9494518336488,840,Saturday,7436,Food,1,7.2,Snow,293
8245,40.715591767491496 -73.9496240379255,840,Saturday,15377,Food,1,9.2,Snow,293
8245,40.7159507376023 -73.9495953372234,1380,Saturday,26912,Shop & Service,-999,-999.0,Clouds,293
8245,40.7042731757993 -73.9480971546566,120,Sunday,8159,Food,1,-999.0,Clouds,293
8245,40.693212179419 -73.9301037076316,600,Sunday,28156,Residence,-999,-999.0,Clouds,293
8245,40.6891441345215 -73.9303207397461,660,Sunday,23998,Food,1,-999.0,Clouds,293
8245,40.6890452721271 -73.9303189844572,660,Sunday,22512,Food,1,-999.0,Clouds,293
8245,40.7150559018636 -73.9495034949479,720,Sunday,34021,Food,1,5.9,Clear,293
8246,40.693212179419 -73.9301037076316,720,Tuesday,30553,Residence,-999,-999.0,Clouds,293
8246,40.6899053708564 -73.9310480535327,720,Tuesday,25043,Food,1,-999.0,Clouds,293
8246,40.6891441345215 -73.9303207397461,720,Tuesday,23998,Food,1,-999.0,Clouds,293
8246,40.726901990217 -74.0032753966517,780,Tuesday,26095,Food,1,7.1,Clouds,293
8246,40.7269465758583 -74.00367135545208,780,Tuesday,30399,Shop & Service,-999,-999.0,Clouds,293
8246,40.7397735859936 -74.0025758743286,1200,Tuesday,2323,Travel & Transport,-999,-999.0,Clear,293
8246,40.7042731757993 -73.9480971546566,0,Wednesday,8159,Food,1,-999.0,Clear,293
8246,40.6891441345215 -73.9303207397461,720,Wednesday,23998,Food,1,-999.0,Clear,293
8246,40.6890452721271 -73.9303189844572,720,Wednesday,22512,Food,1,-999.0,Clear,293
8246,40.7267850637436 -74.0034674744571,780,Wednesday,18403,Outdoors & Recreation,-999,6.7,Clear,293
8246,40.7267586968248 -74.0052953518167,780,Wednesday,737,Professional & Other Places,-999,8.3,Clear,293
8246,40.726413955892895 -74.00504285858709,1140,Wednesday,28066,Arts & Entertainment,-999,-999.0,Clear,293
8246,40.7263475952382 -74.0043370234733,1140,Wednesday,20795,Food,2,-999.0,Clear,293
8246,40.7255768 -74.004252,1140,Wednesday,10771,Travel & Transport,-999,-999.0,Clear,293
8246,40.7397735859936 -74.0025758743286,1200,Wednesday,2323,Travel & Transport,-999,-999.0,Clear,293
8246,40.7138094466215 -73.95024061203,1200,Wednesday,27480,Travel & Transport,-999,-999.0,Clear,293
8246,40.693212179419 -73.9301037076316,720,Thursday,30553,Residence,-999,-999.0,Clear,293
8246,40.6899053708564 -73.9310480535327,720,Thursday,25043,Food,1,-999.0,Clear,293
8246,40.6890452721271 -73.9303189844572,720,Thursday,22512,Food,1,-999.0,Clear,293
8246,40.7264855460639 -74.00508876647191,900,Thursday,17277,Food,-999,-999.0,Clear,293
8246,40.7138094466215 -73.95024061203,1200,Thursday,27480,Travel & Transport,-999,-999.0,Clouds,293
8246,40.7143435925851 -73.9494518336488,1200,Thursday,7436,Food,1,7.2,Clouds,293
8246,40.7160690082051 -73.94973884069141,1200,Thursday,23875,Food,1,-999.0,Clouds,293
8246,40.7152465317199 -73.94961255764521,60,Friday,10067,Food,1,-999.0,Clouds,293
8246,40.7042731757993 -73.9480971546566,60,Friday,8159,Food,1,-999.0,Clouds,293
8246,40.69054151282 -73.9337461593477,720,Friday,18974,Shop & Service,-999,-999.0,Clouds,293
8246,40.6905065842704 -73.93353949725099,720,Friday,6579,Food,1,-999.0,Clouds,293
8246,40.679336210457 -73.9302849769592,720,Friday,29725,Travel & Transport,-999,-999.0,Clouds,293
8246,40.726901990217 -74.0032753966517,780,Friday,26095,Food,1,7.1,Clouds,293
8246,40.7269465758583 -74.00367135545208,780,Friday,30399,Shop & Service,-999,-999.0,Clouds,293
8246,40.7274780889611 -74.0073554545795,780,Friday,21133,Shop & Service,-999,6.5,Clouds,293
8246,40.727022125085 -74.00527813637991,780,Friday,322,Shop & Service,-999,-999.0,Clouds,293
8246,40.7267586968248 -74.0052953518167,840,Friday,737,Professional & Other Places,-999,8.3,Clouds,293
8246,40.726413955892895 -74.00504285858709,1140,Friday,28066,Arts & Entertainment,-999,-999.0,Clear,293
8246,40.7263475952382 -74.0043370234733,1140,Friday,20795,Food,2,-999.0,Clear,293
8246,40.7160690082051 -73.94973884069141,1200,Friday,23875,Food,1,-999.0,Clear,293
8246,40.7159507376023 -73.9495953372234,1200,Friday,26912,Shop & Service,-999,-999.0,Clear,293
8246,40.7045914253599 -73.94804549298179,60,Saturday,10585,Residence,-999,-999.0,Clear,293
8246,40.6891441345215 -73.9303207397461,900,Saturday,23998,Food,1,-999.0,Clear,293
8246,40.7160690082051 -73.94973884069141,960,Saturday,23875,Food,1,-999.0,Clear,293
8246,40.7152465317199 -73.94961255764521,60,Sunday,10067,Food,1,-999.0,Clear,293
8246,40.7065994949756 -73.9475403558783,60,Sunday,35889,Outdoors & Recreation,-999,6.5,Clear,293
8246,40.693212179419 -73.9301037076316,600,Sunday,28156,Residence,-999,-999.0,Fog,293
8246,40.7042731757993 -73.9480971546566,660,Sunday,8159,Food,1,-999.0,Fog,293
8246,40.7152465317199 -73.94961255764521,660,Sunday,10067,Food,1,-999.0,Fog,293
8246,40.7143435925851 -73.9494518336488,720,Sunday,7436,Food,1,7.2,Fog,293
8246,40.7150559018636 -73.9495034949479,720,Sunday,34021,Food,1,5.9,Fog,293
8246,40.7160690082051 -73.94973884069141,720,Sunday,23875,Food,1,-999.0,Fog,293
8247,40.6891441345215 -73.9303207397461,720,Monday,23998,Food,1,-999.0,Clear,293
8247,40.679336210457 -73.9302849769592,780,Monday,29725,Travel & Transport,-999,-999.0,Clear,293
8247,40.7255768 -74.004252,900,Monday,10771,Travel & Transport,-999,-999.0,Clear,293
8247,40.7267850637436 -74.0034674744571,900,Monday,18403,Outdoors & Recreation,-999,6.7,Clear,293
8247,40.7269465758583 -74.00367135545208,900,Monday,30399,Shop & Service,-999,-999.0,Clear,293
8247,40.726413955892895 -74.00504285858709,1140,Monday,28066,Arts & Entertainment,-999,-999.0,Clear,293
8247,40.7160690082051 -73.94973884069141,1200,Monday,23875,Food,1,-999.0,Clear,293
8247,40.6899053708564 -73.9310480535327,720,Tuesday,25043,Food,1,-999.0,Clear,293
8247,40.7255768 -74.004252,840,Tuesday,10771,Travel & Transport,-999,-999.0,Clear,293
8247,40.7267850637436 -74.0034674744571,840,Tuesday,18403,Outdoors & Recreation,-999,6.7,Clear,293
8247,40.7269465758583 -74.00367135545208,840,Tuesday,30399,Shop & Service,-999,-999.0,Clear,293
8247,40.7267586968248 -74.0052953518167,900,Tuesday,737,Professional & Other Places,-999,8.3,Clear,293
8247,40.7263475952382 -74.0043370234733,1140,Tuesday,20795,Food,2,-999.0,Clear,293
8247,40.7397735859936 -74.0025758743286,1200,Tuesday,2323,Travel & Transport,-999,-999.0,Clear,293
8247,40.7160690082051 -73.94973884069141,1200,Tuesday,23875,Food,1,-999.0,Clear,293
8247,40.7045914253599 -73.94804549298179,0,Wednesday,10585,Residence,-999,-999.0,Clear,293
8247,40.693212179419 -73.9301037076316,720,Wednesday,28156,Residence,-999,-999.0,Fog,293
8247,40.693212179419 -73.9301037076316,720,Wednesday,30553,Residence,-999,-999.0,Fog,293
8247,40.7140859412733 -74.008584022522,780,Wednesday,19010,Travel & Transport,-999,-999.0,Fog,293
8247,40.7269465758583 -74.00367135545208,900,Wednesday,30399,Shop & Service,-999,-999.0,Clouds,293
8247,40.727022125085 -74.00527813637991,900,Wednesday,322,Shop & Service,-999,-999.0,Clouds,293
8247,40.7264855460639 -74.00508876647191,960,Wednesday,17277,Food,-999,-999.0,Clouds,293
8247,40.726413955892895 -74.00504285858709,1140,Wednesday,28066,Arts & Entertainment,-999,-999.0,Clear,293
8247,40.7263475952382 -74.0043370234733,1140,Wednesday,20795,Food,2,-999.0,Clear,293
8247,40.7255768 -74.004252,1140,Wednesday,10771,Travel & Transport,-999,-999.0,Clear,293
8247,40.7138094466215 -73.95024061203,1200,Wednesday,27480,Travel & Transport,-999,-999.0,Clear,293
8247,40.7150559018636 -73.9495034949479,1200,Wednesday,34021,Food,1,5.9,Clear,293
8247,40.693212179419 -73.9301037076316,600,Thursday,30553,Residence,-999,-999.0,Clear,293
8247,40.722282672831504 -73.9971470832825,840,Thursday,37767,Travel & Transport,-999,-999.0,Clear,293
8247,40.7529263832185 -73.97813894674421,960,Thursday,7259,Shop & Service,-999,6.0,Clear,293
8247,40.7532704631801 -73.9805494339296,1020,Thursday,32349,Shop & Service,-999,9.3,Clear,293
8247,40.7678335096695 -73.9829885866209,1080,Thursday,37024,Shop & Service,-999,-999.0,Clear,293
8247,40.7678829463127 -73.98174047470091,1080,Thursday,4782,Shop & Service,-999,6.4,Clear,293
8247,40.7159507376023 -73.9495953372234,0,Friday,26912,Shop & Service,-999,-999.0,Clear,293
8247,40.7152465317199 -73.94961255764521,240,Friday,10067,Food,1,-999.0,Clear,293
8247,40.714049 -73.949311,240,Friday,8628,Food,1,8.4,Clear,293
8247,40.7042731757993 -73.9480971546566,240,Friday,8159,Food,1,-999.0,Clear,293
8247,40.693212179419 -73.9301037076316,780,Friday,28156,Residence,-999,-999.0,Clouds,293
8247,40.693212179419 -73.9301037076316,780,Friday,30553,Residence,-999,-999.0,Clouds,293
8247,40.693212179419 -73.9301037076316,840,Friday,5047,Residence,-999,-999.0,Clouds,293
8247,40.689116145972704 -73.93030176232,840,Friday,32132,Shop & Service,-999,-999.0,Clouds,293
8247,40.7042731757993 -73.9480971546566,900,Friday,8159,Food,1,-999.0,Clouds,293
8247,40.7150559018636 -73.9495034949479,900,Friday,34021,Food,1,5.9,Clouds,293
8247,40.7160690082051 -73.94973884069141,900,Friday,23875,Food,1,-999.0,Clouds,293
8247,40.7138094466215 -73.95024061203,1140,Friday,27480,Travel & Transport,-999,-999.0,Rain,293
8247,40.7397735859936 -74.0025758743286,1140,Friday,2323,Travel & Transport,-999,-999.0,Rain,293
8247,40.7575233146329 -73.9691786872484,1140,Friday,8670,Travel & Transport,-999,-999.0,Rain,293
8247,40.7152465317199 -73.94961255764521,120,Saturday,10067,Food,1,-999.0,Clouds,293
8247,40.714049 -73.949311,120,Saturday,8628,Food,1,8.4,Clouds,293
8247,40.7042731757993 -73.9480971546566,120,Saturday,8159,Food,1,-999.0,Clouds,293
8247,40.693212179419 -73.9301037076316,660,Saturday,30553,Residence,-999,-999.0,Clouds,293
8247,40.6891441345215 -73.9303207397461,900,Saturday,23998,Food,1,-999.0,Clouds,293
8247,40.6890452721271 -73.9303189844572,900,Saturday,22512,Food,1,-999.0,Clouds,293
8247,40.7143435925851 -73.9494518336488,960,Saturday,7436,Food,1,7.2,Clouds,293
8247,40.7152465317199 -73.94961255764521,240,Sunday,10067,Food,1,-999.0,Clouds,293
8247,40.714049 -73.949311,240,Sunday,8628,Food,1,8.4,Clouds,293
8247,40.7042731757993 -73.9480971546566,240,Sunday,8159,Food,1,-999.0,Fog,293
8247,40.690652 -73.92427,720,Sunday,5924,Shop & Service,-999,5.4,Clouds,293
8247,40.6899053708564 -73.9310480535327,720,Sunday,25043,Food,1,-999.0,Clouds,293
8247,40.689116145972704 -73.93030176232,720,Sunday,32132,Shop & Service,-999,-999.0,Clouds,293
8247,40.6890452721271 -73.9303189844572,720,Sunday,22512,Food,1,-999.0,Clouds,293
8247,40.7143435925851 -73.9494518336488,720,Sunday,7436,Food,1,7.2,Clouds,293
8247,40.7150559018636 -73.9495034949479,900,Sunday,34021,Food,1,5.9,Clouds,293
8247,40.7160690082051 -73.94973884069141,900,Sunday,23875,Food,1,-999.0,Clouds,293
8247,40.7159507376023 -73.9495953372234,900,Sunday,26912,Shop & Service,-999,-999.0,Clouds,293
8249,40.693212179419 -73.9301037076316,600,Monday,28156,Residence,-999,-999.0,Clouds,293
8249,40.693212179419 -73.9301037076316,600,Monday,30553,Residence,-999,-999.0,Clouds,293
8249,40.6891441345215 -73.9303207397461,660,Monday,23998,Food,1,-999.0,Clouds,293
8249,40.679336210457 -73.9302849769592,660,Monday,29725,Travel & Transport,-999,-999.0,Clouds,293
8249,40.7255768 -74.004252,660,Monday,10771,Travel & Transport,-999,-999.0,Clouds,293
8249,40.7267850637436 -74.0034674744571,720,Monday,18403,Outdoors & Recreation,-999,6.7,Clouds,293
8249,40.7264855460639 -74.00508876647191,780,Monday,17277,Food,-999,-999.0,Clouds,293
8249,40.7159507376023 -73.9495953372234,1380,Monday,26912,Shop & Service,-999,-999.0,Clouds,293
8249,40.693212179419 -73.9301037076316,720,Thursday,28156,Residence,-999,-999.0,Clear,293
8249,40.693212179419 -73.9301037076316,720,Thursday,30553,Residence,-999,-999.0,Clear,293
8249,40.6899053708564 -73.9310480535327,720,Thursday,25043,Food,1,-999.0,Clear,293
8249,40.6891441345215 -73.9303207397461,720,Thursday,23998,Food,1,-999.0,Clear,293
8249,40.6890452721271 -73.9303189844572,720,Thursday,22512,Food,1,-999.0,Clear,293
8249,40.679336210457 -73.9302849769592,720,Thursday,29725,Travel & Transport,-999,-999.0,Clear,293
8249,40.7267586968248 -74.0052953518167,780,Thursday,737,Professional & Other Places,-999,8.3,Clear,293
8249,40.7264855460639 -74.00508876647191,780,Thursday,17277,Food,-999,-999.0,Clear,293
8249,40.726413955892895 -74.00504285858709,1140,Thursday,28066,Arts & Entertainment,-999,-999.0,Clear,293
8249,40.7263475952382 -74.0043370234733,1140,Thursday,20795,Food,2,-999.0,Clear,293
8249,40.7397705376034 -74.0025812387466,1380,Thursday,25174,Travel & Transport,-999,-999.0,Clear,293
8249,40.7045914253599 -73.94804549298179,120,Friday,10585,Residence,-999,-999.0,Clear,293
8249,40.7042731757993 -73.9480971546566,120,Friday,8159,Food,1,-999.0,Clear,293
8249,40.693212179419 -73.9301037076316,720,Friday,5047,Residence,-999,-999.0,Clear,293
8249,40.6891441345215 -73.9303207397461,720,Friday,23998,Food,1,-999.0,Clear,293
8249,40.7679967046751 -73.9818906784058,780,Friday,13115,Travel & Transport,-999,-999.0,Clear,293
8249,40.7681253262567 -73.98441762875409,780,Friday,1934,Professional & Other Places,-999,-999.0,Clear,293
8249,40.7675315703814 -73.9825064977203,840,Friday,20480,Shop & Service,-999,5.5,Clouds,293
8249,40.7679967046751 -73.9818906784058,840,Friday,13115,Travel & Transport,-999,-999.0,Clouds,293
8249,40.7397735859936 -74.0025758743286,900,Friday,2323,Travel & Transport,-999,-999.0,Clouds,293
8249,40.7397705376034 -74.0025812387466,900,Friday,25174,Travel & Transport,-999,-999.0,Clouds,293
8249,40.7138094466215 -73.95024061203,900,Friday,27480,Travel & Transport,-999,-999.0,Clouds,293
8249,40.7143435925851 -73.9494518336488,900,Friday,7436,Food,1,7.2,Clouds,293
8249,40.7150559018636 -73.9495034949479,900,Friday,34021,Food,1,5.9,Clouds,293
8249,40.715591767491496 -73.9496240379255,900,Friday,15377,Food,1,9.2,Clouds,293
8249,40.7152465317199 -73.94961255764521,240,Saturday,10067,Food,1,-999.0,Clear,293
8249,40.714049 -73.949311,240,Saturday,8628,Food,1,8.4,Clear,293
8249,40.7065994949756 -73.9475403558783,240,Saturday,35889,Outdoors & Recreation,-999,6.5,Clear,293
8249,40.7045914253599 -73.94804549298179,240,Saturday,10585,Residence,-999,-999.0,Clear,293
8249,40.7042731757993 -73.9480971546566,240,Saturday,8159,Food,1,-999.0,Clear,293
8249,40.693212179419 -73.9301037076316,840,Saturday,28156,Residence,-999,-999.0,Clear,293
8249,40.7143435925851 -73.9494518336488,1020,Saturday,7436,Food,1,7.2,Clear,293
8249,40.7159507376023 -73.9495953372234,1080,Saturday,26912,Shop & Service,-999,-999.0,Clear,293
8249,40.7152465317199 -73.94961255764521,0,Sunday,10067,Food,1,-999.0,Clear,293
8249,40.714049 -73.949311,0,Sunday,8628,Food,1,8.4,Clear,293
8249,40.7045914253599 -73.94804549298179,0,Sunday,10585,Residence,-999,-999.0,Clear,293
8249,40.6864823140982 -73.9302902808943,720,Sunday,22270,Shop & Service,-999,5.7,Clear,293
8249,40.6890452721271 -73.9303189844572,780,Sunday,22512,Food,1,-999.0,Clear,293
8249,40.7152465317199 -73.94961255764521,840,Sunday,10067,Food,1,-999.0,Clear,293
8249,40.7143435925851 -73.9494518336488,840,Sunday,7436,Food,1,7.2,Clear,293
8249,40.7160690082051 -73.94973884069141,900,Sunday,23875,Food,1,-999.0,Clear,293
8250,40.7042731757993 -73.9480971546566,0,Monday,8159,Food,1,-999.0,Clear,293
8250,40.693212179419 -73.9301037076316,720,Monday,28156,Residence,-999,-999.0,Fog,293
8250,40.693212179419 -73.9301037076316,720,Monday,30553,Residence,-999,-999.0,Fog,293
8250,40.6899053708564 -73.9310480535327,720,Monday,25043,Food,1,-999.0,Fog,293
8250,40.693212179419 -73.9301037076316,720,Monday,5047,Residence,-999,-999.0,Fog,293
8250,40.6890452721271 -73.9303189844572,720,Monday,22512,Food,1,-999.0,Fog,293
8250,40.679336210457 -73.9302849769592,720,Monday,29725,Travel & Transport,-999,-999.0,Fog,293
8250,40.7267850637436 -74.0034674744571,780,Monday,18403,Outdoors & Recreation,-999,6.7,Clouds,293
8250,40.693212179419 -73.9301037076316,720,Tuesday,28156,Residence,-999,-999.0,Clouds,293
8250,40.693212179419 -73.9301037076316,720,Tuesday,30553,Residence,-999,-999.0,Clouds,293
8250,40.6899053708564 -73.9310480535327,720,Tuesday,25043,Food,1,-999.0,Fog,293
8250,40.689116145972704 -73.93030176232,720,Tuesday,32132,Shop & Service,-999,-999.0,Fog,293
8250,40.714049 -73.949311,780,Tuesday,8628,Food,1,8.4,Fog,293
8250,40.7143435925851 -73.9494518336488,840,Tuesday,7436,Food,1,7.2,Fog,293
8250,40.7160690082051 -73.94973884069141,840,Tuesday,23875,Food,1,-999.0,Fog,293
8250,40.7159507376023 -73.9495953372234,840,Tuesday,26912,Shop & Service,-999,-999.0,Fog,293
8250,40.7045914253599 -73.94804549298179,0,Wednesday,10585,Residence,-999,-999.0,Clouds,293
8250,40.693212179419 -73.9301037076316,720,Wednesday,30553,Residence,-999,-999.0,Clouds,293
8250,40.6899053708564 -73.9310480535327,720,Wednesday,25043,Food,1,-999.0,Fog,293
8250,40.7255768 -74.004252,780,Wednesday,10771,Travel & Transport,-999,-999.0,Fog,293
8250,40.7267850637436 -74.0034674744571,780,Wednesday,18403,Outdoors & Recreation,-999,6.7,Fog,293
8250,40.7269465758583 -74.00367135545208,780,Wednesday,30399,Shop & Service,-999,-999.0,Fog,293
8250,40.727022125085 -74.00527813637991,780,Wednesday,322,Shop & Service,-999,-999.0,Fog,293
8250,40.7267586968248 -74.0052953518167,1140,Wednesday,737,Professional & Other Places,-999,8.3,Rain,293
8250,40.7264855460639 -74.00508876647191,1140,Wednesday,17277,Food,-999,-999.0,Rain,293
8250,40.7255768 -74.004252,1140,Wednesday,10771,Travel & Transport,-999,-999.0,Rain,293
8250,40.7397735859936 -74.0025758743286,1200,Wednesday,2323,Travel & Transport,-999,-999.0,Rain,293
8250,40.7397705376034 -74.0025812387466,1200,Wednesday,25174,Travel & Transport,-999,-999.0,Rain,293
8250,40.7152465317199 -73.94961255764521,1200,Wednesday,10067,Food,1,-999.0,Clouds,293
8250,40.7143435925851 -73.9494518336488,1200,Wednesday,7436,Food,1,7.2,Clouds,293
8250,40.7150559018636 -73.9495034949479,1200,Wednesday,34021,Food,1,5.9,Clouds,293
8250,40.7160690082051 -73.94973884069141,1200,Wednesday,23875,Food,1,-999.0,Clouds,293
8250,40.7152465317199 -73.94961255764521,0,Thursday,10067,Food,1,-999.0,Clouds,293
8250,40.693212179419 -73.9301037076316,720,Thursday,30553,Residence,-999,-999.0,Clouds,293
8250,40.693212179419 -73.9301037076316,720,Thursday,5047,Residence,-999,-999.0,Clouds,293
8250,40.6890452721271 -73.9303189844572,720,Thursday,22512,Food,1,-999.0,Clouds,293
8250,40.679336210457 -73.9302849769592,720,Thursday,29725,Travel & Transport,-999,-999.0,Clouds,293
8250,40.7255768 -74.004252,720,Thursday,10771,Travel & Transport,-999,-999.0,Clouds,293
8250,40.7267850637436 -74.0034674744571,720,Thursday,18403,Outdoors & Recreation,-999,6.7,Clouds,293
8250,40.7269465758583 -74.00367135545208,720,Thursday,30399,Shop & Service,-999,-999.0,Clouds,293
8250,40.726421499076096 -74.00613890632658,780,Thursday,2043,Shop & Service,-999,6.7,Clouds,293
8250,40.7267586968248 -74.0052953518167,780,Thursday,737,Professional & Other Places,-999,8.3,Clouds,293
8250,40.7264855460639 -74.00508876647191,780,Thursday,17277,Food,-999,-999.0,Clouds,293
8250,40.7255768 -74.004252,1140,Thursday,10771,Travel & Transport,-999,-999.0,Clear,293
8250,40.7397735859936 -74.0025758743286,1200,Thursday,2323,Travel & Transport,-999,-999.0,Clear,293
8250,40.7397705376034 -74.0025812387466,1200,Thursday,25174,Travel & Transport,-999,-999.0,Clear,293
8250,40.7152465317199 -73.94961255764521,1200,Thursday,10067,Food,1,-999.0,Clear,293
8250,40.7143435925851 -73.9494518336488,1200,Thursday,7436,Food,1,7.2,Clear,293
8250,40.7150559018636 -73.9495034949479,1200,Thursday,34021,Food,1,5.9,Clear,293
8250,40.7160690082051 -73.94973884069141,1200,Thursday,23875,Food,1,-999.0,Clear,293
8250,40.7045914253599 -73.94804549298179,0,Friday,10585,Residence,-999,-999.0,Clear,293
8250,40.693212179419 -73.9301037076316,900,Friday,5047,Residence,-999,-999.0,Clouds,293
8250,40.679336210457 -73.9302849769592,900,Friday,29725,Travel & Transport,-999,-999.0,Clouds,293
8250,40.7267850637436 -74.0034674744571,1080,Friday,18403,Outdoors & Recreation,-999,6.7,Clouds,293
8250,40.7267586968248 -74.0052953518167,1080,Friday,737,Professional & Other Places,-999,8.3,Clouds,293
8250,40.7138094466215 -73.95024061203,1200,Friday,27480,Travel & Transport,-999,-999.0,Clear,293
8250,40.7152465317199 -73.94961255764521,1200,Friday,10067,Food,1,-999.0,Clear,293
8250,40.7150559018636 -73.9495034949479,1200,Friday,34021,Food,1,5.9,Clear,293
8250,40.69054151282 -73.9337461593477,660,Saturday,18974,Shop & Service,-999,-999.0,Clear,293
8250,40.6905065842704 -73.93353949725099,660,Saturday,6579,Food,1,-999.0,Clear,293
8250,40.690468 -73.923719,660,Saturday,17329,Shop & Service,-999,-999.0,Clear,293
8250,40.6902745511944 -73.9233840802866,660,Saturday,906,Shop & Service,-999,6.4,Clear,293
8250,40.6895040564836 -73.92192588184301,660,Saturday,28744,Shop & Service,-999,6.6,Clear,293
8250,40.6891441345215 -73.9303207397461,720,Saturday,23998,Food,1,-999.0,Clear,293
8250,40.6890452721271 -73.9303189844572,720,Saturday,22512,Food,1,-999.0,Clear,293
8250,40.7008972268821 -73.9421100487182,720,Saturday,36549,Shop & Service,-999,5.7,Clear,293
8250,40.7006583704611 -73.9413810212522,720,Saturday,21018,Shop & Service,-999,5.2,Clear,293
8250,40.7049454492378 -73.94825213959841,720,Saturday,10585,Residence,-999,-999.0,Clear,293
8250,40.7143435925851 -73.9494518336488,720,Saturday,7436,Food,1,7.2,Clear,293
8250,40.7150559018636 -73.9495034949479,720,Saturday,34021,Food,1,5.9,Clear,293
8250,40.715591767491496 -73.9496240379255,720,Saturday,15377,Food,1,9.2,Clear,293
8250,40.7117113027309 -73.9425373077392,720,Saturday,26912,Shop & Service,-999,-999.0,Clear,293
8250,40.7049454492378 -73.94825213959841,60,Sunday,10585,Residence,-999,-999.0,Fog,293
8250,40.693212179419 -73.9301037076316,660,Sunday,28156,Residence,-999,-999.0,Clouds,293
8250,40.6899053708564 -73.9310480535327,720,Sunday,25043,Food,1,-999.0,Clouds,293
8250,40.6891441345215 -73.9303207397461,720,Sunday,23998,Food,1,-999.0,Clouds,293
8250,40.6890452721271 -73.9303189844572,720,Sunday,22512,Food,1,-999.0,Clouds,293
8250,40.7006583704611 -73.9413810212522,720,Sunday,21018,Shop & Service,-999,5.2,Clouds,293
8250,40.715591767491496 -73.9496240379255,960,Sunday,15377,Food,1,9.2,Clouds,293
8250,40.7160690082051 -73.94973884069141,960,Sunday,23875,Food,1,-999.0,Clouds,293
8250,40.7117113027309 -73.9425373077392,960,Sunday,26912,Shop & Service,-999,-999.0,Clouds,293
8252,40.693212179419 -73.9301037076316,720,Monday,28156,Residence,-999,-999.0,Clouds,293
8252,40.693212179419 -73.9301037076316,720,Monday,30553,Residence,-999,-999.0,Clouds,293
8252,40.693212179419 -73.9301037076316,780,Monday,5047,Residence,-999,-999.0,Rain,293
8252,40.679336210457 -73.9302849769592,780,Monday,29725,Travel & Transport,-999,-999.0,Clouds,293
8252,40.7255768 -74.004252,780,Monday,10771,Travel & Transport,-999,-999.0,Clouds,293
8252,40.7269465758583 -74.00367135545208,780,Monday,30399,Shop & Service,-999,-999.0,Clouds,293
8252,40.727022125085 -74.00527813637991,780,Monday,322,Shop & Service,-999,-999.0,Clouds,293
8252,40.7264855460639 -74.00508876647191,900,Monday,17277,Food,-999,-999.0,Clouds,293
8252,40.7397735859936 -74.0025758743286,1140,Monday,2323,Travel & Transport,-999,-999.0,Clouds,293
8252,40.7397705376034 -74.0025812387466,1140,Monday,25174,Travel & Transport,-999,-999.0,Clouds,293
8252,40.7138094466215 -73.95024061203,1200,Monday,27480,Travel & Transport,-999,-999.0,Clouds,293
8252,40.7152465317199 -73.94961255764521,1200,Monday,10067,Food,1,-999.0,Clouds,293
8252,40.7150559018636 -73.9495034949479,1200,Monday,34021,Food,1,5.9,Clouds,293
8252,40.7160690082051 -73.94973884069141,1200,Monday,23875,Food,1,-999.0,Clouds,293
8252,40.7042731757993 -73.9480971546566,1380,Monday,8159,Food,1,-999.0,Clouds,293
8252,40.693212179419 -73.9301037076316,720,Tuesday,28156,Residence,-999,-999.0,Clouds,293
8252,40.693212179419 -73.9301037076316,720,Tuesday,30553,Residence,-999,-999.0,Clouds,293
8252,40.693212179419 -73.9301037076316,720,Tuesday,5047,Residence,-999,-999.0,Clouds,293
8252,40.6890452721271 -73.9303189844572,720,Tuesday,22512,Food,1,-999.0,Clouds,293
8252,40.7255768 -74.004252,780,Tuesday,10771,Travel & Transport,-999,-999.0,Clouds,293
8252,40.7267850637436 -74.0034674744571,780,Tuesday,18403,Outdoors & Recreation,-999,6.7,Clouds,293
8252,40.7397735859936 -74.0025758743286,1200,Tuesday,2323,Travel & Transport,-999,-999.0,Clouds,293
8252,40.7138094466215 -73.95024061203,1200,Tuesday,27480,Travel & Transport,-999,-999.0,Clouds,293
8252,40.7152465317199 -73.94961255764521,1200,Tuesday,10067,Food,1,-999.0,Clouds,293
8252,40.7143435925851 -73.9494518336488,1260,Tuesday,7436,Food,1,7.2,Clouds,293
8252,40.7160690082051 -73.94973884069141,1260,Tuesday,23875,Food,1,-999.0,Clouds,293
8252,40.7117113027309 -73.9425373077392,1260,Tuesday,26912,Shop & Service,-999,-999.0,Clouds,293
8252,40.693212179419 -73.9301037076316,720,Wednesday,5047,Residence,-999,-999.0,Clear,293
8252,40.6891441345215 -73.9303207397461,720,Wednesday,23998,Food,1,-999.0,Clear,293
8252,40.6890452721271 -73.9303189844572,720,Wednesday,22512,Food,1,-999.0,Clear,293
8252,40.7267850637436 -74.0034674744571,780,Wednesday,18403,Outdoors & Recreation,-999,6.7,Clear,293
8252,40.7269465758583 -74.00367135545208,780,Wednesday,30399,Shop & Service,-999,-999.0,Clear,293
8252,40.7264855460639 -74.00508876647191,840,Wednesday,17277,Food,-999,-999.0,Clear,293
8252,40.726413955892895 -74.00504285858709,1140,Wednesday,28066,Arts & Entertainment,-999,-999.0,Clouds,293
8252,40.7255768 -74.004252,1200,Wednesday,10771,Travel & Transport,-999,-999.0,Clouds,293
8252,40.7397735859936 -74.0025758743286,1200,Wednesday,2323,Travel & Transport,-999,-999.0,Clouds,293
8252,40.7138094466215 -73.95024061203,1200,Wednesday,27480,Travel & Transport,-999,-999.0,Clouds,293
8252,40.7143435925851 -73.9494518336488,1200,Wednesday,7436,Food,1,7.2,Clouds,293
8252,40.7150559018636 -73.9495034949479,1200,Wednesday,34021,Food,1,5.9,Clouds,293
8252,40.7117113027309 -73.9425373077392,1200,Wednesday,26912,Shop & Service,-999,-999.0,Clouds,293
8252,40.7042731757993 -73.9480971546566,0,Thursday,8159,Food,1,-999.0,Snow,293
8252,40.704067674395 -73.9481717770515,0,Thursday,35325,Food,1,-999.0,Snow,293
8252,40.757140632601 -73.9669699619962,1260,Friday,20898,Shop & Service,-999,9.4,Clouds,293
8212,40.693212179419 -73.9301037076316,660,Monday,28156,Residence,-999,-999.0,Clear,293
8212,40.679336210457 -73.9302849769592,720,Monday,29725,Travel & Transport,-999,-999.0,Clear,293
8212,40.7255768 -74.004252,780,Monday,10771,Travel & Transport,-999,-999.0,Clear,293
8212,40.7267850637436 -74.0034674744571,780,Monday,18403,Outdoors & Recreation,-999,6.7,Clear,293
8212,40.7264930782502 -74.0053010902954,840,Monday,737,Professional & Other Places,-999,8.3,Clear,293
8212,40.693212179419 -73.9301037076316,720,Tuesday,28156,Residence,-999,-999.0,Clear,293
8212,40.693212179419 -73.9301037076316,720,Tuesday,5047,Residence,-999,-999.0,Clear,293
8212,40.7255768 -74.004252,780,Tuesday,10771,Travel & Transport,-999,-999.0,Clear,293
8212,40.7267850637436 -74.0034674744571,780,Tuesday,18403,Outdoors & Recreation,-999,6.7,Clear,293
8212,40.727035 -74.005569,780,Tuesday,322,Shop & Service,-999,-999.0,Clear,293
8212,40.7255768 -74.004252,1140,Tuesday,10771,Travel & Transport,-999,-999.0,Clear,293
8212,40.7159507376023 -73.9495953372234,1200,Tuesday,26912,Shop & Service,-999,-999.0,Clear,293
8212,40.693212179419 -73.9301037076316,840,Wednesday,28156,Residence,-999,-999.0,Clouds,293
8212,40.693212179419 -73.9301037076316,840,Wednesday,30553,Residence,-999,-999.0,Clouds,293
8212,40.693212179419 -73.9301037076316,840,Wednesday,5047,Residence,-999,-999.0,Clouds,293
8212,40.7007702220074 -73.94183451110099,900,Wednesday,36549,Shop & Service,-999,5.7,Clouds,293
8212,40.7007267893741 -73.9412489923624,900,Wednesday,21018,Shop & Service,-999,5.2,Clouds,293
8212,40.7160690082051 -73.94973884069141,900,Wednesday,23875,Food,1,-999.0,Clouds,293
8212,40.7159507376023 -73.9495953372234,900,Wednesday,26912,Shop & Service,-999,-999.0,Clouds,293
8212,40.76387225821389 -73.9777199780318,1080,Wednesday,22145,Shop & Service,-999,-999.0,Clouds,293
8212,40.764366 -73.979733,1080,Wednesday,1165,Nightlife Spot,4,8.6,Clouds,293
8212,40.7159507376023 -73.9495953372234,1380,Wednesday,26912,Shop & Service,-999,-999.0,Rain,293
8212,40.7039808785272 -73.947861806915,180,Thursday,23931,Travel & Transport,-999,-999.0,Clouds,293
8212,40.693212179419 -73.9301037076316,840,Thursday,28156,Residence,-999,-999.0,Clear,293
8212,40.693212179419 -73.9301037076316,840,Thursday,30553,Residence,-999,-999.0,Clear,293
8212,40.693212179419 -73.9301037076316,900,Thursday,5047,Residence,-999,-999.0,Clear,293
8212,40.6756515459304 -73.930387872991,900,Thursday,25508,Travel & Transport,-999,-999.0,Clear,293
8212,40.667785562675 -73.9186649890442,960,Thursday,33760,Shop & Service,-999,5.5,Clear,293
8212,40.7159507376023 -73.9495953372234,1020,Thursday,26912,Shop & Service,-999,-999.0,Clear,293
8212,40.715591767491496 -73.9496240379255,1020,Thursday,15377,Food,1,9.2,Clear,293
8212,40.7039808785272 -73.947861806915,120,Friday,23931,Travel & Transport,-999,-999.0,Clear,293
8212,40.693212179419 -73.9301037076316,900,Friday,30553,Residence,-999,-999.0,Clouds,293
8212,40.693212179419 -73.9301037076316,900,Friday,5047,Residence,-999,-999.0,Clouds,293
8212,40.6892781762484 -73.9221954345703,900,Friday,8872,Shop & Service,-999,6.0,Clouds,293
8212,40.690652 -73.92427,900,Friday,5924,Shop & Service,-999,5.4,Clouds,293
8212,40.689691503798 -73.922993697524,900,Friday,34157,Travel & Transport,-999,-999.0,Clouds,293
8212,40.7160690082051 -73.94973884069141,1020,Friday,23875,Food,1,-999.0,Clouds,293
8212,40.7159507376023 -73.9495953372234,780,Saturday,26912,Shop & Service,-999,-999.0,Clouds,293
8212,40.7160690082051 -73.94973884069141,1260,Saturday,23875,Food,1,-999.0,Clouds,293
8212,40.7159507376023 -73.9495953372234,1260,Saturday,26912,Shop & Service,-999,-999.0,Clouds,293
8212,40.7039808785272 -73.947861806915,120,Sunday,23931,Travel & Transport,-999,-999.0,Clouds,293
8212,40.693212179419 -73.9301037076316,1020,Sunday,30553,Residence,-999,-999.0,Rain,293
8212,40.693212179419 -73.9301037076316,1080,Sunday,5047,Residence,-999,-999.0,Rain,293
8212,40.689691503798 -73.922993697524,1080,Sunday,34157,Travel & Transport,-999,-999.0,Rain,293
8212,40.7159507376023 -73.9495953372234,1080,Sunday,26912,Shop & Service,-999,-999.0,Rain,293
8212,40.7160690082051 -73.94973884069141,1140,Sunday,23875,Food,1,-999.0,Rain,293
8215,40.7039808785272 -73.947861806915,0,Monday,23931,Travel & Transport,-999,-999.0,Clear,293
8215,40.693212179419 -73.9301037076316,720,Monday,28156,Residence,-999,-999.0,Clouds,293
8215,40.693212179419 -73.9301037076316,720,Monday,30553,Residence,-999,-999.0,Clouds,293
8215,40.7255768 -74.004252,780,Monday,10771,Travel & Transport,-999,-999.0,Clouds,293
8215,40.7267850637436 -74.0034674744571,780,Monday,18403,Outdoors & Recreation,-999,6.7,Clouds,293
8215,40.727035 -74.005569,780,Monday,322,Shop & Service,-999,-999.0,Clouds,293
8215,40.693212179419 -73.9301037076316,660,Tuesday,30553,Residence,-999,-999.0,Clouds,293
8215,40.693212179419 -73.9301037076316,840,Tuesday,5047,Residence,-999,-999.0,Clouds,293
8215,40.7159507376023 -73.9495953372234,900,Tuesday,26912,Shop & Service,-999,-999.0,Clouds,293
8215,40.7039808785272 -73.947861806915,60,Wednesday,23931,Travel & Transport,-999,-999.0,Rain,293
8215,40.693212179419 -73.9301037076316,660,Wednesday,28156,Residence,-999,-999.0,Clouds,293
8215,40.693212179419 -73.9301037076316,660,Wednesday,30553,Residence,-999,-999.0,Clouds,293
8215,40.693212179419 -73.9301037076316,660,Wednesday,5047,Residence,-999,-999.0,Clouds,293
8215,40.6686929213789 -73.93140077590941,720,Wednesday,37883,Travel & Transport,-999,-999.0,Clouds,293
8215,40.714464086511605 -73.9991158246994,120,Saturday,36572,Food,2,8.5,Clear,293
8215,40.7159507376023 -73.9495953372234,180,Saturday,26912,Shop & Service,-999,-999.0,Clear,293
8215,40.7039808785272 -73.947861806915,240,Saturday,23931,Travel & Transport,-999,-999.0,Clear,293
8215,40.693212179419 -73.9301037076316,960,Saturday,28156,Residence,-999,-999.0,Clear,293
8215,40.693212179419 -73.9301037076316,960,Saturday,30553,Residence,-999,-999.0,Clear,293
8215,40.693212179419 -73.9301037076316,960,Saturday,5047,Residence,-999,-999.0,Clear,293
8215,40.7008972268821 -73.9421100487182,1020,Saturday,36549,Shop & Service,-999,5.7,Clear,293
8215,40.7004550146535 -73.9416790008545,1020,Saturday,5052,Travel & Transport,-999,-999.0,Clear,293
8215,40.715591767491496 -73.9496240379255,1080,Saturday,15377,Food,1,9.2,Clear,293
8215,40.7160690082051 -73.94973884069141,1200,Saturday,23875,Food,1,-999.0,Clear,293
8215,40.704027666788505 -73.9482234386926,240,Sunday,23931,Travel & Transport,-999,-999.0,Clear,293
8215,40.693212179419 -73.9301037076316,720,Sunday,28156,Residence,-999,-999.0,Clear,293
8215,40.693212179419 -73.9301037076316,720,Sunday,30553,Residence,-999,-999.0,Clear,293
8215,40.693212179419 -73.9301037076316,1080,Sunday,5047,Residence,-999,-999.0,Clear,293
8216,40.704027666788505 -73.9482234386926,60,Monday,23931,Travel & Transport,-999,-999.0,Clouds,293
8216,40.693212179419 -73.9301037076316,720,Monday,28156,Residence,-999,-999.0,Clouds,293
8216,40.693212179419 -73.9301037076316,720,Monday,5047,Residence,-999,-999.0,Clouds,293
8216,40.679336210457 -73.9302849769592,720,Monday,29725,Travel & Transport,-999,-999.0,Clouds,293
8216,40.7267850637436 -74.0034674744571,780,Monday,18403,Outdoors & Recreation,-999,6.7,Clouds,293
8216,40.7269270554884 -74.0054904599932,840,Monday,737,Professional & Other Places,-999,8.3,Clouds,293
8216,40.7255768 -74.004252,1140,Monday,10771,Travel & Transport,-999,-999.0,Rain,293
8216,40.7159507376023 -73.9495953372234,1200,Monday,26912,Shop & Service,-999,-999.0,Rain,293
8216,40.704027666788505 -73.9482234386926,60,Tuesday,23931,Travel & Transport,-999,-999.0,Rain,293
8216,40.693212179419 -73.9301037076316,720,Tuesday,28156,Residence,-999,-999.0,Rain,293
8216,40.693212179419 -73.9301037076316,720,Tuesday,30553,Residence,-999,-999.0,Rain,293
8216,40.693212179419 -73.9301037076316,720,Tuesday,5047,Residence,-999,-999.0,Rain,293
8216,40.679336210457 -73.9302849769592,720,Tuesday,29725,Travel & Transport,-999,-999.0,Rain,293
8216,40.7255768 -74.004252,780,Tuesday,10771,Travel & Transport,-999,-999.0,Rain,293
8216,40.7264855460639 -74.00508876647191,780,Tuesday,17277,Food,-999,-999.0,Rain,293
8216,40.7255768 -74.004252,1140,Tuesday,10771,Travel & Transport,-999,-999.0,Clouds,293
8216,40.7159507376023 -73.9495953372234,1200,Tuesday,26912,Shop & Service,-999,-999.0,Clouds,293
8216,40.704027666788505 -73.9482234386926,0,Wednesday,23931,Travel & Transport,-999,-999.0,Clouds,293
8216,40.693212179419 -73.9301037076316,720,Wednesday,30553,Residence,-999,-999.0,Fog,293
8216,40.693212179419 -73.9301037076316,720,Wednesday,5047,Residence,-999,-999.0,Fog,293
8216,40.679336210457 -73.9302849769592,720,Wednesday,29725,Travel & Transport,-999,-999.0,Fog,293
8216,40.7255768 -74.004252,780,Wednesday,10771,Travel & Transport,-999,-999.0,Clouds,293
8216,40.7255768 -74.004252,1200,Wednesday,10771,Travel & Transport,-999,-999.0,Clear,293
8216,40.7159507376023 -73.9495953372234,1200,Wednesday,26912,Shop & Service,-999,-999.0,Clear,293
8216,40.693212179419 -73.9301037076316,600,Thursday,28156,Residence,-999,-999.0,Clear,293
8216,40.693212179419 -73.9301037076316,600,Thursday,30553,Residence,-999,-999.0,Clear,293
8216,40.693212179419 -73.9301037076316,720,Thursday,33683,Residence,-999,-999.0,Clear,293
8216,40.693212179419 -73.9301037076316,720,Thursday,5047,Residence,-999,-999.0,Clear,293
8216,40.679336210457 -73.9302849769592,720,Thursday,29725,Travel & Transport,-999,-999.0,Clear,293
8216,40.7239269287445 -74.0022711496442,780,Thursday,35844,Shop & Service,-999,-999.0,Clear,293
8216,40.7267850637436 -74.0034674744571,780,Thursday,18403,Outdoors & Recreation,-999,6.7,Clear,293
8216,40.727022125085 -74.00527813637991,780,Thursday,322,Shop & Service,-999,-999.0,Clear,293
8216,40.7269270554884 -74.0054904599932,780,Thursday,737,Professional & Other Places,-999,8.3,Clear,293
8216,40.7264855460639 -74.00508876647191,900,Thursday,17277,Food,-999,-999.0,Clear,293
8216,40.693212179419 -73.9301037076316,720,Friday,28156,Residence,-999,-999.0,Clear,293
8216,40.693212179419 -73.9301037076316,720,Friday,30553,Residence,-999,-999.0,Clear,293
8216,40.7159507376023 -73.9495953372234,1200,Friday,26912,Shop & Service,-999,-999.0,Clear,293
8216,40.704027666788505 -73.9482234386926,300,Saturday,23931,Travel & Transport,-999,-999.0,Clear,293
8216,40.693212179419 -73.9301037076316,960,Saturday,28156,Residence,-999,-999.0,Clear,293
8218,40.704027666788505 -73.9482234386926,60,Monday,23931,Travel & Transport,-999,-999.0,Clear,293
8218,40.693212179419 -73.9301037076316,660,Monday,28156,Residence,-999,-999.0,Clear,293
8218,40.693212179419 -73.9301037076316,660,Monday,30553,Residence,-999,-999.0,Clear,293
8218,40.693212179419 -73.9301037076316,720,Monday,5047,Residence,-999,-999.0,Clear,293
8218,40.7267850637436 -74.0034674744571,720,Monday,18403,Outdoors & Recreation,-999,6.7,Clear,293
8218,40.727205 -74.003234,780,Monday,30399,Shop & Service,-999,-999.0,Clear,293
8218,40.7255768 -74.004252,1140,Monday,10771,Travel & Transport,-999,-999.0,Clear,293
8218,40.7159507376023 -73.9495953372234,1200,Monday,26912,Shop & Service,-999,-999.0,Clear,293
8218,40.704027666788505 -73.9482234386926,60,Tuesday,23931,Travel & Transport,-999,-999.0,Clear,293
8218,40.693212179419 -73.9301037076316,540,Tuesday,30553,Residence,-999,-999.0,Clear,293
8218,40.693212179419 -73.9301037076316,720,Tuesday,5047,Residence,-999,-999.0,Clear,293
8218,40.679336210457 -73.9302849769592,720,Tuesday,29725,Travel & Transport,-999,-999.0,Clear,293
8218,40.7255768 -74.004252,780,Tuesday,10771,Travel & Transport,-999,-999.0,Clear,293
8218,40.7267850637436 -74.0034674744571,780,Tuesday,18403,Outdoors & Recreation,-999,6.7,Clear,293
8218,40.7269270554884 -74.0054904599932,780,Tuesday,737,Professional & Other Places,-999,8.3,Clear,293
8218,40.7264855460639 -74.00508876647191,780,Tuesday,17277,Food,-999,-999.0,Clear,293
8218,40.7255768 -74.004252,1140,Tuesday,10771,Travel & Transport,-999,-999.0,Clouds,293
8218,40.704027666788505 -73.9482234386926,1380,Tuesday,23931,Travel & Transport,-999,-999.0,Clouds,293
8218,40.693212179419 -73.9301037076316,600,Thursday,28156,Residence,-999,-999.0,Clear,293
8218,40.693212179419 -73.9301037076316,600,Thursday,30553,Residence,-999,-999.0,Clear,293
8218,40.693212179419 -73.9301037076316,600,Thursday,5047,Residence,-999,-999.0,Clear,293
8218,40.679336210457 -73.9302849769592,600,Thursday,29725,Travel & Transport,-999,-999.0,Clear,293
8218,40.7679967046751 -73.9818906784058,660,Thursday,13115,Travel & Transport,-999,-999.0,Clear,293
8218,40.7680332698216 -73.9818692207336,660,Thursday,5984,Outdoors & Recreation,-999,9.2,Clear,293
8218,40.7681253262567 -73.98441762875409,660,Thursday,1934,Professional & Other Places,-999,-999.0,Clear,293
8218,40.7679967046751 -73.9818906784058,720,Thursday,13115,Travel & Transport,-999,-999.0,Clear,293
8218,40.7267850637436 -74.0034674744571,780,Thursday,18403,Outdoors & Recreation,-999,6.7,Clear,293
8218,40.7269270554884 -74.0054904599932,780,Thursday,737,Professional & Other Places,-999,8.3,Clear,293
8218,40.7264855460639 -74.00508876647191,780,Thursday,17277,Food,-999,-999.0,Clear,293
8218,40.693212179419 -73.9301037076316,720,Friday,28156,Residence,-999,-999.0,Clouds,293
8218,40.693212179419 -73.9301037076316,720,Friday,30553,Residence,-999,-999.0,Clouds,293
8218,40.679336210457 -73.9302849769592,720,Friday,29725,Travel & Transport,-999,-999.0,Clouds,293
8218,40.7267850637436 -74.0034674744571,780,Friday,18403,Outdoors & Recreation,-999,6.7,Clouds,293
8218,40.727022125085 -74.00527813637991,780,Friday,322,Shop & Service,-999,-999.0,Clouds,293
8218,40.7269270554884 -74.0054904599932,780,Friday,737,Professional & Other Places,-999,8.3,Clouds,293
8218,40.7264855460639 -74.00508876647191,780,Friday,17277,Food,-999,-999.0,Clouds,293
8218,40.693212179419 -73.9301037076316,1140,Saturday,5047,Residence,-999,-999.0,Clear,293
8218,40.7042731757993 -73.9480971546566,1200,Saturday,8159,Food,1,-999.0,Clear,293
8218,40.7159507376023 -73.9495953372234,1200,Saturday,26912,Shop & Service,-999,-999.0,Clear,293
8218,40.7160690082051 -73.94973884069141,60,Sunday,23875,Food,1,-999.0,Clear,293
8218,40.693212179419 -73.9301037076316,720,Sunday,28156,Residence,-999,-999.0,Clear,293
8218,40.693212179419 -73.9301037076316,720,Sunday,30553,Residence,-999,-999.0,Clear,293
8218,40.693212179419 -73.9301037076316,720,Sunday,5047,Residence,-999,-999.0,Clear,293
8218,40.7159507376023 -73.9495953372234,780,Sunday,26912,Shop & Service,-999,-999.0,Clear,293
8218,40.7150559018636 -73.9495034949479,1260,Sunday,34021,Food,1,5.9,Clear,293
8219,40.7264855460639 -74.00508876647191,1140,Monday,17277,Food,-999,-999.0,Clouds,293
8219,40.7255768 -74.004252,1140,Monday,10771,Travel & Transport,-999,-999.0,Clouds,293
8219,40.704027666788505 -73.9482234386926,0,Tuesday,23931,Travel & Transport,-999,-999.0,Clouds,293
8219,40.693212179419 -73.9301037076316,720,Wednesday,28156,Residence,-999,-999.0,Clear,293
8219,40.693212179419 -73.9301037076316,720,Wednesday,30553,Residence,-999,-999.0,Clear,293
8219,40.7255768 -74.004252,780,Wednesday,10771,Travel & Transport,-999,-999.0,Clear,293
8219,40.7267850637436 -74.0034674744571,780,Wednesday,18403,Outdoors & Recreation,-999,6.7,Clear,293
8219,40.7269270554884 -74.0054904599932,1020,Wednesday,737,Professional & Other Places,-999,8.3,Clouds,293
8219,40.7264855460639 -74.00508876647191,1020,Wednesday,17277,Food,-999,-999.0,Clouds,293
8219,40.7255768 -74.004252,1140,Wednesday,10771,Travel & Transport,-999,-999.0,Rain,293
8219,40.714049 -73.949311,1200,Wednesday,8628,Food,1,8.4,Clouds,293
8219,40.704027666788505 -73.9482234386926,60,Thursday,23931,Travel & Transport,-999,-999.0,Clouds,293
8219,40.693212179419 -73.9301037076316,720,Thursday,28156,Residence,-999,-999.0,Clear,293
8219,40.693212179419 -73.9301037076316,720,Thursday,30553,Residence,-999,-999.0,Clear,293
8219,40.679336210457 -73.9302849769592,720,Thursday,29725,Travel & Transport,-999,-999.0,Clear,293
8219,40.679336210457 -73.9302849769592,720,Thursday,29725,Travel & Transport,-999,-999.0,Clouds,293
8219,40.7255768 -74.004252,780,Thursday,10771,Travel & Transport,-999,-999.0,Clouds,293
8219,40.7267850637436 -74.0034674744571,780,Thursday,18403,Outdoors & Recreation,-999,6.7,Clouds,293
8219,40.7278966339721 -74.00722347094509,780,Thursday,17531,Shop & Service,-999,6.4,Clear,293
8219,40.7255549287885 -74.00659798204799,780,Thursday,5542,Professional & Other Places,-999,-999.0,Clear,293
8219,40.735779058846 -73.9931344985962,780,Thursday,9626,Food,1,8.5,Clear,293
8219,40.7269270554884 -74.0054904599932,780,Thursday,737,Professional & Other Places,-999,8.3,Clear,293
8219,40.7255768 -74.004252,1140,Thursday,10771,Travel & Transport,-999,-999.0,Clouds,293
8219,40.7159507376023 -73.9495953372234,1200,Thursday,26912,Shop & Service,-999,-999.0,Clear,293
8219,40.693212179419 -73.9301037076316,720,Friday,28156,Residence,-999,-999.0,Clear,293
8219,40.693212179419 -73.9301037076316,720,Friday,33683,Residence,-999,-999.0,Clear,293
8219,40.693212179419 -73.9301037076316,720,Friday,5047,Residence,-999,-999.0,Clear,293
8219,40.679336210457 -73.9302849769592,720,Friday,29725,Travel & Transport,-999,-999.0,Clear,293
8219,40.7255768 -74.004252,780,Friday,10771,Travel & Transport,-999,-999.0,Clear,293
8219,40.7267850637436 -74.0034674744571,780,Friday,18403,Outdoors & Recreation,-999,6.7,Clear,293
8219,40.727205 -74.003234,780,Friday,30399,Shop & Service,-999,-999.0,Clear,293
8219,40.727022125085 -74.00527813637991,780,Friday,322,Shop & Service,-999,-999.0,Clear,293
8219,40.7269270554884 -74.0054904599932,960,Friday,737,Professional & Other Places,-999,8.3,Clouds,293
8219,40.7255768 -74.004252,1140,Friday,10771,Travel & Transport,-999,-999.0,Clouds,293
8219,40.7575233146329 -73.9691786872484,1200,Friday,8670,Travel & Transport,-999,-999.0,Clouds,293
8219,40.757140632601 -73.9669699619962,1200,Friday,20898,Shop & Service,-999,9.4,Clouds,293
8219,40.7159507376023 -73.9495953372234,1320,Friday,26912,Shop & Service,-999,-999.0,Clear,293
8219,40.704027666788505 -73.9482234386926,1380,Friday,23931,Travel & Transport,-999,-999.0,Clear,293
8219,40.69054151282 -73.9337461593477,660,Saturday,18974,Shop & Service,-999,-999.0,Clouds,293
8219,40.6905065842704 -73.93353949725099,780,Saturday,6579,Food,1,-999.0,Clouds,293
8219,40.693212179419 -73.9301037076316,1020,Saturday,5047,Residence,-999,-999.0,Rain,293
8219,40.6864823140982 -73.9302902808943,1020,Saturday,22270,Shop & Service,-999,5.7,Rain,293
8219,40.7159507376023 -73.9495953372234,1080,Saturday,26912,Shop & Service,-999,-999.0,Rain,293
8219,40.704027666788505 -73.9482234386926,180,Sunday,23931,Travel & Transport,-999,-999.0,Clouds,293
8219,40.693212179419 -73.9301037076316,600,Sunday,30553,Residence,-999,-999.0,Clouds,293
8219,40.693212179419 -73.9301037076316,600,Sunday,5047,Residence,-999,-999.0,Clouds,293
8219,40.6752809411105 -73.930387872991,660,Sunday,25508,Travel & Transport,-999,-999.0,Clouds,293
8219,40.6687905899366 -73.9167015377781,660,Sunday,33760,Shop & Service,-999,5.5,Clear,293
8219,40.693212179419 -73.9301037076316,900,Sunday,30553,Residence,-999,-999.0,Clouds,293
8219,40.7042731757993 -73.9480971546566,1020,Sunday,8159,Food,1,-999.0,Clouds,293
8219,40.7159507376023 -73.9495953372234,1020,Sunday,26912,Shop & Service,-999,-999.0,Clouds,293
8220,40.704027666788505 -73.9482234386926,60,Monday,23931,Travel & Transport,-999,-999.0,Clouds,293
8220,40.693212179419 -73.9301037076316,720,Monday,28156,Residence,-999,-999.0,Clear,293
8220,40.693212179419 -73.9301037076316,720,Monday,30553,Residence,-999,-999.0,Clear,293
8220,40.693212179419 -73.9301037076316,720,Monday,5047,Residence,-999,-999.0,Clear,293
8220,40.679336210457 -73.9302849769592,720,Monday,29725,Travel & Transport,-999,-999.0,Clear,293
8220,40.7255768 -74.004252,780,Monday,10771,Travel & Transport,-999,-999.0,Clear,293
8220,40.7267850637436 -74.0034674744571,780,Monday,18403,Outdoors & Recreation,-999,6.7,Clear,293
8220,40.7269270554884 -74.0054904599932,1140,Monday,737,Professional & Other Places,-999,8.3,Clouds,293
8220,40.7264855460639 -74.00508876647191,1140,Monday,17277,Food,-999,-999.0,Clouds,293
8220,40.7255768 -74.004252,1140,Monday,10771,Travel & Transport,-999,-999.0,Clouds,293
8220,40.7150559018636 -73.9495034949479,1200,Monday,34021,Food,1,5.9,Clouds,293
8220,40.7159507376023 -73.9495953372234,1200,Monday,26912,Shop & Service,-999,-999.0,Clouds,293
8220,40.704027666788505 -73.9482234386926,60,Tuesday,23931,Travel & Transport,-999,-999.0,Clouds,293
8220,40.693212179419 -73.9301037076316,720,Tuesday,28156,Residence,-999,-999.0,Rain,293
8220,40.693212179419 -73.9301037076316,720,Tuesday,30553,Residence,-999,-999.0,Rain,293
8220,40.693212179419 -73.9301037076316,720,Tuesday,5047,Residence,-999,-999.0,Rain,293
8220,40.689900124899005 -73.9307552780914,720,Tuesday,25043,Food,1,-999.0,Rain,293
8220,40.679336210457 -73.9302849769592,720,Tuesday,29725,Travel & Transport,-999,-999.0,Rain,293
8220,40.7255768 -74.004252,780,Tuesday,10771,Travel & Transport,-999,-999.0,Rain,293
8220,40.7269270554884 -74.0054904599932,780,Tuesday,737,Professional & Other Places,-999,8.3,Rain,293
8220,40.7264855460639 -74.00508876647191,780,Tuesday,17277,Food,-999,-999.0,Rain,293
8220,40.7255768 -74.004252,1140,Tuesday,10771,Travel & Transport,-999,-999.0,Clouds,293
8220,40.704027666788505 -73.9482234386926,0,Wednesday,23931,Travel & Transport,-999,-999.0,Rain,293
8220,40.693212179419 -73.9301037076316,720,Wednesday,28156,Residence,-999,-999.0,Clouds,293
8220,40.693212179419 -73.9301037076316,720,Wednesday,30553,Residence,-999,-999.0,Clouds,293
8220,40.693212179419 -73.9301037076316,720,Wednesday,5047,Residence,-999,-999.0,Clouds,293
8220,40.679336210457 -73.9302849769592,720,Wednesday,29725,Travel & Transport,-999,-999.0,Clouds,293
8220,40.7255768 -74.004252,780,Wednesday,10771,Travel & Transport,-999,-999.0,Clouds,293
8220,40.7267850637436 -74.0034674744571,780,Wednesday,18403,Outdoors & Recreation,-999,6.7,Clouds,293
8220,40.7264855460639 -74.00508876647191,840,Wednesday,17277,Food,-999,-999.0,Clouds,293
8220,40.7255768 -74.004252,1140,Wednesday,10771,Travel & Transport,-999,-999.0,Clouds,293
8220,40.7159507376023 -73.9495953372234,1200,Wednesday,26912,Shop & Service,-999,-999.0,Clouds,293
8220,40.7160690082051 -73.94973884069141,1380,Wednesday,23875,Food,1,-999.0,Clouds,293
8220,40.7159507376023 -73.9495953372234,1380,Wednesday,26912,Shop & Service,-999,-999.0,Clouds,293
8220,40.704027666788505 -73.9482234386926,60,Thursday,23931,Travel & Transport,-999,-999.0,Clouds,293
8220,40.8005723332351 -73.9581799507141,960,Saturday,16235,Travel & Transport,-999,-999.0,Clear,293
8220,40.800707779193 -73.95825127574909,960,Saturday,2679,Outdoors & Recreation,-999,7.0,Clear,293
8220,40.7159507376023 -73.9495953372234,960,Saturday,26912,Shop & Service,-999,-999.0,Clear,293
8220,40.7160690082051 -73.94973884069141,1200,Saturday,23875,Food,1,-999.0,Clear,293
8220,40.7159507376023 -73.9495953372234,1200,Saturday,26912,Shop & Service,-999,-999.0,Clear,293
8220,40.704027666788505 -73.9482234386926,60,Sunday,23931,Travel & Transport,-999,-999.0,Clouds,293
8220,40.693212179419 -73.9301037076316,1020,Sunday,5047,Residence,-999,-999.0,Clear,293
8220,40.7042731757993 -73.9480971546566,1020,Sunday,8159,Food,1,-999.0,Clear,293
8220,40.7159507376023 -73.9495953372234,1020,Sunday,26912,Shop & Service,-999,-999.0,Clear,293
8221,40.704027666788505 -73.9482234386926,60,Monday,23931,Travel & Transport,-999,-999.0,Clear,293
8221,40.693212179419 -73.9301037076316,720,Monday,30553,Residence,-999,-999.0,Clear,293
8221,40.693212179419 -73.9301037076316,720,Monday,5047,Residence,-999,-999.0,Clear,293
8221,40.679336210457 -73.9302849769592,720,Monday,29725,Travel & Transport,-999,-999.0,Clear,293
8221,40.7255768 -74.004252,780,Monday,10771,Travel & Transport,-999,-999.0,Clouds,293
8221,40.7267850637436 -74.0034674744571,780,Monday,18403,Outdoors & Recreation,-999,6.7,Clouds,293
8221,40.7269270554884 -74.0054904599932,780,Monday,737,Professional & Other Places,-999,8.3,Clouds,293
8221,40.7264855460639 -74.00508876647191,900,Monday,17277,Food,-999,-999.0,Clear,293
8221,40.7159507376023 -73.9495953372234,1200,Wednesday,26912,Shop & Service,-999,-999.0,Clear,293
8221,40.704027666788505 -73.9482234386926,1380,Wednesday,23931,Travel & Transport,-999,-999.0,Clear,293
8222,40.693212179419 -73.9301037076316,720,Tuesday,5047,Residence,-999,-999.0,Clouds,293
8222,40.6888680871572 -73.8452403021921,720,Tuesday,31502,Residence,-999,-999.0,Clouds,293
8222,40.679336210457 -73.9302849769592,720,Tuesday,29725,Travel & Transport,-999,-999.0,Clouds,293
8222,40.7255768 -74.004252,780,Tuesday,10771,Travel & Transport,-999,-999.0,Clouds,293
8222,40.7267850637436 -74.0034674744571,780,Tuesday,18403,Outdoors & Recreation,-999,6.7,Clouds,293
8222,40.7269270554884 -74.0054904599932,780,Tuesday,737,Professional & Other Places,-999,8.3,Clouds,293
8222,40.7264855460639 -74.00508876647191,780,Tuesday,17277,Food,-999,-999.0,Clouds,293
8222,40.7255768 -74.004252,1140,Tuesday,10771,Travel & Transport,-999,-999.0,Clouds,293
8222,40.7159507376023 -73.9495953372234,1200,Tuesday,26912,Shop & Service,-999,-999.0,Clouds,293
8222,40.693212179419 -73.9301037076316,720,Wednesday,30553,Residence,-999,-999.0,Clear,293
8222,40.693212179419 -73.9301037076316,720,Wednesday,5047,Residence,-999,-999.0,Clear,293
8222,40.679336210457 -73.9302849769592,720,Wednesday,29725,Travel & Transport,-999,-999.0,Clear,293
8222,40.7255768 -74.004252,780,Wednesday,10771,Travel & Transport,-999,-999.0,Clear,293
8222,40.693212179419 -73.9301037076316,1080,Saturday,28156,Residence,-999,-999.0,Clear,293
8222,40.693212179419 -73.9301037076316,1080,Saturday,5047,Residence,-999,-999.0,Clear,293
8222,40.689900124899005 -73.9307552780914,1080,Saturday,25043,Food,1,-999.0,Clear,293
8222,40.696778415959 -73.9354991912842,1140,Saturday,16505,Food,1,5.7,Clear,293
8222,40.69922230781511 -73.9393374335681,1140,Saturday,12255,Food,1,-999.0,Clear,293
8222,40.7007267893741 -73.9412489923624,1140,Saturday,21018,Shop & Service,-999,5.2,Clear,293
8222,40.714049 -73.949311,1140,Saturday,8628,Food,1,8.4,Clear,293
8222,40.7141603083044 -73.9493829518952,1140,Saturday,7436,Food,1,7.2,Clear,293
8222,40.7159507376023 -73.9495953372234,1140,Saturday,26912,Shop & Service,-999,-999.0,Clear,293
8222,40.7160690082051 -73.94973884069141,1380,Saturday,23875,Food,1,-999.0,Clear,293
8222,40.714049 -73.949311,120,Sunday,8628,Food,1,8.4,Clear,293
8222,40.7104396820068 -73.948771,120,Sunday,26932,Shop & Service,-999,-999.0,Clear,293
8229,40.693212179419 -73.9301037076316,600,Monday,28156,Residence,-999,-999.0,Clear,293
8229,40.693212179419 -73.9301037076316,600,Monday,30553,Residence,-999,-999.0,Clear,293
8229,40.689900124899005 -73.9307552780914,720,Monday,25043,Food,1,-999.0,Clear,293
8229,40.693212179419 -73.9301037076316,720,Monday,5047,Residence,-999,-999.0,Clear,293
8229,40.679336210457 -73.9302849769592,780,Monday,29725,Travel & Transport,-999,-999.0,Clear,293
8229,40.7255768 -74.004252,1140,Monday,10771,Travel & Transport,-999,-999.0,Clear,293
8229,40.7397735859936 -74.0025758743286,1200,Monday,2323,Travel & Transport,-999,-999.0,Clear,293
8229,40.7397705376034 -74.0025812387466,1200,Monday,25174,Travel & Transport,-999,-999.0,Clear,293
8229,40.7397705376034 -74.0025812387466,1200,Monday,25174,Travel & Transport,-999,-999.0,Clear,293
8229,40.7150559018636 -73.9495034949479,1200,Monday,34021,Food,1,5.9,Clear,293
8229,40.7160690082051 -73.94973884069141,1200,Monday,23875,Food,1,-999.0,Clear,293
8229,40.7159507376023 -73.9495953372234,1260,Monday,26912,Shop & Service,-999,-999.0,Clear,293
8229,40.7042731757993 -73.9480971546566,120,Tuesday,8159,Food,1,-999.0,Clear,293
8229,40.704027666788505 -73.9482234386926,120,Tuesday,23931,Travel & Transport,-999,-999.0,Clear,293
8229,40.693212179419 -73.9301037076316,720,Tuesday,28156,Residence,-999,-999.0,Clouds,293
8229,40.6891441345215 -73.9303207397461,720,Tuesday,23998,Food,1,-999.0,Clouds,293
8229,40.7255768 -74.004252,780,Tuesday,10771,Travel & Transport,-999,-999.0,Clouds,293
8229,40.7267850637436 -74.0034674744571,780,Tuesday,18403,Outdoors & Recreation,-999,6.7,Clouds,293
8229,40.727205 -74.003234,780,Tuesday,30399,Shop & Service,-999,-999.0,Clouds,293
8229,40.727022125085 -74.00527813637991,780,Tuesday,322,Shop & Service,-999,-999.0,Clouds,293
8229,40.7269270554884 -74.0054904599932,1140,Tuesday,737,Professional & Other Places,-999,8.3,Clouds,293
8229,40.7264855460639 -74.00508876647191,1140,Tuesday,17277,Food,-999,-999.0,Clouds,293
8229,40.7263475952382 -74.0043370234733,1200,Tuesday,20795,Food,2,-999.0,Clouds,293
8229,40.693212179419 -73.9301037076316,720,Thursday,28156,Residence,-999,-999.0,Clouds,293
8229,40.689900124899005 -73.9307552780914,720,Thursday,25043,Food,1,-999.0,Clouds,293
8229,40.6891441345215 -73.9303207397461,720,Thursday,23998,Food,1,-999.0,Clouds,293
8229,40.7274780889611 -74.0073554545795,780,Thursday,21133,Shop & Service,-999,6.5,Clouds,293
8229,40.727022125085 -74.00527813637991,780,Thursday,322,Shop & Service,-999,-999.0,Clouds,293
8229,40.7269270554884 -74.0054904599932,780,Thursday,737,Professional & Other Places,-999,8.3,Clouds,293
8229,40.7263475952382 -74.0043370234733,1140,Thursday,20795,Food,2,-999.0,Clear,293
8229,40.7397735859936 -74.0025758743286,1200,Thursday,2323,Travel & Transport,-999,-999.0,Clear,293
8229,40.7397705376034 -74.0025812387466,1200,Thursday,25174,Travel & Transport,-999,-999.0,Clear,293
8229,40.693212179419 -73.9301037076316,660,Friday,28156,Residence,-999,-999.0,Clear,293
8229,40.693212179419 -73.9301037076316,660,Friday,30553,Residence,-999,-999.0,Clear,293
8229,40.689900124899005 -73.9307552780914,720,Friday,25043,Food,1,-999.0,Clear,293
8229,40.6891441345215 -73.9303207397461,720,Friday,23998,Food,1,-999.0,Clear,293
8229,40.689116145972704 -73.93030176232,720,Friday,32132,Shop & Service,-999,-999.0,Clear,293
8229,40.679336210457 -73.9302849769592,720,Friday,29725,Travel & Transport,-999,-999.0,Clear,293
8229,40.7267850637436 -74.0034674744571,780,Friday,18403,Outdoors & Recreation,-999,6.7,Clear,293
8229,40.7269270554884 -74.0054904599932,1200,Friday,737,Professional & Other Places,-999,8.3,Clouds,293
8229,40.7264855460639 -74.00508876647191,1200,Friday,17277,Food,-999,-999.0,Clouds,293
8229,40.7263475952382 -74.0043370234733,1200,Friday,20795,Food,2,-999.0,Clouds,293
8229,40.7255768 -74.004252,1200,Friday,10771,Travel & Transport,-999,-999.0,Clouds,293
8229,40.7397735859936 -74.0025758743286,1200,Friday,2323,Travel & Transport,-999,-999.0,Clouds,293
8229,40.7397705376034 -74.0025812387466,1200,Friday,25174,Travel & Transport,-999,-999.0,Clouds,293
8229,40.7141603083044 -73.9493829518952,1200,Friday,7436,Food,1,7.2,Clouds,293
8229,40.7150559018636 -73.9495034949479,1200,Friday,34021,Food,1,5.9,Clouds,293
8229,40.7160690082051 -73.94973884069141,1260,Friday,23875,Food,1,-999.0,Clouds,293
8229,40.7042731757993 -73.9480971546566,300,Saturday,8159,Food,1,-999.0,Rain,293
8229,40.704027666788505 -73.9482234386926,300,Saturday,23931,Travel & Transport,-999,-999.0,Clouds,293
8229,40.693212179419 -73.9301037076316,960,Saturday,30553,Residence,-999,-999.0,Clouds,293
8229,40.693212179419 -73.9301037076316,960,Saturday,5047,Residence,-999,-999.0,Clouds,293
8229,40.6892781762484 -73.9221954345703,960,Saturday,8872,Shop & Service,-999,6.0,Clouds,293
8229,40.6898428323438 -73.92400983925499,960,Saturday,24503,Shop & Service,-999,6.1,Clear,293
8229,40.6895040564836 -73.9220981105755,960,Saturday,28744,Shop & Service,-999,6.6,Clear,293
8229,40.693212179419 -73.9301037076316,660,Sunday,28156,Residence,-999,-999.0,Clear,293
8229,40.693212179419 -73.9301037076316,660,Sunday,30553,Residence,-999,-999.0,Clear,293
8229,40.693212179419 -73.9301037076316,660,Sunday,5047,Residence,-999,-999.0,Clear,293
8229,40.6864823140982 -73.9302902808943,660,Sunday,22270,Shop & Service,-999,5.7,Clear,293
8229,40.689900124899005 -73.9307552780914,720,Sunday,25043,Food,1,-999.0,Clear,293
8229,40.693212179419 -73.9301037076316,720,Sunday,5047,Residence,-999,-999.0,Clear,293
8229,40.6891441345215 -73.9303207397461,720,Sunday,23998,Food,1,-999.0,Clear,293
8229,40.7042731757993 -73.9480971546566,780,Sunday,8159,Food,1,-999.0,Clear,293
8229,40.7141603083044 -73.9493829518952,780,Sunday,7436,Food,1,7.2,Clear,293
8231,40.693212179419 -73.9301037076316,720,Wednesday,28156,Residence,-999,-999.0,Rain,293
8231,40.689900124899005 -73.9307552780914,720,Wednesday,25043,Food,1,-999.0,Clouds,293
8231,40.693212179419 -73.9301037076316,720,Wednesday,5047,Residence,-999,-999.0,Clouds,293
8231,40.7255768 -74.004252,840,Wednesday,10771,Travel & Transport,-999,-999.0,Clouds,293
8231,40.7267850637436 -74.0034674744571,840,Wednesday,18403,Outdoors & Recreation,-999,6.7,Clouds,293
8231,40.727022125085 -74.00527813637991,840,Wednesday,322,Shop & Service,-999,-999.0,Clouds,293
8231,40.7269270554884 -74.0054904599932,900,Wednesday,737,Professional & Other Places,-999,8.3,Clouds,293
8231,40.7263475952382 -74.0043370234733,1200,Wednesday,20795,Food,2,-999.0,Clouds,293
8231,40.7397735859936 -74.0025758743286,1200,Wednesday,2323,Travel & Transport,-999,-999.0,Clouds,293
8231,40.7397705376034 -74.0025812387466,1200,Wednesday,25174,Travel & Transport,-999,-999.0,Clouds,293
8231,40.7138094466215 -73.95024061203,1200,Wednesday,27480,Travel & Transport,-999,-999.0,Clear,293
8231,40.7141603083044 -73.9493829518952,1200,Wednesday,7436,Food,1,7.2,Clear,293
8231,40.7150559018636 -73.9495034949479,1200,Wednesday,34021,Food,1,5.9,Clear,293
8231,40.7160690082051 -73.94973884069141,1200,Wednesday,23875,Food,1,-999.0,Clear,293
8231,40.7042731757993 -73.9480971546566,0,Thursday,8159,Food,1,-999.0,Clear,293
8231,40.704823937467296 -73.94824065923659,0,Thursday,10585,Residence,-999,-999.0,Clear,293
8231,40.704027666788505 -73.9482234386926,60,Thursday,23931,Travel & Transport,-999,-999.0,Clear,293
8231,40.7267850637436 -74.0034674744571,780,Thursday,18403,Outdoors & Recreation,-999,6.7,Clear,293
8231,40.693212179419 -73.9301037076316,660,Sunday,28156,Residence,-999,-999.0,Clear,293
8231,40.693212179419 -73.9301037076316,660,Sunday,30553,Residence,-999,-999.0,Clear,293
8231,40.693212179419 -73.9301037076316,720,Sunday,5047,Residence,-999,-999.0,Clear,293
8231,40.7065994949756 -73.9475403558783,720,Sunday,35889,Outdoors & Recreation,-999,6.5,Clear,293
8231,40.70701805107021 -73.9501865708271,720,Sunday,28621,Shop & Service,-999,5.5,Clear,293
8231,40.7104396820068 -73.948771,720,Sunday,26932,Shop & Service,-999,-999.0,Clear,293
8231,40.7150559018636 -73.9495034949479,720,Sunday,34021,Food,1,5.9,Clear,293
8231,40.7160690082051 -73.94973884069141,780,Sunday,23875,Food,1,-999.0,Clear,293
8231,40.7159507376023 -73.9495953372234,780,Sunday,26912,Shop & Service,-999,-999.0,Clear,293
8232,40.7267850637436 -74.0034674744571,780,Wednesday,18403,Outdoors & Recreation,-999,6.7,Clear,293
8232,40.727022125085 -74.00527813637991,780,Wednesday,322,Shop & Service,-999,-999.0,Clear,293
8232,40.7269270554884 -74.0054904599932,840,Wednesday,737,Professional & Other Places,-999,8.3,Clear,293
8232,40.7264855460639 -74.00508876647191,840,Wednesday,17277,Food,-999,-999.0,Clear,293
8232,40.693212179419 -73.9301037076316,660,Thursday,28156,Residence,-999,-999.0,Clear,293
8232,40.693212179419 -73.9301037076316,720,Thursday,30553,Residence,-999,-999.0,Clear,293
8232,40.693212179419 -73.9301037076316,720,Thursday,5047,Residence,-999,-999.0,Clear,293
8232,40.689900124899005 -73.9307552780914,720,Thursday,25043,Food,1,-999.0,Clear,293
8232,40.7255768 -74.004252,780,Thursday,10771,Travel & Transport,-999,-999.0,Clear,293
8232,40.7267850637436 -74.0034674744571,780,Thursday,18403,Outdoors & Recreation,-999,6.7,Clear,293
8232,40.7274780889611 -74.0073554545795,780,Thursday,21133,Shop & Service,-999,6.5,Clear,293
8232,40.727022125085 -74.00527813637991,780,Thursday,322,Shop & Service,-999,-999.0,Clear,293
8232,40.6905065842704 -73.93353949725099,720,Friday,6579,Food,1,-999.0,Clear,293
8232,40.6891441345215 -73.9303207397461,720,Friday,23998,Food,1,-999.0,Clear,293
8232,40.679336210457 -73.9302849769592,720,Friday,29725,Travel & Transport,-999,-999.0,Clear,293
8232,40.7267850637436 -74.0034674744571,780,Friday,18403,Outdoors & Recreation,-999,6.7,Clear,293
8232,40.7278966339721 -74.00722347094509,840,Friday,17531,Shop & Service,-999,6.4,Clear,293
8232,40.7264855460639 -74.00508876647191,840,Friday,17277,Food,-999,-999.0,Clear,293
8232,40.7263475952382 -74.0043370234733,1200,Friday,20795,Food,2,-999.0,Clear,293
8232,40.7255768 -74.004252,1200,Friday,10771,Travel & Transport,-999,-999.0,Clear,293
8232,40.7397705376034 -74.0025812387466,1200,Friday,25174,Travel & Transport,-999,-999.0,Clear,293
8232,40.7141603083044 -73.9493829518952,1200,Friday,7436,Food,1,7.2,Clear,293
8232,40.7150559018636 -73.9495034949479,1200,Friday,34021,Food,1,5.9,Clear,293
8232,40.7160690082051 -73.94973884069141,1200,Friday,23875,Food,1,-999.0,Clear,293
8232,40.714049 -73.949311,120,Saturday,8628,Food,1,8.4,Clouds,293
8232,40.7042731757993 -73.9480971546566,120,Saturday,8159,Food,1,-999.0,Clear,293
8232,40.693212179419 -73.9301037076316,720,Saturday,28156,Residence,-999,-999.0,Clear,293
8232,40.693212179419 -73.9301037076316,720,Saturday,30553,Residence,-999,-999.0,Clear,293
8232,40.6905065842704 -73.93353949725099,720,Saturday,6579,Food,1,-999.0,Clear,293
8232,40.69054151282 -73.9337461593477,720,Saturday,18974,Shop & Service,-999,-999.0,Clear,293
8232,40.693212179419 -73.9301037076316,960,Saturday,5047,Residence,-999,-999.0,Clouds,293
8232,40.693212179419 -73.9301037076316,960,Saturday,5047,Residence,-999,-999.0,Clouds,293
8232,40.704027666788505 -73.9482234386926,960,Saturday,23931,Travel & Transport,-999,-999.0,Clouds,293
8232,40.7008972268821 -73.9421100487182,960,Saturday,36549,Shop & Service,-999,5.7,Clear,293
8232,40.7006583704611 -73.9413810212522,960,Saturday,21018,Shop & Service,-999,5.2,Clear,293
8232,40.7042731757993 -73.9480971546566,960,Saturday,8159,Food,1,-999.0,Clear,293
8232,40.7141603083044 -73.9493829518952,960,Saturday,7436,Food,1,7.2,Clear,293
8232,40.7150559018636 -73.9495034949479,960,Saturday,34021,Food,1,5.9,Clear,293
8232,40.7159507376023 -73.9495953372234,1020,Saturday,26912,Shop & Service,-999,-999.0,Clouds,293
8232,40.736355820243205 -74.0291200298405,1080,Saturday,1584,Shop & Service,-999,7.9,Clear,293
8241,40.693212179419 -73.9301037076316,540,Monday,30553,Residence,-999,-999.0,Clear,293
8241,40.6899053708564 -73.9310480535327,720,Monday,25043,Food,1,-999.0,Clear,293
8241,40.6891441345215 -73.9303207397461,720,Monday,23998,Food,1,-999.0,Clear,293
8241,40.6890452721271 -73.9303189844572,720,Monday,22512,Food,1,-999.0,Clear,293
8241,40.679336210457 -73.9302849769592,720,Monday,29725,Travel & Transport,-999,-999.0,Clear,293
8241,40.7255768 -74.004252,780,Monday,10771,Travel & Transport,-999,-999.0,Clear,293
8241,40.7267850637436 -74.0034674744571,840,Monday,18403,Outdoors & Recreation,-999,6.7,Clear,293
8241,40.7269270554884 -74.0054904599932,840,Monday,737,Professional & Other Places,-999,8.3,Clear,293
8241,40.7264855460639 -74.00508876647191,840,Monday,17277,Food,-999,-999.0,Clear,293
8241,40.7255768 -74.004252,1200,Monday,10771,Travel & Transport,-999,-999.0,Clear,293
8241,40.7397735859936 -74.0025758743286,1200,Monday,2323,Travel & Transport,-999,-999.0,Clear,293
8241,40.7138094466215 -73.95024061203,1200,Monday,27480,Travel & Transport,-999,-999.0,Clear,293
8241,40.7150559018636 -73.9495034949479,1200,Monday,34021,Food,1,5.9,Clear,293
8241,40.693212179419 -73.9301037076316,720,Tuesday,28156,Residence,-999,-999.0,Rain,293
8241,40.693212179419 -73.9301037076316,720,Tuesday,30553,Residence,-999,-999.0,Rain,293
8241,40.6899053708564 -73.9310480535327,720,Tuesday,25043,Food,1,-999.0,Rain,293
8241,40.679336210457 -73.9302849769592,720,Tuesday,29725,Travel & Transport,-999,-999.0,Rain,293
8241,40.7255768 -74.004252,780,Tuesday,10771,Travel & Transport,-999,-999.0,Snow,293
8241,40.7267850637436 -74.0034674744571,780,Tuesday,18403,Outdoors & Recreation,-999,6.7,Snow,293
8241,40.7270480371234 -74.0034590298204,780,Tuesday,30399,Shop & Service,-999,-999.0,Snow,293
8241,40.727022125085 -74.00527813637991,780,Tuesday,322,Shop & Service,-999,-999.0,Snow,293
8241,40.7264855460639 -74.00508876647191,780,Tuesday,17277,Food,-999,-999.0,Snow,293
8241,40.7263475952382 -74.0043370234733,1140,Tuesday,20795,Food,2,-999.0,Clouds,293
8241,40.693212179419 -73.9301037076316,660,Wednesday,30553,Residence,-999,-999.0,Clouds,293
8241,40.6899053708564 -73.9310480535327,720,Wednesday,25043,Food,1,-999.0,Clouds,293
8241,40.693212179419 -73.9301037076316,720,Wednesday,5047,Residence,-999,-999.0,Clouds,293
8241,40.679336210457 -73.9302849769592,720,Wednesday,29725,Travel & Transport,-999,-999.0,Clouds,293
8241,40.7255768 -74.004252,720,Wednesday,10771,Travel & Transport,-999,-999.0,Clear,293
8241,40.7267850637436 -74.0034674744571,720,Wednesday,18403,Outdoors & Recreation,-999,6.7,Clear,293
8241,40.7397705376034 -74.0025812387466,1200,Wednesday,25174,Travel & Transport,-999,-999.0,Clear,293
8241,40.7141603083044 -73.9493829518952,1200,Wednesday,7436,Food,1,7.2,Clear,293
8241,40.7160690082051 -73.94973884069141,1200,Wednesday,23875,Food,1,-999.0,Clear,293
8241,40.7159507376023 -73.9495953372234,1260,Wednesday,26912,Shop & Service,-999,-999.0,Clear,293
8241,40.7042731757993 -73.9480971546566,0,Thursday,8159,Food,1,-999.0,Clear,293
8241,40.704823937467296 -73.9481660368683,0,Thursday,10585,Residence,-999,-999.0,Clear,293
8241,40.6905065842704 -73.93353949725099,960,Thursday,6579,Food,1,-999.0,Clear,293
8241,40.69054151282 -73.9337461593477,960,Thursday,18974,Shop & Service,-999,-999.0,Clear,293
8241,40.693212179419 -73.9301037076316,720,Friday,28156,Residence,-999,-999.0,Clouds,293
8241,40.6905065842704 -73.93353949725099,780,Friday,6579,Food,1,-999.0,Clouds,293
8241,40.69054151282 -73.9337461593477,840,Friday,18974,Shop & Service,-999,-999.0,Clouds,293
8241,40.693212179419 -73.9301037076316,840,Friday,5047,Residence,-999,-999.0,Clouds,293
8241,40.7141603083044 -73.9493829518952,960,Friday,7436,Food,1,7.2,Clouds,293
8241,40.7160690082051 -73.94973884069141,960,Friday,23875,Food,1,-999.0,Clouds,293
8241,40.7159507376023 -73.9495953372234,900,Saturday,26912,Shop & Service,-999,-999.0,Clouds,293
8241,40.7141603083044 -73.9493829518952,780,Sunday,7436,Food,1,7.2,Fog,293
8241,40.7160690082051 -73.94973884069141,780,Sunday,23875,Food,1,-999.0,Fog,293
8248,40.7152465317199 -73.94961255764521,180,Monday,10067,Food,1,-999.0,Clouds,293
8248,40.714049 -73.949311,180,Monday,8628,Food,1,8.4,Clouds,293
8248,40.7065994949756 -73.9475403558783,180,Monday,35889,Outdoors & Recreation,-999,6.5,Clouds,293
8248,40.7042731757993 -73.9480971546566,180,Monday,8159,Food,1,-999.0,Clouds,293
8248,40.693212179419 -73.9301037076316,840,Monday,30553,Residence,-999,-999.0,Clouds,293
8248,40.693212179419 -73.9301037076316,840,Monday,5047,Residence,-999,-999.0,Unknown,293
8248,40.6890452721271 -73.9303189844572,840,Monday,22512,Food,1,-999.0,Unknown,293
8248,40.7042731757993 -73.9480971546566,900,Monday,8159,Food,1,-999.0,Unknown,293
8248,40.7045914253599 -73.94804549298179,900,Monday,10585,Residence,-999,-999.0,Unknown,293
8248,40.711258577944 -73.94843582529441,900,Monday,18546,Shop & Service,-999,5.7,Unknown,293
8248,40.714049 -73.949311,900,Monday,8628,Food,1,8.4,Unknown,293
8248,40.7143435925851 -73.9494518336488,900,Monday,7436,Food,1,7.2,Unknown,293
8248,40.7160690082051 -73.94973884069141,960,Monday,23875,Food,1,-999.0,Clouds,293
8248,40.7042731757993 -73.9480971546566,0,Tuesday,8159,Food,1,-999.0,Clouds,293
8248,40.6864823140982 -73.9302902808943,780,Tuesday,22270,Shop & Service,-999,5.7,Clouds,293
8248,40.693212179419 -73.9301037076316,840,Tuesday,5047,Residence,-999,-999.0,Clouds,293
8248,40.7042731757993 -73.9480971546566,900,Tuesday,8159,Food,1,-999.0,Clouds,293
8248,40.7160690082051 -73.94973884069141,960,Tuesday,23875,Food,1,-999.0,Clouds,293
8248,40.693212179419 -73.9301037076316,720,Wednesday,28156,Residence,-999,-999.0,Clouds,293
8248,40.6899053708564 -73.9310480535327,780,Wednesday,25043,Food,1,-999.0,Clouds,293
8248,40.6890452721271 -73.9303189844572,780,Wednesday,22512,Food,1,-999.0,Clouds,293
8248,40.693212179419 -73.9301037076316,540,Thursday,30553,Residence,-999,-999.0,Clear,293
8248,40.69054151282 -73.9337461593477,600,Thursday,18974,Shop & Service,-999,-999.0,Clear,293
8248,40.6905065842704 -73.93353949725099,600,Thursday,6579,Food,1,-999.0,Clear,293
8248,40.693212179419 -73.9301037076316,600,Thursday,5047,Residence,-999,-999.0,Clear,293
8248,40.6891441345215 -73.9303207397461,720,Thursday,23998,Food,1,-999.0,Clouds,293
8248,40.6890452721271 -73.9303189844572,720,Thursday,22512,Food,1,-999.0,Clouds,293
8248,40.7042731757993 -73.9480971546566,780,Thursday,8159,Food,1,-999.0,Clouds,293
8248,40.7152465317199 -73.94961255764521,780,Thursday,10067,Food,1,-999.0,Clouds,293
8248,40.7150559018636 -73.9495034949479,840,Thursday,34021,Food,1,5.9,Clear,293
8248,40.715591767491496 -73.9496240379255,840,Thursday,15377,Food,1,9.2,Clear,293
8248,40.7159507376023 -73.9495953372234,840,Thursday,26912,Shop & Service,-999,-999.0,Clear,293
8248,40.7065994949756 -73.9475403558783,1380,Thursday,35889,Outdoors & Recreation,-999,6.5,Clear,293
8248,40.693212179419 -73.9301037076316,600,Friday,30553,Residence,-999,-999.0,Clouds,293
8248,40.6905065842704 -73.93353949725099,660,Friday,6579,Food,1,-999.0,Clouds,293
8248,40.69054151282 -73.9337461593477,660,Friday,18974,Shop & Service,-999,-999.0,Clouds,293
8248,40.6899053708564 -73.9310480535327,840,Friday,25043,Food,1,-999.0,Clouds,293
8248,40.7045914253599 -73.94804549298179,840,Friday,10585,Residence,-999,-999.0,Clear,293
8248,40.7152465317199 -73.94961255764521,840,Friday,10067,Food,1,-999.0,Clear,293
8248,40.7150559018636 -73.9495034949479,840,Friday,34021,Food,1,5.9,Clear,293
8248,40.7149479466412 -73.94981145858759,840,Friday,28894,Shop & Service,-999,-999.0,Clear,293
8248,40.7160690082051 -73.94973884069141,900,Friday,23875,Food,1,-999.0,Clear,293
8251,40.693212179419 -73.9301037076316,660,Monday,28156,Residence,-999,-999.0,Clouds,293
8251,40.693212179419 -73.9301037076316,720,Monday,30553,Residence,-999,-999.0,Clouds,293
8251,40.6899053708564 -73.9310480535327,720,Monday,25043,Food,1,-999.0,Clouds,293
8251,40.693212179419 -73.9301037076316,720,Monday,5047,Residence,-999,-999.0,Clouds,293
8251,40.6864823140982 -73.9302902808943,720,Monday,22270,Shop & Service,-999,5.7,Clouds,293
8251,40.7255768 -74.004252,780,Monday,10771,Travel & Transport,-999,-999.0,Clouds,293
8251,40.7267850637436 -74.0034674744571,780,Monday,18403,Outdoors & Recreation,-999,6.7,Clouds,293
8251,40.7269465758583 -74.00367135545208,840,Monday,30399,Shop & Service,-999,-999.0,Clouds,293
8251,40.7255768 -74.004252,1200,Monday,10771,Travel & Transport,-999,-999.0,Clear,293
8251,40.7143435925851 -73.9494518336488,1200,Monday,7436,Food,1,7.2,Clear,293
8251,40.7160690082051 -73.94973884069141,1200,Monday,23875,Food,1,-999.0,Clear,293
8251,40.7152465317199 -73.94961255764521,1380,Monday,10067,Food,1,-999.0,Clouds,293
8251,40.7049454492378 -73.94825213959841,1380,Monday,10585,Residence,-999,-999.0,Clouds,293
8251,40.7042731757993 -73.9480971546566,1380,Monday,8159,Food,1,-999.0,Clouds,293
8251,40.693212179419 -73.9301037076316,480,Tuesday,28156,Residence,-999,-999.0,Fog,293
8251,40.693212179419 -73.9301037076316,480,Tuesday,30553,Residence,-999,-999.0,Fog,293
8251,40.6864823140982 -73.9302902808943,480,Tuesday,22270,Shop & Service,-999,5.7,Fog,293
8251,40.6899053708564 -73.9310480535327,720,Tuesday,25043,Food,1,-999.0,Fog,293
8251,40.693212179419 -73.9301037076316,720,Tuesday,5047,Residence,-999,-999.0,Fog,293
8251,40.6890452721271 -73.9303189844572,720,Tuesday,22512,Food,1,-999.0,Fog,293
8251,40.7267850637436 -74.0034674744571,780,Tuesday,18403,Outdoors & Recreation,-999,6.7,Fog,293
8251,40.7398274408644 -73.9864611625671,780,Tuesday,2254,Food,1,-999.0,Fog,293
8251,40.7267586968248 -74.0052953518167,960,Tuesday,737,Professional & Other Places,-999,8.3,Fog,293
8251,40.7264855460639 -74.00508876647191,960,Tuesday,17277,Food,-999,-999.0,Fog,293
8251,40.693212179419 -73.9301037076316,720,Wednesday,28156,Residence,-999,-999.0,Clouds,293
8251,40.693212179419 -73.9301037076316,720,Wednesday,30553,Residence,-999,-999.0,Clouds,293
8251,40.6899053708564 -73.9310480535327,720,Wednesday,25043,Food,1,-999.0,Clouds,293
8251,40.693212179419 -73.9301037076316,720,Wednesday,5047,Residence,-999,-999.0,Clouds,293
8251,40.6891441345215 -73.9303207397461,720,Wednesday,23998,Food,1,-999.0,Clouds,293
8251,40.727161200532606 -74.0055584907532,780,Wednesday,4867,Food,2,6.2,Clouds,293
8251,40.727022125085 -74.00527813637991,780,Wednesday,322,Shop & Service,-999,-999.0,Clouds,293
8251,40.7267586968248 -74.0052953518167,840,Wednesday,737,Professional & Other Places,-999,8.3,Clouds,293
8251,40.7264855460639 -74.00508876647191,840,Wednesday,17277,Food,-999,-999.0,Clouds,293
8251,40.726413955892895 -74.00504285858709,1140,Wednesday,28066,Arts & Entertainment,-999,-999.0,Clear,293
8251,40.7255768 -74.004252,1140,Wednesday,10771,Travel & Transport,-999,-999.0,Clear,293
8251,40.7138094466215 -73.95024061203,1200,Wednesday,27480,Travel & Transport,-999,-999.0,Clear,293
8251,40.7152465317199 -73.94961255764521,1200,Wednesday,10067,Food,1,-999.0,Clear,293
8251,40.7143435925851 -73.9494518336488,1200,Wednesday,7436,Food,1,7.2,Clear,293
8251,40.7150559018636 -73.9495034949479,1200,Wednesday,34021,Food,1,5.9,Clear,293
8251,40.7160690082051 -73.94973884069141,1200,Wednesday,23875,Food,1,-999.0,Clear,293
8251,40.7049454492378 -73.94825213959841,1380,Wednesday,10585,Residence,-999,-999.0,Clear,293
8251,40.693212179419 -73.9301037076316,720,Thursday,28156,Residence,-999,-999.0,Clear,293
8251,40.693212179419 -73.9301037076316,720,Thursday,5047,Residence,-999,-999.0,Clear,293
8251,40.6891441345215 -73.9303207397461,720,Thursday,23998,Food,1,-999.0,Clear,293
8251,40.6890452721271 -73.9303189844572,720,Thursday,22512,Food,1,-999.0,Clear,293
8251,40.679336210457 -73.9302849769592,720,Thursday,29725,Travel & Transport,-999,-999.0,Clear,293
8251,40.7255768 -74.004252,780,Thursday,10771,Travel & Transport,-999,-999.0,Clear,293
8251,40.7267850637436 -74.0034674744571,780,Thursday,18403,Outdoors & Recreation,-999,6.7,Clear,293
8251,40.727022125085 -74.00527813637991,780,Thursday,322,Shop & Service,-999,-999.0,Clear,293
8251,40.7264855460639 -74.00508876647191,900,Thursday,17277,Food,-999,-999.0,Clear,293
8251,40.7143435925851 -73.9494518336488,1200,Thursday,7436,Food,1,7.2,Clouds,293
8251,40.7150559018636 -73.9495034949479,1200,Thursday,34021,Food,1,5.9,Clouds,293
8251,40.7117113027309 -73.9425373077392,1260,Thursday,26912,Shop & Service,-999,-999.0,Clouds,293
8251,40.7152465317199 -73.94961255764521,0,Friday,10067,Food,1,-999.0,Clouds,293
8251,40.7049454492378 -73.94825213959841,0,Friday,10585,Residence,-999,-999.0,Clouds,293
8251,40.7042731757993 -73.9480971546566,0,Friday,8159,Food,1,-999.0,Clouds,293
8251,40.693212179419 -73.9301037076316,480,Friday,28156,Residence,-999,-999.0,Snow,293
8251,40.693212179419 -73.9301037076316,480,Friday,30553,Residence,-999,-999.0,Snow,293
8251,40.693212179419 -73.9301037076316,780,Sunday,28156,Residence,-999,-999.0,Clear,293
8251,40.690652 -73.92427,780,Sunday,5924,Shop & Service,-999,5.4,Clear,293
8251,40.6891441345215 -73.9303207397461,840,Sunday,23998,Food,1,-999.0,Clear,293
8251,40.7049454492378 -73.94825213959841,900,Sunday,10585,Residence,-999,-999.0,Clear,293
8251,40.7152465317199 -73.94961255764521,900,Sunday,10067,Food,1,-999.0,Clear,293
